{
  "bbox": [
    121.785,
    24.707,
    121.844,
    24.785
  ],
  "coordinate_order": [
    "longitude",
    "latitude"
  ],
  "features": [
    {
      "geometry": {
        "coordinates": [
          [
            [
              121.818890051,
              24.723008039
            ],
            [
              121.818940753,
              24.722961985
            ],
            [
              121.819034639,
              24.722952509
            ],
            [
              121.81921548,
              24.722981497
            ],
            [
              121.819276595,
              24.723009254
            ],
            [
              121.819286716,
              24.723073603
            ],
            [
              121.819266213,
              24.723120162
            ],
            [
              121.819203695,
              24.72317695
            ],
            [
              121.819121447,
              24.723195627
            ],
            [
              121.819048243,
              24.723157631
            ],
            [
              121.819047689,
              24.72315738
            ],
            [
              121.819047107,
              24.723157188
            ],
            [
              121.81894083,
              24.723128227
            ],
            [
              121.818890051,
              24.723091328
            ],
            [
              121.818890051,
              24.723008039
            ]
          ]
        ],
        "type": "Polygon"
      },
      "id": "yilan-context-fishpond-0316faafd322cce4",
      "properties": {
        "area_m2_local": 799.6,
        "authority_scope": "context-only",
        "id": "yilan-context-fishpond-0316faafd322cce4",
        "model": "facebook/sam3",
        "prompt": "pond",
        "provenance_refs": [
          "receipts/20261010-context-fishponds-public-r3.receipt.json",
          "decisions/2026-10-10-context-fishponds-public-r3.md"
        ],
        "score": 0.351562,
        "simulation_label": "模擬／AI 衍生",
        "source": "NLSC PHOTO2 live WMTS",
        "source_notice": "模擬／AI 衍生魚塭背景，非現地測繪、完整魚場清冊、即時觀測、診斷或養殖操作建議；不具 topology 或 runtime authority。",
        "source_window_pixel_origin": [
          3072,
          6144
        ],
        "water_colour_fraction": 1.0
      },
      "type": "Feature"
    },
    {
      "geometry": {
        "coordinates": [
          [
            [
              121.821636842,
              24.730499774
            ],
            [
              121.821679291,
              24.730335913
            ],
            [
              121.821754195,
              24.730180406
            ],
            [
              121.821754357,
              24.730180027
            ],
            [
              121.821754485,
              24.730179637
            ],
            [
              121.821754577,
              24.730179238
            ],
            [
              121.821765073,
              24.730122038
            ],
            [
              121.821805162,
              24.730076523
            ],
            [
              121.822023218,
              24.730104817
            ],
            [
              121.822033357,
              24.730187698
            ],
            [
              121.821990867,
              24.730313127
            ],
            [
              121.821873673,
              24.730555048
            ],
            [
              121.821823537,
              24.730582371
            ],
            [
              121.82167642,
              24.730544192
            ],
            [
              121.821646493,
              24.730526071
            ],
            [
              121.821636842,
              24.730499774
            ]
          ]
        ],
        "type": "Polygon"
      },
      "id": "yilan-context-fishpond-10c77a84f6a2d06f",
      "properties": {
        "area_m2_local": 1461.93,
        "authority_scope": "context-only",
        "id": "yilan-context-fishpond-10c77a84f6a2d06f",
        "model": "facebook/sam3",
        "prompt": "pond",
        "provenance_refs": [
          "receipts/20261010-context-fishponds-public-r3.receipt.json",
          "decisions/2026-10-10-context-fishponds-public-r3.md"
        ],
        "score": 0.679688,
        "simulation_label": "模擬／AI 衍生",
        "source": "NLSC PHOTO2 live WMTS",
        "source_notice": "模擬／AI 衍生魚塭背景，非現地測繪、完整魚場清冊、即時觀測、診斷或養殖操作建議；不具 topology 或 runtime authority。",
        "source_window_pixel_origin": [
          3072,
          5376
        ],
        "water_colour_fraction": 1.0
      },
      "type": "Feature"
    },
    {
      "geometry": {
        "coordinates": [
          [
            [
              121.812549345,
              24.770407394
            ],
            [
              121.812560018,
              24.770058522
            ],
            [
              121.812591523,
              24.769953631
            ],
            [
              121.81266352,
              24.769906936
            ],
            [
              121.813141874,
              24.76992624
            ],
            [
              121.81317143,
              24.769962022
            ],
            [
              121.81317143,
              24.770193732
            ],
            [
              121.813150238,
              24.770299566
            ],
            [
              121.81311911,
              24.770346673
            ],
            [
              121.813077047,
              24.770375317
            ],
            [
              121.813076625,
              24.770375636
            ],
            [
              121.813076241,
              24.770375992
            ],
            [
              121.813075898,
              24.770376381
            ],
            [
              121.8130756,
              24.770376799
            ],
            [
              121.813075349,
              24.770377243
            ],
            [
              121.81307515,
              24.770377707
            ],
            [
              121.813054098,
              24.770435051
            ],
            [
              121.813035194,
              24.770452216
            ],
            [
              121.812568727,
              24.77044259
            ],
            [
              121.812549345,
              24.770407394
            ]
          ]
        ],
        "type": "Polygon"
      },
      "id": "yilan-context-fishpond-13ceff37f8c5050d",
      "properties": {
        "area_m2_local": 3477.03,
        "authority_scope": "context-only",
        "id": "yilan-context-fishpond-13ceff37f8c5050d",
        "model": "facebook/sam3",
        "prompt": "pond",
        "provenance_refs": [
          "receipts/20261010-context-fishponds-public-r3.receipt.json",
          "decisions/2026-10-10-context-fishponds-public-r3.md"
        ],
        "score": 0.308594,
        "simulation_label": "模擬／AI 衍生",
        "source": "NLSC PHOTO2 live WMTS",
        "source_notice": "模擬／AI 衍生魚塭背景，非現地測繪、完整魚場清冊、即時觀測、診斷或養殖操作建議；不具 topology 或 runtime authority。",
        "source_window_pixel_origin": [
          2304,
          1536
        ],
        "water_colour_fraction": 1.0
      },
      "type": "Feature"
    },
    {
      "geometry": {
        "coordinates": [
          [
            [
              121.81641169,
              24.738463762
            ],
            [
              121.816493894,
              24.738407767
            ],
            [
              121.816639127,
              24.738407767
            ],
            [
              121.816679195,
              24.738471451
            ],
            [
              121.816626852,
              24.738595055
            ],
            [
              121.816499028,
              24.738720823
            ],
            [
              121.816425695,
              24.73877791
            ],
            [
              121.81641169,
              24.73877791
            ],
            [
              121.81641169,
              24.738463762
            ]
          ]
        ],
        "type": "Polygon"
      },
      "id": "yilan-context-fishpond-159e539cb73fcf4e",
      "properties": {
        "area_m2_local": 733.81,
        "authority_scope": "context-only",
        "id": "yilan-context-fishpond-159e539cb73fcf4e",
        "model": "facebook/sam3",
        "prompt": "pond",
        "provenance_refs": [
          "receipts/20261010-context-fishponds-public-r3.receipt.json",
          "decisions/2026-10-10-context-fishponds-public-r3.md"
        ],
        "score": 0.335938,
        "simulation_label": "模擬／AI 衍生",
        "source": "NLSC PHOTO2 live WMTS",
        "source_notice": "模擬／AI 衍生魚塭背景，非現地測繪、完整魚場清冊、即時觀測、診斷或養殖操作建議；不具 topology 或 runtime authority。",
        "source_window_pixel_origin": [
          3072,
          4608
        ],
        "water_colour_fraction": 0.998652
      },
      "type": "Feature"
    },
    {
      "geometry": {
        "coordinates": [
          [
            [
              121.820145823,
              24.734239841
            ],
            [
              121.820177203,
              24.734078335
            ],
            [
              121.820239489,
              24.734002906
            ],
            [
              121.820300571,
              24.733993659
            ],
            [
              121.820589131,
              24.734061608
            ],
            [
              121.820589584,
              24.734061696
            ],
            [
              121.820590044,
              24.734061749
            ],
            [
              121.82071553,
              24.734071246
            ],
            [
              121.820745827,
              24.734135454
            ],
            [
              121.820735461,
              24.734201361
            ],
            [
              121.820693422,
              24.73426818
            ],
            [
              121.820610484,
              24.734343509
            ],
            [
              121.820549301,
              24.734324985
            ],
            [
              121.820548658,
              24.73432483
            ],
            [
              121.820547998,
              24.734324746
            ],
            [
              121.820410195,
              24.734315119
            ],
            [
              121.82035786,
              24.734277092
            ],
            [
              121.82035741,
              24.734276798
            ],
            [
              121.820356929,
              24.734276546
            ],
            [
              121.820356422,
              24.734276341
            ],
            [
              121.820355895,
              24.734276184
            ],
            [
              121.820355352,
              24.734276076
            ],
            [
              121.820354801,
              24.734276019
            ],
            [
              121.820184763,
              24.734266366
            ],
            [
              121.820145823,
              24.734239841
            ]
          ]
        ],
        "type": "Polygon"
      },
      "id": "yilan-context-fishpond-193ca95a5c54fc01",
      "properties": {
        "area_m2_local": 1658.09,
        "authority_scope": "context-only",
        "id": "yilan-context-fishpond-193ca95a5c54fc01",
        "model": "facebook/sam3",
        "prompt": "pond",
        "provenance_refs": [
          "receipts/20261010-context-fishponds-public-r3.receipt.json",
          "decisions/2026-10-10-context-fishponds-public-r3.md"
        ],
        "score": 0.476562,
        "simulation_label": "模擬／AI 衍生",
        "source": "NLSC PHOTO2 live WMTS",
        "source_notice": "模擬／AI 衍生魚塭背景，非現地測繪、完整魚場清冊、即時觀測、診斷或養殖操作建議；不具 topology 或 runtime authority。",
        "source_window_pixel_origin": [
          3072,
          4608
        ],
        "water_colour_fraction": 1.0
      },
      "type": "Feature"
    },
    {
      "geometry": {
        "coordinates": [
          [
            [
              121.813633343,
              24.748136008
            ],
            [
              121.813654072,
              24.748060706
            ],
            [
              121.813707298,
              24.747964032
            ],
            [
              121.813792262,
              24.74784829
            ],
            [
              121.813843497,
              24.747820373
            ],
            [
              121.814635381,
              24.747839809
            ],
            [
              121.814686954,
              24.747849177
            ],
            [
              121.81470557,
              24.747866082
            ],
            [
              121.81469495,
              24.748126488
            ],
            [
              121.814684724,
              24.748163634
            ],
            [
              121.814655224,
              24.748190424
            ],
            [
              121.813788863,
              24.748180711
            ],
            [
              121.813652136,
              24.748161608
            ],
            [
              121.813633343,
              24.748136008
            ]
          ]
        ],
        "type": "Polygon"
      },
      "id": "yilan-context-fishpond-1ad1b8f92c570d5b",
      "properties": {
        "area_m2_local": 3968.41,
        "authority_scope": "context-only",
        "id": "yilan-context-fishpond-1ad1b8f92c570d5b",
        "model": "facebook/sam3",
        "prompt": "pond",
        "provenance_refs": [
          "receipts/20261010-context-fishponds-public-r3.receipt.json",
          "decisions/2026-10-10-context-fishponds-public-r3.md"
        ],
        "score": 0.519531,
        "simulation_label": "模擬／AI 衍生",
        "source": "NLSC PHOTO2 live WMTS",
        "source_notice": "模擬／AI 衍生魚塭背景，非現地測繪、完整魚場清冊、即時觀測、診斷或養殖操作建議；不具 topology 或 runtime authority。",
        "source_window_pixel_origin": [
          2304,
          3840
        ],
        "water_colour_fraction": 1.0
      },
      "type": "Feature"
    },
    {
      "geometry": {
        "coordinates": [
          [
            [
              121.814759627,
              24.782185992
            ],
            [
              121.814779571,
              24.782131672
            ],
            [
              121.815065546,
              24.782093207
            ],
            [
              121.815170787,
              24.782093207
            ],
            [
              121.81519918,
              24.782110393
            ],
            [
              121.81519918,
              24.782366447
            ],
            [
              121.814819853,
              24.78241428
            ],
            [
              121.814780907,
              24.78238776
            ],
            [
              121.814780907,
              24.782283082
            ],
            [
              121.814780881,
              24.782282595
            ],
            [
              121.814780801,
              24.782282113
            ],
            [
              121.814759627,
              24.782185992
            ]
          ]
        ],
        "type": "Polygon"
      },
      "id": "yilan-context-fishpond-1c0b2457d1907496",
      "properties": {
        "area_m2_local": 1357.9,
        "authority_scope": "context-only",
        "id": "yilan-context-fishpond-1c0b2457d1907496",
        "model": "facebook/sam3",
        "prompt": "pond",
        "provenance_refs": [
          "receipts/20261010-context-fishponds-public-r3.receipt.json",
          "decisions/2026-10-10-context-fishponds-public-r3.md"
        ],
        "score": 0.269531,
        "simulation_label": "模擬／AI 衍生",
        "source": "NLSC PHOTO2 live WMTS",
        "source_notice": "模擬／AI 衍生魚塭背景，非現地測繪、完整魚場清冊、即時觀測、診斷或養殖操作建議；不具 topology 或 runtime authority。",
        "source_window_pixel_origin": [
          2304,
          0
        ],
        "water_colour_fraction": 1.0
      },
      "type": "Feature"
    },
    {
      "geometry": {
        "coordinates": [
          [
            [
              121.814737992,
              24.745000148
            ],
            [
              121.814812907,
              24.744747442
            ],
            [
              121.814813026,
              24.744746935
            ],
            [
              121.814930856,
              24.744075681
            ],
            [
              121.814971669,
              24.744020082
            ],
            [
              121.815085795,
              24.744010659
            ],
            [
              121.815136306,
              24.744029009
            ],
            [
              121.815167568,
              24.744085791
            ],
            [
              121.81516781,
              24.744086186
            ],
            [
              121.815168091,
              24.744086558
            ],
            [
              121.815168409,
              24.744086906
            ],
            [
              121.81516876,
              24.744087226
            ],
            [
              121.815169141,
              24.744087515
            ],
            [
              121.81516955,
              24.744087772
            ],
            [
              121.815253148,
              24.744135223
            ],
            [
              121.815263515,
              24.744219954
            ],
            [
              121.81514566,
              24.74505676
            ],
            [
              121.815114312,
              24.745132679
            ],
            [
              121.815085302,
              24.745150243
            ],
            [
              121.814777605,
              24.745111699
            ],
            [
              121.814737992,
              24.745084717
            ],
            [
              121.814737992,
              24.745000148
            ]
          ]
        ],
        "type": "Polygon"
      },
      "id": "yilan-context-fishpond-1d3a955b7a5b36a4",
      "properties": {
        "area_m2_local": 4527.69,
        "authority_scope": "context-only",
        "id": "yilan-context-fishpond-1d3a955b7a5b36a4",
        "model": "facebook/sam3",
        "prompt": "pond",
        "provenance_refs": [
          "receipts/20261010-context-fishponds-public-r3.receipt.json",
          "decisions/2026-10-10-context-fishponds-public-r3.md"
        ],
        "score": 0.498047,
        "simulation_label": "模擬／AI 衍生",
        "source": "NLSC PHOTO2 live WMTS",
        "source_notice": "模擬／AI 衍生魚塭背景，非現地測繪、完整魚場清冊、即時觀測、診斷或養殖操作建議；不具 topology 或 runtime authority。",
        "source_window_pixel_origin": [
          2304,
          3840
        ],
        "water_colour_fraction": 1.0
      },
      "type": "Feature"
    },
    {
      "geometry": {
        "coordinates": [
          [
            [
              121.824147367,
              24.720461166
            ],
            [
              121.824157386,
              24.720379253
            ],
            [
              121.824270979,
              24.720369873
            ],
            [
              121.824271522,
              24.720369803
            ],
            [
              121.824272053,
              24.720369684
            ],
            [
              121.824272569,
              24.720369517
            ],
            [
              121.824273064,
              24.720369304
            ],
            [
              121.824273532,
              24.720369046
            ],
            [
              121.82427397,
              24.720368748
            ],
            [
              121.824338343,
              24.72032002
            ],
            [
              121.824338736,
              24.720319691
            ],
            [
              121.824339091,
              24.72031933
            ],
            [
              121.824339406,
              24.720318938
            ],
            [
              121.824339677,
              24.72031852
            ],
            [
              121.824339902,
              24.72031808
            ],
            [
              121.824340078,
              24.720317623
            ],
            [
              121.824340203,
              24.720317152
            ],
            [
              121.824340278,
              24.720316671
            ],
            [
              121.824350847,
              24.720211067
            ],
            [
              121.824423853,
              24.720135277
            ],
            [
              121.824571837,
              24.720087269
            ],
            [
              121.824632252,
              24.720087269
            ],
            [
              121.824684298,
              24.720162912
            ],
            [
              121.824684604,
              24.720163312
            ],
            [
              121.824684952,
              24.720163682
            ],
            [
              121.824685339,
              24.72016402
            ],
            [
              121.82468576,
              24.720164321
            ],
            [
              121.824686213,
              24.720164584
            ],
            [
              121.824686691,
              24.720164804
            ],
            [
              121.824687191,
              24.720164981
            ],
            [
              121.824748983,
              24.720183691
            ],
            [
              121.824757696,
              24.720207433
            ],
            [
              121.824685371,
              24.720263745
            ],
            [
              121.824685018,
              24.720264045
            ],
            [
              121.824684697,
              24.720264372
            ],
            [
              121.824684408,
              24.720264724
            ],
            [
              121.824684155,
              24.720265097
            ],
            [
              121.82468394,
              24.72026549
            ],
            [
              121.824641539,
              24.720352149
            ],
            [
              121.824579023,
              24.720399471
            ],
            [
              121.824505026,
              24.720418676
            ],
            [
              121.824504576,
              24.720418812
            ],
            [
              121.82450414,
              24.720418984
            ],
            [
              121.824503722,
              24.72041919
            ],
            [
              121.824397612,
              24.720477021
            ],
            [
              121.824166021,
              24.720486583
            ],
            [
              121.824147367,
              24.720461166
            ]
          ]
        ],
        "type": "Polygon"
      },
      "id": "yilan-context-fishpond-1f04f6e73e53ec78",
      "properties": {
        "area_m2_local": 1412.52,
        "authority_scope": "context-only",
        "id": "yilan-context-fishpond-1f04f6e73e53ec78",
        "model": "facebook/sam3",
        "prompt": "pond",
        "provenance_refs": [
          "receipts/20261010-context-fishponds-public-r3.receipt.json",
          "decisions/2026-10-10-context-fishponds-public-r3.md"
        ],
        "score": 0.539062,
        "simulation_label": "模擬／AI 衍生",
        "source": "NLSC PHOTO2 live WMTS",
        "source_notice": "模擬／AI 衍生魚塭背景，非現地測繪、完整魚場清冊、即時觀測、診斷或養殖操作建議；不具 topology 或 runtime authority。",
        "source_window_pixel_origin": [
          3072,
          6144
        ],
        "water_colour_fraction": 0.984593
      },
      "type": "Feature"
    },
    {
      "geometry": {
        "coordinates": [
          [
            [
              121.814609246,
              24.750992178
            ],
            [
              121.814630312,
              24.750886959
            ],
            [
              121.814659703,
              24.750860267
            ],
            [
              121.814947128,
              24.750860267
            ],
            [
              121.814947711,
              24.750860239
            ],
            [
              121.814948286,
              24.750860154
            ],
            [
              121.814948849,
              24.750860014
            ],
            [
              121.815012384,
              24.750840781
            ],
            [
              121.815107299,
              24.750840781
            ],
            [
              121.815253109,
              24.750878614
            ],
            [
              121.815274119,
              24.751145726
            ],
            [
              121.815223551,
              24.751191648
            ],
            [
              121.815140048,
              24.751201127
            ],
            [
              121.814722841,
              24.751181697
            ],
            [
              121.814628202,
              24.751153049
            ],
            [
              121.814609246,
              24.751135834
            ],
            [
              121.814609246,
              24.750992178
            ]
          ]
        ],
        "type": "Polygon"
      },
      "id": "yilan-context-fishpond-2044798015a72bd4",
      "properties": {
        "area_m2_local": 2403.62,
        "authority_scope": "context-only",
        "id": "yilan-context-fishpond-2044798015a72bd4",
        "model": "facebook/sam3",
        "prompt": "pond",
        "provenance_refs": [
          "receipts/20261010-context-fishponds-public-r3.receipt.json",
          "decisions/2026-10-10-context-fishponds-public-r3.md"
        ],
        "score": 0.460938,
        "simulation_label": "模擬／AI 衍生",
        "source": "NLSC PHOTO2 live WMTS",
        "source_notice": "模擬／AI 衍生魚塭背景，非現地測繪、完整魚場清冊、即時觀測、診斷或養殖操作建議；不具 topology 或 runtime authority。",
        "source_window_pixel_origin": [
          2304,
          3072
        ],
        "water_colour_fraction": 0.998198
      },
      "type": "Feature"
    },
    {
      "geometry": {
        "coordinates": [
          [
            [
              121.821872769,
              24.722438174
            ],
            [
              121.821883345,
              24.722159584
            ],
            [
              121.821913353,
              24.722114155
            ],
            [
              121.822057576,
              24.722104798
            ],
            [
              121.822076364,
              24.722130397
            ],
            [
              121.822076364,
              24.722264905
            ],
            [
              121.822044634,
              24.72242823
            ],
            [
              121.822004889,
              24.722455307
            ],
            [
              121.821901062,
              24.722455307
            ],
            [
              121.821872769,
              24.722438174
            ]
          ]
        ],
        "type": "Polygon"
      },
      "id": "yilan-context-fishpond-20ffe299a02581e4",
      "properties": {
        "area_m2_local": 711.28,
        "authority_scope": "context-only",
        "id": "yilan-context-fishpond-20ffe299a02581e4",
        "model": "facebook/sam3",
        "prompt": "pond",
        "provenance_refs": [
          "receipts/20261010-context-fishponds-public-r3.receipt.json",
          "decisions/2026-10-10-context-fishponds-public-r3.md"
        ],
        "score": 0.628906,
        "simulation_label": "模擬／AI 衍生",
        "source": "NLSC PHOTO2 live WMTS",
        "source_notice": "模擬／AI 衍生魚塭背景，非現地測繪、完整魚場清冊、即時觀測、診斷或養殖操作建議；不具 topology 或 runtime authority。",
        "source_window_pixel_origin": [
          3072,
          6144
        ],
        "water_colour_fraction": 1.0
      },
      "type": "Feature"
    },
    {
      "geometry": {
        "coordinates": [
          [
            [
              121.81982434,
              24.734728901
            ],
            [
              121.819930123,
              24.734546353
            ],
            [
              121.819930364,
              24.734545876
            ],
            [
              121.819930549,
              24.734545378
            ],
            [
              121.819930674,
              24.734544865
            ],
            [
              121.819941296,
              24.734486984
            ],
            [
              121.820004774,
              24.734352458
            ],
            [
              121.820034244,
              24.734334613
            ],
            [
              121.8200963,
              24.734334613
            ],
            [
              121.820308186,
              24.734382725
            ],
            [
              121.820327355,
              24.73440884
            ],
            [
              121.820317026,
              24.734483891
            ],
            [
              121.820210373,
              24.734638879
            ],
            [
              121.820210158,
              24.734639223
            ],
            [
              121.820209973,
              24.734639581
            ],
            [
              121.820124777,
              24.734823357
            ],
            [
              121.820095322,
              24.734841192
            ],
            [
              121.820033881,
              24.734841192
            ],
            [
              121.819843203,
              24.7347546
            ],
            [
              121.81982434,
              24.734728901
            ]
          ]
        ],
        "type": "Polygon"
      },
      "id": "yilan-context-fishpond-2622c13486dc0e00",
      "properties": {
        "area_m2_local": 1744.88,
        "authority_scope": "context-only",
        "id": "yilan-context-fishpond-2622c13486dc0e00",
        "model": "facebook/sam3",
        "prompt": "pond",
        "provenance_refs": [
          "receipts/20261010-context-fishponds-public-r3.receipt.json",
          "decisions/2026-10-10-context-fishponds-public-r3.md"
        ],
        "score": 0.507812,
        "simulation_label": "模擬／AI 衍生",
        "source": "NLSC PHOTO2 live WMTS",
        "source_notice": "模擬／AI 衍生魚塭背景，非現地測繪、完整魚場清冊、即時觀測、診斷或養殖操作建議；不具 topology 或 runtime authority。",
        "source_window_pixel_origin": [
          3072,
          4608
        ],
        "water_colour_fraction": 0.999385
      },
      "type": "Feature"
    },
    {
      "geometry": {
        "coordinates": [
          [
            [
              121.818664746,
              24.734272994
            ],
            [
              121.818770216,
              24.734158041
            ],
            [
              121.818853985,
              24.734110489
            ],
            [
              121.818915098,
              24.734110489
            ],
            [
              121.819053176,
              24.734197311
            ],
            [
              121.819053579,
              24.734197541
            ],
            [
              121.819054003,
              24.734197739
            ],
            [
              121.819054444,
              24.734197902
            ],
            [
              121.819054899,
              24.73419803
            ],
            [
              121.819301662,
              24.734256497
            ],
            [
              121.819302435,
              24.734256627
            ],
            [
              121.819398994,
              24.734266371
            ],
            [
              121.81939944,
              24.734266399
            ],
            [
              121.819399886,
              24.734266394
            ],
            [
              121.81940033,
              24.734266356
            ],
            [
              121.819635698,
              24.734237205
            ],
            [
              121.819826581,
              24.734256469
            ],
            [
              121.819876953,
              24.734293069
            ],
            [
              121.819876953,
              24.734377444
            ],
            [
              121.819813157,
              24.7345223
            ],
            [
              121.819739727,
              24.734627104
            ],
            [
              121.819647355,
              24.734636426
            ],
            [
              121.819605876,
              24.73461759
            ],
            [
              121.819605402,
              24.734617399
            ],
            [
              121.81960491,
              24.734617251
            ],
            [
              121.819604404,
              24.734617146
            ],
            [
              121.819186466,
              24.734549013
            ],
            [
              121.819101098,
              24.734519937
            ],
            [
              121.81910058,
              24.734519787
            ],
            [
              121.819100047,
              24.734519685
            ],
            [
              121.818832736,
              24.734480839
            ],
            [
              121.818695588,
              24.734413765
            ],
            [
              121.818664746,
              24.73435774
            ],
            [
              121.818664746,
              24.734272994
            ]
          ]
        ],
        "type": "Polygon"
      },
      "id": "yilan-context-fishpond-2a6d988db1807b19",
      "properties": {
        "area_m2_local": 4373.2,
        "authority_scope": "context-only",
        "id": "yilan-context-fishpond-2a6d988db1807b19",
        "model": "facebook/sam3",
        "prompt": "pond",
        "provenance_refs": [
          "receipts/20261010-context-fishponds-public-r3.receipt.json",
          "decisions/2026-10-10-context-fishponds-public-r3.md"
        ],
        "score": 0.578125,
        "simulation_label": "模擬／AI 衍生",
        "source": "NLSC PHOTO2 live WMTS",
        "source_notice": "模擬／AI 衍生魚塭背景，非現地測繪、完整魚場清冊、即時觀測、診斷或養殖操作建議；不具 topology 或 runtime authority。",
        "source_window_pixel_origin": [
          3072,
          4608
        ],
        "water_colour_fraction": 1.0
      },
      "type": "Feature"
    },
    {
      "geometry": {
        "coordinates": [
          [
            [
              121.814459052,
              24.764291116
            ],
            [
              121.814469243,
              24.764254102
            ],
            [
              121.814498716,
              24.764227339
            ],
            [
              121.814945103,
              24.76423699
            ],
            [
              121.815006201,
              24.764283223
            ],
            [
              121.815027527,
              24.764631796
            ],
            [
              121.815027594,
              24.764632342
            ],
            [
              121.815027728,
              24.764632879
            ],
            [
              121.815048976,
              24.764700409
            ],
            [
              121.815048976,
              24.764932727
            ],
            [
              121.815039117,
              24.764959584
            ],
            [
              121.81500996,
              24.764977235
            ],
            [
              121.814509161,
              24.764957884
            ],
            [
              121.81446973,
              24.76493103
            ],
            [
              121.814459052,
              24.764291116
            ]
          ]
        ],
        "type": "Polygon"
      },
      "id": "yilan-context-fishpond-2ac53b12fb18ecda",
      "properties": {
        "area_m2_local": 4641.61,
        "authority_scope": "context-only",
        "id": "yilan-context-fishpond-2ac53b12fb18ecda",
        "model": "facebook/sam3",
        "prompt": "pond",
        "provenance_refs": [
          "receipts/20261010-context-fishponds-public-r3.receipt.json",
          "decisions/2026-10-10-context-fishponds-public-r3.md"
        ],
        "score": 0.351562,
        "simulation_label": "模擬／AI 衍生",
        "source": "NLSC PHOTO2 live WMTS",
        "source_notice": "模擬／AI 衍生魚塭背景，非現地測繪、完整魚場清冊、即時觀測、診斷或養殖操作建議；不具 topology 或 runtime authority。",
        "source_window_pixel_origin": [
          2304,
          1536
        ],
        "water_colour_fraction": 1.0
      },
      "type": "Feature"
    },
    {
      "geometry": {
        "coordinates": [
          [
            [
              121.81553204,
              24.744539147
            ],
            [
              121.815542629,
              24.744308353
            ],
            [
              121.815606888,
              24.744055462
            ],
            [
              121.815606978,
              24.744055014
            ],
            [
              121.815607023,
              24.74405456
            ],
            [
              121.815607021,
              24.744054105
            ],
            [
              121.815606973,
              24.744053652
            ],
            [
              121.815596426,
              24.7439866
            ],
            [
              121.815638935,
              24.743870781
            ],
            [
              121.815639074,
              24.743870332
            ],
            [
              121.815639166,
              24.743869873
            ],
            [
              121.81563921,
              24.743869408
            ],
            [
              121.815649868,
              24.74361775
            ],
            [
              121.815702326,
              24.74356058
            ],
            [
              121.815702659,
              24.743560177
            ],
            [
              121.815702945,
              24.743559746
            ],
            [
              121.815703181,
              24.74355929
            ],
            [
              121.815703365,
              24.743558815
            ],
            [
              121.815703494,
              24.743558326
            ],
            [
              121.815703568,
              24.743557827
            ],
            [
              121.815714132,
              24.743442704
            ],
            [
              121.815775931,
              24.743386579
            ],
            [
              121.815880917,
              24.743367509
            ],
            [
              121.816061493,
              24.743377156
            ],
            [
              121.816100402,
              24.743394825
            ],
            [
              121.816100402,
              24.743419837
            ],
            [
              121.816058061,
              24.743496744
            ],
            [
              121.81605784,
              24.743497203
            ],
            [
              121.816057671,
              24.743497681
            ],
            [
              121.816014755,
              24.743643838
            ],
            [
              121.816014634,
              24.743644367
            ],
            [
              121.816014576,
              24.743644905
            ],
            [
              121.816003871,
              24.743878253
            ],
            [
              121.815982548,
              24.743955714
            ],
            [
              121.815982439,
              24.743956219
            ],
            [
              121.815982389,
              24.743956731
            ],
            [
              121.815982397,
              24.743957245
            ],
            [
              121.815982465,
              24.743957756
            ],
            [
              121.81598259,
              24.743958257
            ],
            [
              121.815982773,
              24.743958744
            ],
            [
              121.81598301,
              24.743959211
            ],
            [
              121.815983299,
              24.743959653
            ],
            [
              121.816026214,
              24.744018116
            ],
            [
              121.816026525,
              24.744018499
            ],
            [
              121.816026876,
              24.744018852
            ],
            [
              121.816027262,
              24.744019174
            ],
            [
              121.81602768,
              24.74401946
            ],
            [
              121.816028127,
              24.744019708
            ],
            [
              121.816028598,
              24.744019917
            ],
            [
              121.816101868,
              24.744048435
            ],
            [
              121.816121779,
              24.744084602
            ],
            [
              121.816111184,
              24.744238566
            ],
            [
              121.81603645,
              24.744451877
            ],
            [
              121.815983563,
              24.744538334
            ],
            [
              121.815921784,
              24.744585089
            ],
            [
              121.815752466,
              24.744565868
            ],
            [
              121.815751791,
              24.744565829
            ],
            [
              121.815571214,
              24.744565829
            ],
            [
              121.81553204,
              24.744539147
            ]
          ]
        ],
        "type": "Polygon"
      },
      "id": "yilan-context-fishpond-2b7973f5d995d387",
      "properties": {
        "area_m2_local": 5815.59,
        "authority_scope": "context-only",
        "id": "yilan-context-fishpond-2b7973f5d995d387",
        "model": "facebook/sam3",
        "prompt": "pond",
        "provenance_refs": [
          "receipts/20261010-context-fishponds-public-r3.receipt.json",
          "decisions/2026-10-10-context-fishponds-public-r3.md"
        ],
        "score": 0.550781,
        "simulation_label": "模擬／AI 衍生",
        "source": "NLSC PHOTO2 live WMTS",
        "source_notice": "模擬／AI 衍生魚塭背景，非現地測繪、完整魚場清冊、即時觀測、診斷或養殖操作建議；不具 topology 或 runtime authority。",
        "source_window_pixel_origin": [
          2304,
          3840
        ],
        "water_colour_fraction": 1.0
      },
      "type": "Feature"
    },
    {
      "geometry": {
        "coordinates": [
          [
            [
              121.814684382,
              24.750319508
            ],
            [
              121.814705565,
              24.750165604
            ],
            [
              121.814757154,
              24.750109385
            ],
            [
              121.81489425,
              24.750071076
            ],
            [
              121.815438794,
              24.750080773
            ],
            [
              121.815477932,
              24.75010743
            ],
            [
              121.815467449,
              24.750240719
            ],
            [
              121.815424793,
              24.750395668
            ],
            [
              121.815394377,
              24.750450912
            ],
            [
              121.814936658,
              24.750450912
            ],
            [
              121.814713557,
              24.750431616
            ],
            [
              121.814694856,
              24.750414633
            ],
            [
              121.814684382,
              24.750319508
            ]
          ]
        ],
        "type": "Polygon"
      },
      "id": "yilan-context-fishpond-2c6e10d4f4407356",
      "properties": {
        "area_m2_local": 3097.59,
        "authority_scope": "context-only",
        "id": "yilan-context-fishpond-2c6e10d4f4407356",
        "model": "facebook/sam3",
        "prompt": "pond",
        "provenance_refs": [
          "receipts/20261010-context-fishponds-public-r3.receipt.json",
          "decisions/2026-10-10-context-fishponds-public-r3.md"
        ],
        "score": 0.472656,
        "simulation_label": "模擬／AI 衍生",
        "source": "NLSC PHOTO2 live WMTS",
        "source_notice": "模擬／AI 衍生魚塭背景，非現地測繪、完整魚場清冊、即時觀測、診斷或養殖操作建議；不具 topology 或 runtime authority。",
        "source_window_pixel_origin": [
          2304,
          3072
        ],
        "water_colour_fraction": 1.0
      },
      "type": "Feature"
    },
    {
      "geometry": {
        "coordinates": [
          [
            [
              121.81641169,
              24.730523682
            ],
            [
              121.816470475,
              24.730514783
            ],
            [
              121.816564038,
              24.730533668
            ],
            [
              121.81659415,
              24.730570135
            ],
            [
              121.816615239,
              24.730723371
            ],
            [
              121.816466644,
              24.731022224
            ],
            [
              121.81641169,
              24.731038862
            ],
            [
              121.81641169,
              24.730523682
            ]
          ]
        ],
        "type": "Polygon"
      },
      "id": "yilan-context-fishpond-321bd26c6335eb95",
      "properties": {
        "area_m2_local": 860.9,
        "authority_scope": "context-only",
        "id": "yilan-context-fishpond-321bd26c6335eb95",
        "model": "facebook/sam3",
        "prompt": "pond",
        "provenance_refs": [
          "receipts/20261010-context-fishponds-public-r3.receipt.json",
          "decisions/2026-10-10-context-fishponds-public-r3.md"
        ],
        "score": 0.644531,
        "simulation_label": "模擬／AI 衍生",
        "source": "NLSC PHOTO2 live WMTS",
        "source_notice": "模擬／AI 衍生魚塭背景，非現地測繪、完整魚場清冊、即時觀測、診斷或養殖操作建議；不具 topology 或 runtime authority。",
        "source_window_pixel_origin": [
          3072,
          5376
        ],
        "water_colour_fraction": 1.0
      },
      "type": "Feature"
    },
    {
      "geometry": {
        "coordinates": [
          [
            [
              121.821153836,
              24.73006235
            ],
            [
              121.821250074,
              24.729819539
            ],
            [
              121.821250254,
              24.729818982
            ],
            [
              121.821250362,
              24.729818411
            ],
            [
              121.821260984,
              24.729731582
            ],
            [
              121.821281433,
              24.729694434
            ],
            [
              121.821321708,
              24.729666998
            ],
            [
              121.821479931,
              24.729676579
            ],
            [
              121.821575052,
              24.729705379
            ],
            [
              121.821647211,
              24.729752193
            ],
            [
              121.821647211,
              24.729895335
            ],
            [
              121.821583029,
              24.73018681
            ],
            [
              121.821551613,
              24.730262903
            ],
            [
              121.821490794,
              24.730299731
            ],
            [
              121.821194161,
              24.730222752
            ],
            [
              121.821153836,
              24.730186125
            ],
            [
              121.821153836,
              24.73006235
            ]
          ]
        ],
        "type": "Polygon"
      },
      "id": "yilan-context-fishpond-33c11feefcf40d54",
      "properties": {
        "area_m2_local": 2704.33,
        "authority_scope": "context-only",
        "id": "yilan-context-fishpond-33c11feefcf40d54",
        "model": "facebook/sam3",
        "prompt": "pond",
        "provenance_refs": [
          "receipts/20261010-context-fishponds-public-r3.receipt.json",
          "decisions/2026-10-10-context-fishponds-public-r3.md"
        ],
        "score": 0.585938,
        "simulation_label": "模擬／AI 衍生",
        "source": "NLSC PHOTO2 live WMTS",
        "source_notice": "模擬／AI 衍生魚塭背景，非現地測繪、完整魚場清冊、即時觀測、診斷或養殖操作建議；不具 topology 或 runtime authority。",
        "source_window_pixel_origin": [
          3072,
          5376
        ],
        "water_colour_fraction": 1.0
      },
      "type": "Feature"
    },
    {
      "geometry": {
        "coordinates": [
          [
            [
              121.818772142,
              24.725804418
            ],
            [
              121.818801501,
              24.725768861
            ],
            [
              121.818872834,
              24.725768861
            ],
            [
              121.818923341,
              24.725787212
            ],
            [
              121.81894348,
              24.725832944
            ],
            [
              121.818922139,
              24.726152782
            ],
            [
              121.818890769,
              24.726238265
            ],
            [
              121.818861506,
              24.726255985
            ],
            [
              121.818823601,
              24.726255985
            ],
            [
              121.81880408,
              24.726220524
            ],
            [
              121.818793474,
              24.72613382
            ],
            [
              121.818772142,
              24.725804418
            ]
          ]
        ],
        "type": "Polygon"
      },
      "id": "yilan-context-fishpond-35f2b88688b9d263",
      "properties": {
        "area_m2_local": 749.25,
        "authority_scope": "context-only",
        "id": "yilan-context-fishpond-35f2b88688b9d263",
        "model": "facebook/sam3",
        "prompt": "pond",
        "provenance_refs": [
          "receipts/20261010-context-fishponds-public-r3.receipt.json",
          "decisions/2026-10-10-context-fishponds-public-r3.md"
        ],
        "score": 0.652344,
        "simulation_label": "模擬／AI 衍生",
        "source": "NLSC PHOTO2 live WMTS",
        "source_notice": "模擬／AI 衍生魚塭背景，非現地測繪、完整魚場清冊、即時觀測、診斷或養殖操作建議；不具 topology 或 runtime authority。",
        "source_window_pixel_origin": [
          3072,
          6144
        ],
        "water_colour_fraction": 1.0
      },
      "type": "Feature"
    },
    {
      "geometry": {
        "coordinates": [
          [
            [
              121.818063931,
              24.726759095
            ],
            [
              121.818104612,
              24.726685194
            ],
            [
              121.818214536,
              24.72669427
            ],
            [
              121.818235478,
              24.726855957
            ],
            [
              121.818235569,
              24.726856447
            ],
            [
              121.818235714,
              24.726856927
            ],
            [
              121.818235911,
              24.72685739
            ],
            [
              121.818236159,
              24.726857833
            ],
            [
              121.818236454,
              24.726858252
            ],
            [
              121.818289327,
              24.726925487
            ],
            [
              121.818299814,
              24.726992163
            ],
            [
              121.818299814,
              24.727106707
            ],
            [
              121.81828494,
              24.727120217
            ],
            [
              121.818213394,
              24.727008813
            ],
            [
              121.818213142,
              24.727008457
            ],
            [
              121.818212857,
              24.727008121
            ],
            [
              121.818212542,
              24.727007809
            ],
            [
              121.818169626,
              24.726968828
            ],
            [
              121.818169257,
              24.726968522
            ],
            [
              121.818168858,
              24.726968249
            ],
            [
              121.818168433,
              24.726968009
            ],
            [
              121.818167986,
              24.726967806
            ],
            [
              121.81816752,
              24.726967641
            ],
            [
              121.81816704,
              24.726967516
            ],
            [
              121.818166549,
              24.726967431
            ],
            [
              121.818093242,
              24.726957919
            ],
            [
              121.818063931,
              24.726931295
            ],
            [
              121.818063931,
              24.726759095
            ]
          ]
        ],
        "type": "Polygon"
      },
      "id": "yilan-context-fishpond-3865b68c215cf387",
      "properties": {
        "area_m2_local": 650.02,
        "authority_scope": "context-only",
        "id": "yilan-context-fishpond-3865b68c215cf387",
        "model": "facebook/sam3",
        "prompt": "pond",
        "provenance_refs": [
          "receipts/20261010-context-fishponds-public-r3.receipt.json",
          "decisions/2026-10-10-context-fishponds-public-r3.md"
        ],
        "score": 0.605469,
        "simulation_label": "模擬／AI 衍生",
        "source": "NLSC PHOTO2 live WMTS",
        "source_notice": "模擬／AI 衍生魚塭背景，非現地測繪、完整魚場清冊、即時觀測、診斷或養殖操作建議；不具 topology 或 runtime authority。",
        "source_window_pixel_origin": [
          3072,
          5376
        ],
        "water_colour_fraction": 1.0
      },
      "type": "Feature"
    },
    {
      "geometry": {
        "coordinates": [
          [
            [
              121.8202848,
              24.733834012
            ],
            [
              121.820326999,
              24.733766939
            ],
            [
              121.820327241,
              24.733766506
            ],
            [
              121.820327435,
              24.733766054
            ],
            [
              121.820327579,
              24.733765586
            ],
            [
              121.820327672,
              24.733765109
            ],
            [
              121.820327713,
              24.733764625
            ],
            [
              121.820327702,
              24.733764139
            ],
            [
              121.820327638,
              24.733763658
            ],
            [
              121.820327523,
              24.733763184
            ],
            [
              121.820327356,
              24.733762722
            ],
            [
              121.820327141,
              24.733762278
            ],
            [
              121.820307095,
              24.733725864
            ],
            [
              121.82034826,
              24.733669782
            ],
            [
              121.820348561,
              24.733669318
            ],
            [
              121.820348806,
              24.733668827
            ],
            [
              121.820348989,
              24.733668315
            ],
            [
              121.820391716,
              24.733522788
            ],
            [
              121.820464875,
              24.733408878
            ],
            [
              121.820642856,
              24.733408878
            ],
            [
              121.820791312,
              24.733476296
            ],
            [
              121.820865905,
              24.733534368
            ],
            [
              121.820866279,
              24.733534635
            ],
            [
              121.820866678,
              24.733534871
            ],
            [
              121.820867098,
              24.733535074
            ],
            [
              121.820867535,
              24.733535243
            ],
            [
              121.820951723,
              24.733563917
            ],
            [
              121.820971757,
              24.733591211
            ],
            [
              121.82100348,
              24.733687256
            ],
            [
              121.82100348,
              24.733763321
            ],
            [
              121.820918443,
              24.733917793
            ],
            [
              121.820887821,
              24.733954877
            ],
            [
              121.820719007,
              24.733983626
            ],
            [
              121.820506556,
              24.73396433
            ],
            [
              121.820475497,
              24.733945524
            ],
            [
              121.820475076,
              24.733945293
            ],
            [
              121.820474635,
              24.733945098
            ],
            [
              121.820474175,
              24.73394494
            ],
            [
              121.820473702,
              24.733944821
            ],
            [
              121.820335066,
              24.733915762
            ],
            [
              121.8202848,
              24.73388837
            ],
            [
              121.8202848,
              24.733834012
            ]
          ]
        ],
        "type": "Polygon"
      },
      "id": "yilan-context-fishpond-3e2a7afb76e110eb",
      "properties": {
        "area_m2_local": 3528.11,
        "authority_scope": "context-only",
        "id": "yilan-context-fishpond-3e2a7afb76e110eb",
        "model": "facebook/sam3",
        "prompt": "pond",
        "provenance_refs": [
          "receipts/20261010-context-fishponds-public-r3.receipt.json",
          "decisions/2026-10-10-context-fishponds-public-r3.md"
        ],
        "score": 0.435547,
        "simulation_label": "模擬／AI 衍生",
        "source": "NLSC PHOTO2 live WMTS",
        "source_notice": "模擬／AI 衍生魚塭背景，非現地測繪、完整魚場清冊、即時觀測、診斷或養殖操作建議；不具 topology 或 runtime authority。",
        "source_window_pixel_origin": [
          3072,
          5376
        ],
        "water_colour_fraction": 1.0
      },
      "type": "Feature"
    },
    {
      "geometry": {
        "coordinates": [
          [
            [
              121.81346126,
              24.748400805
            ],
            [
              121.813482286,
              24.748343522
            ],
            [
              121.813545903,
              24.748237602
            ],
            [
              121.813597152,
              24.748200369
            ],
            [
              121.814592349,
              24.748219805
            ],
            [
              121.814632486,
              24.748228918
            ],
            [
              121.814662611,
              24.748274515
            ],
            [
              121.814641367,
              24.748506033
            ],
            [
              121.814621149,
              24.748551935
            ],
            [
              121.814592221,
              24.748560692
            ],
            [
              121.81355369,
              24.748550969
            ],
            [
              121.813491856,
              24.748522892
            ],
            [
              121.81346126,
              24.748476582
            ],
            [
              121.81346126,
              24.748400805
            ]
          ]
        ],
        "type": "Polygon"
      },
      "id": "yilan-context-fishpond-3f00cb76062dddd3",
      "properties": {
        "area_m2_local": 4474.88,
        "authority_scope": "context-only",
        "id": "yilan-context-fishpond-3f00cb76062dddd3",
        "model": "facebook/sam3",
        "prompt": "pond",
        "provenance_refs": [
          "receipts/20261010-context-fishponds-public-r3.receipt.json",
          "decisions/2026-10-10-context-fishponds-public-r3.md"
        ],
        "score": 0.527344,
        "simulation_label": "模擬／AI 衍生",
        "source": "NLSC PHOTO2 live WMTS",
        "source_notice": "模擬／AI 衍生魚塭背景，非現地測繪、完整魚場清冊、即時觀測、診斷或養殖操作建議；不具 topology 或 runtime authority。",
        "source_window_pixel_origin": [
          2304,
          3840
        ],
        "water_colour_fraction": 1.0
      },
      "type": "Feature"
    },
    {
      "geometry": {
        "coordinates": [
          [
            [
              121.813182311,
              24.772191507
            ],
            [
              121.813203437,
              24.772028455
            ],
            [
              121.813232161,
              24.772011067
            ],
            [
              121.813347862,
              24.772011067
            ],
            [
              121.813560328,
              24.772059296
            ],
            [
              121.813578992,
              24.772076243
            ],
            [
              121.813568432,
              24.772239239
            ],
            [
              121.813526216,
              24.772411729
            ],
            [
              121.813454704,
              24.772439557
            ],
            [
              121.81328492,
              24.772439557
            ],
            [
              121.813212616,
              24.7724208
            ],
            [
              121.813182311,
              24.772374938
            ],
            [
              121.813182311,
              24.772191507
            ]
          ]
        ],
        "type": "Polygon"
      },
      "id": "yilan-context-fishpond-41953a405c8c1655",
      "properties": {
        "area_m2_local": 1696.28,
        "authority_scope": "context-only",
        "id": "yilan-context-fishpond-41953a405c8c1655",
        "model": "facebook/sam3",
        "prompt": "pond",
        "provenance_refs": [
          "receipts/20261010-context-fishponds-public-r3.receipt.json",
          "decisions/2026-10-10-context-fishponds-public-r3.md"
        ],
        "score": 0.328125,
        "simulation_label": "模擬／AI 衍生",
        "source": "NLSC PHOTO2 live WMTS",
        "source_notice": "模擬／AI 衍生魚塭背景，非現地測繪、完整魚場清冊、即時觀測、診斷或養殖操作建議；不具 topology 或 runtime authority。",
        "source_window_pixel_origin": [
          2304,
          768
        ],
        "water_colour_fraction": 0.999371
      },
      "type": "Feature"
    },
    {
      "geometry": {
        "coordinates": [
          [
            [
              121.815885977,
              24.741969771
            ],
            [
              121.815918001,
              24.741853434
            ],
            [
              121.815918109,
              24.741852934
            ],
            [
              121.815950296,
              24.741648311
            ],
            [
              121.81595035,
              24.741647612
            ],
            [
              121.81595035,
              24.741541121
            ],
            [
              121.815970396,
              24.7414774
            ],
            [
              121.816137285,
              24.741486873
            ],
            [
              121.816285781,
              24.741515772
            ],
            [
              121.816347934,
              24.741562812
            ],
            [
              121.816357962,
              24.741590134
            ],
            [
              121.816368597,
              24.741715702
            ],
            [
              121.816347274,
              24.741870625
            ],
            [
              121.816315258,
              24.741957857
            ],
            [
              121.816315104,
              24.741958367
            ],
            [
              121.81631501,
              24.74195889
            ],
            [
              121.816314979,
              24.741959419
            ],
            [
              121.816314979,
              24.742065436
            ],
            [
              121.816273828,
              24.742140183
            ],
            [
              121.816169789,
              24.742159081
            ],
            [
              121.81591507,
              24.742149442
            ],
            [
              121.815885977,
              24.74212302
            ],
            [
              121.815885977,
              24.741969771
            ]
          ]
        ],
        "type": "Polygon"
      },
      "id": "yilan-context-fishpond-42325d93d859fae0",
      "properties": {
        "area_m2_local": 3079.9,
        "authority_scope": "context-only",
        "id": "yilan-context-fishpond-42325d93d859fae0",
        "model": "facebook/sam3",
        "prompt": "pond",
        "provenance_refs": [
          "receipts/20261010-context-fishponds-public-r3.receipt.json",
          "decisions/2026-10-10-context-fishponds-public-r3.md"
        ],
        "score": 0.347656,
        "simulation_label": "模擬／AI 衍生",
        "source": "NLSC PHOTO2 live WMTS",
        "source_notice": "模擬／AI 衍生魚塭背景，非現地測繪、完整魚場清冊、即時觀測、診斷或養殖操作建議；不具 topology 或 runtime authority。",
        "source_window_pixel_origin": [
          2304,
          3840
        ],
        "water_colour_fraction": 1.0
      },
      "type": "Feature"
    },
    {
      "geometry": {
        "coordinates": [
          [
            [
              121.811047272,
              24.763161397
            ],
            [
              121.811067926,
              24.76311451
            ],
            [
              121.811119616,
              24.763067573
            ],
            [
              121.811171117,
              24.76305822
            ],
            [
              121.811459458,
              24.76305822
            ],
            [
              121.811565982,
              24.763087239
            ],
            [
              121.811566495,
              24.763087354
            ],
            [
              121.811567017,
              24.763087424
            ],
            [
              121.811567545,
              24.763087447
            ],
            [
              121.812081767,
              24.763087447
            ],
            [
              121.81215233,
              24.763105754
            ],
            [
              121.812162841,
              24.763382542
            ],
            [
              121.812144599,
              24.763399106
            ],
            [
              121.811664431,
              24.763408796
            ],
            [
              121.81151467,
              24.763389368
            ],
            [
              121.811513901,
              24.763389319
            ],
            [
              121.811213795,
              24.763389319
            ],
            [
              121.811118499,
              24.763379704
            ],
            [
              121.811078073,
              24.76336135
            ],
            [
              121.811047272,
              24.763305413
            ],
            [
              121.811047272,
              24.763161397
            ]
          ]
        ],
        "type": "Polygon"
      },
      "id": "yilan-context-fishpond-42fbe8b91db9ceb9",
      "properties": {
        "area_m2_local": 3939.77,
        "authority_scope": "context-only",
        "id": "yilan-context-fishpond-42fbe8b91db9ceb9",
        "model": "facebook/sam3",
        "prompt": "pond",
        "provenance_refs": [
          "receipts/20261010-context-fishponds-public-r3.receipt.json",
          "decisions/2026-10-10-context-fishponds-public-r3.md"
        ],
        "score": 0.554688,
        "simulation_label": "模擬／AI 衍生",
        "source": "NLSC PHOTO2 live WMTS",
        "source_notice": "模擬／AI 衍生魚塭背景，非現地測繪、完整魚場清冊、即時觀測、診斷或養殖操作建議；不具 topology 或 runtime authority。",
        "source_window_pixel_origin": [
          2304,
          2304
        ],
        "water_colour_fraction": 0.998901
      },
      "type": "Feature"
    },
    {
      "geometry": {
        "coordinates": [
          [
            [
              121.821153836,
              24.729428761
            ],
            [
              121.821174808,
              24.729362089
            ],
            [
              121.821204959,
              24.729325575
            ],
            [
              121.821308411,
              24.729316178
            ],
            [
              121.821425094,
              24.729364352
            ],
            [
              121.821425548,
              24.729364518
            ],
            [
              121.821426017,
              24.729364645
            ],
            [
              121.821426497,
              24.729364734
            ],
            [
              121.821629513,
              24.72939385
            ],
            [
              121.821690126,
              24.729421377
            ],
            [
              121.821690126,
              24.729465882
            ],
            [
              121.821616668,
              24.729599324
            ],
            [
              121.8215446,
              24.729618026
            ],
            [
              121.821460686,
              24.729618026
            ],
            [
              121.821365182,
              24.729579473
            ],
            [
              121.821364715,
              24.729579307
            ],
            [
              121.821364234,
              24.729579182
            ],
            [
              121.821363742,
              24.729579096
            ],
            [
              121.821214918,
              24.729559786
            ],
            [
              121.821174145,
              24.72953201
            ],
            [
              121.821153836,
              24.729495117
            ],
            [
              121.821153836,
              24.729428761
            ]
          ]
        ],
        "type": "Polygon"
      },
      "id": "yilan-context-fishpond-434ccdbd7b9e33b1",
      "properties": {
        "area_m2_local": 1311.38,
        "authority_scope": "context-only",
        "id": "yilan-context-fishpond-434ccdbd7b9e33b1",
        "model": "facebook/sam3",
        "prompt": "pond",
        "provenance_refs": [
          "receipts/20261010-context-fishponds-public-r3.receipt.json",
          "decisions/2026-10-10-context-fishponds-public-r3.md"
        ],
        "score": 0.726562,
        "simulation_label": "模擬／AI 衍生",
        "source": "NLSC PHOTO2 live WMTS",
        "source_notice": "模擬／AI 衍生魚塭背景，非現地測繪、完整魚場清冊、即時觀測、診斷或養殖操作建議；不具 topology 或 runtime authority。",
        "source_window_pixel_origin": [
          3072,
          5376
        ],
        "water_colour_fraction": 0.998397
      },
      "type": "Feature"
    },
    {
      "geometry": {
        "coordinates": [
          [
            [
              121.821035819,
              24.72257924
            ],
            [
              121.821054363,
              24.722562395
            ],
            [
              121.821138005,
              24.722552898
            ],
            [
              121.821328532,
              24.722552898
            ],
            [
              121.821346803,
              24.722569494
            ],
            [
              121.821346803,
              24.722791593
            ],
            [
              121.821346858,
              24.722792292
            ],
            [
              121.821368184,
              24.722927891
            ],
            [
              121.821358288,
              24.722972834
            ],
            [
              121.821286976,
              24.722991342
            ],
            [
              121.821076281,
              24.723000911
            ],
            [
              121.821046363,
              24.722955619
            ],
            [
              121.821035819,
              24.722878995
            ],
            [
              121.821035819,
              24.72257924
            ]
          ]
        ],
        "type": "Polygon"
      },
      "id": "yilan-context-fishpond-441e1a9423d4d501",
      "properties": {
        "area_m2_local": 1542.38,
        "authority_scope": "context-only",
        "id": "yilan-context-fishpond-441e1a9423d4d501",
        "model": "facebook/sam3",
        "prompt": "pond",
        "provenance_refs": [
          "receipts/20261010-context-fishponds-public-r3.receipt.json",
          "decisions/2026-10-10-context-fishponds-public-r3.md"
        ],
        "score": 0.699219,
        "simulation_label": "模擬／AI 衍生",
        "source": "NLSC PHOTO2 live WMTS",
        "source_notice": "模擬／AI 衍生魚塭背景，非現地測繪、完整魚場清冊、即時觀測、診斷或養殖操作建議；不具 topology 或 runtime authority。",
        "source_window_pixel_origin": [
          3072,
          6144
        ],
        "water_colour_fraction": 1.0
      },
      "type": "Feature"
    },
    {
      "geometry": {
        "coordinates": [
          [
            [
              121.820542292,
              24.725610413
            ],
            [
              121.820635278,
              24.725544721
            ],
            [
              121.820717832,
              24.725544721
            ],
            [
              121.820810361,
              24.725591413
            ],
            [
              121.820810361,
              24.725655675
            ],
            [
              121.820767915,
              24.725742424
            ],
            [
              121.820767711,
              24.725742906
            ],
            [
              121.820767564,
              24.725743405
            ],
            [
              121.820767476,
              24.725743915
            ],
            [
              121.820767446,
              24.72574443
            ],
            [
              121.820767446,
              24.725938772
            ],
            [
              121.82073575,
              24.726063531
            ],
            [
              121.82069522,
              24.726100345
            ],
            [
              121.820626146,
              24.726109308
            ],
            [
              121.820607339,
              24.7260666
            ],
            [
              121.820648667,
              24.726010291
            ],
            [
              121.820648941,
              24.726009876
            ],
            [
              121.820649168,
              24.726009438
            ],
            [
              121.820649347,
              24.726008982
            ],
            [
              121.820649476,
              24.726008513
            ],
            [
              121.820649554,
              24.726008034
            ],
            [
              121.820649581,
              24.726007551
            ],
            [
              121.820649581,
              24.725929589
            ],
            [
              121.820649556,
              24.725929123
            ],
            [
              121.820649484,
              24.725928661
            ],
            [
              121.820649364,
              24.725928208
            ],
            [
              121.820649197,
              24.725927767
            ],
            [
              121.820648985,
              24.725927342
            ],
            [
              121.82064873,
              24.725926937
            ],
            [
              121.820574624,
              24.725821161
            ],
            [
              121.820585185,
              24.725715642
            ],
            [
              121.820585207,
              24.72571514
            ],
            [
              121.820585173,
              24.725714639
            ],
            [
              121.820585083,
              24.725714144
            ],
            [
              121.820584938,
              24.72571366
            ],
            [
              121.82058474,
              24.725713191
            ],
            [
              121.820584491,
              24.725712743
            ],
            [
              121.820542292,
              24.725645666
            ],
            [
              121.820542292,
              24.725610413
            ]
          ]
        ],
        "type": "Polygon"
      },
      "id": "yilan-context-fishpond-4444966f2651039e",
      "properties": {
        "area_m2_local": 1056.84,
        "authority_scope": "context-only",
        "id": "yilan-context-fishpond-4444966f2651039e",
        "model": "facebook/sam3",
        "prompt": "pond",
        "provenance_refs": [
          "receipts/20261010-context-fishponds-public-r3.receipt.json",
          "decisions/2026-10-10-context-fishponds-public-r3.md"
        ],
        "score": 0.664062,
        "simulation_label": "模擬／AI 衍生",
        "source": "NLSC PHOTO2 live WMTS",
        "source_notice": "模擬／AI 衍生魚塭背景，非現地測繪、完整魚場清冊、即時觀測、診斷或養殖操作建議；不具 topology 或 runtime authority。",
        "source_window_pixel_origin": [
          3072,
          5376
        ],
        "water_colour_fraction": 1.0
      },
      "type": "Feature"
    },
    {
      "geometry": {
        "coordinates": [
          [
            [
              121.815875369,
              24.742376812
            ],
            [
              121.815885799,
              24.742225258
            ],
            [
              121.815946469,
              24.742188524
            ],
            [
              121.816241032,
              24.742198079
            ],
            [
              121.816261293,
              24.742271681
            ],
            [
              121.816250785,
              24.742424375
            ],
            [
              121.816222213,
              24.742441675
            ],
            [
              121.815999224,
              24.742441675
            ],
            [
              121.815915825,
              24.742422739
            ],
            [
              121.815875369,
              24.742376812
            ]
          ]
        ],
        "type": "Polygon"
      },
      "id": "yilan-context-fishpond-4454ecdbded1e1ae",
      "properties": {
        "area_m2_local": 1005.53,
        "authority_scope": "context-only",
        "id": "yilan-context-fishpond-4454ecdbded1e1ae",
        "model": "facebook/sam3",
        "prompt": "pond",
        "provenance_refs": [
          "receipts/20261010-context-fishponds-public-r3.receipt.json",
          "decisions/2026-10-10-context-fishponds-public-r3.md"
        ],
        "score": 0.335938,
        "simulation_label": "模擬／AI 衍生",
        "source": "NLSC PHOTO2 live WMTS",
        "source_notice": "模擬／AI 衍生魚塭背景，非現地測繪、完整魚場清冊、即時觀測、診斷或養殖操作建議；不具 topology 或 runtime authority。",
        "source_window_pixel_origin": [
          2304,
          3840
        ],
        "water_colour_fraction": 0.992798
      },
      "type": "Feature"
    },
    {
      "geometry": {
        "coordinates": [
          [
            [
              121.820070223,
              24.725170627
            ],
            [
              121.820101836,
              24.725113198
            ],
            [
              121.82010204,
              24.72511278
            ],
            [
              121.820102201,
              24.725112346
            ],
            [
              121.820102317,
              24.7251119
            ],
            [
              121.820102387,
              24.725111447
            ],
            [
              121.82010241,
              24.725110989
            ],
            [
              121.82010241,
              24.725054934
            ],
            [
              121.820195396,
              24.724989241
            ],
            [
              121.820287835,
              24.724989241
            ],
            [
              121.820306106,
              24.725005837
            ],
            [
              121.820306106,
              24.725100078
            ],
            [
              121.820274494,
              24.725157506
            ],
            [
              121.820274257,
              24.725158002
            ],
            [
              121.820274082,
              24.725158517
            ],
            [
              121.820231635,
              24.72531274
            ],
            [
              121.820191326,
              24.7253402
            ],
            [
              121.820130384,
              24.725349426
            ],
            [
              121.820101541,
              24.72533196
            ],
            [
              121.820070223,
              24.725246621
            ],
            [
              121.820070223,
              24.725170627
            ]
          ]
        ],
        "type": "Polygon"
      },
      "id": "yilan-context-fishpond-4462ce01f6bdd08b",
      "properties": {
        "area_m2_local": 693.63,
        "authority_scope": "context-only",
        "id": "yilan-context-fishpond-4462ce01f6bdd08b",
        "model": "facebook/sam3",
        "prompt": "pond",
        "provenance_refs": [
          "receipts/20261010-context-fishponds-public-r3.receipt.json",
          "decisions/2026-10-10-context-fishponds-public-r3.md"
        ],
        "score": 0.333984,
        "simulation_label": "模擬／AI 衍生",
        "source": "NLSC PHOTO2 live WMTS",
        "source_notice": "模擬／AI 衍生魚塭背景，非現地測繪、完整魚場清冊、即時觀測、診斷或養殖操作建議；不具 topology 或 runtime authority。",
        "source_window_pixel_origin": [
          3072,
          5376
        ],
        "water_colour_fraction": 0.942611
      },
      "type": "Feature"
    },
    {
      "geometry": {
        "coordinates": [
          [
            [
              121.813997702,
              24.771647734
            ],
            [
              121.814015973,
              24.771631145
            ],
            [
              121.81422807,
              24.771631145
            ],
            [
              121.814355547,
              24.77164079
            ],
            [
              121.814394316,
              24.771658391
            ],
            [
              121.814373228,
              24.771983897
            ],
            [
              121.814344523,
              24.772001273
            ],
            [
              121.814164255,
              24.772010901
            ],
            [
              121.814051346,
              24.771992262
            ],
            [
              121.814051346,
              24.771752845
            ],
            [
              121.81405132,
              24.771752355
            ],
            [
              121.814051239,
              24.771751871
            ],
            [
              121.814051107,
              24.771751395
            ],
            [
              121.814050923,
              24.771750934
            ],
            [
              121.81405069,
              24.771750492
            ],
            [
              121.81405041,
              24.771750073
            ],
            [
              121.814050085,
              24.771749682
            ],
            [
              121.813997702,
              24.771692606
            ],
            [
              121.813997702,
              24.771647734
            ]
          ]
        ],
        "type": "Polygon"
      },
      "id": "yilan-context-fishpond-44a6cc6fe7390a00",
      "properties": {
        "area_m2_local": 1431.32,
        "authority_scope": "context-only",
        "id": "yilan-context-fishpond-44a6cc6fe7390a00",
        "model": "facebook/sam3",
        "prompt": "pond",
        "provenance_refs": [
          "receipts/20261010-context-fishponds-public-r3.receipt.json",
          "decisions/2026-10-10-context-fishponds-public-r3.md"
        ],
        "score": 0.257812,
        "simulation_label": "模擬／AI 衍生",
        "source": "NLSC PHOTO2 live WMTS",
        "source_notice": "模擬／AI 衍生魚塭背景，非現地測繪、完整魚場清冊、即時觀測、診斷或養殖操作建議；不具 topology 或 runtime authority。",
        "source_window_pixel_origin": [
          2304,
          768
        ],
        "water_colour_fraction": 0.999264
      },
      "type": "Feature"
    },
    {
      "geometry": {
        "coordinates": [
          [
            [
              121.815714444,
              24.743184584
            ],
            [
              121.815725014,
              24.742963795
            ],
            [
              121.815767776,
              24.742818157
            ],
            [
              121.815767895,
              24.742817648
            ],
            [
              121.815767953,
              24.74281713
            ],
            [
              121.815778656,
              24.742622735
            ],
            [
              121.815810411,
              24.742507374
            ],
            [
              121.815861627,
              24.742451556
            ],
            [
              121.815943862,
              24.742451556
            ],
            [
              121.815996534,
              24.742470691
            ],
            [
              121.815997095,
              24.742470863
            ],
            [
              121.815997674,
              24.742470979
            ],
            [
              121.815998263,
              24.742471037
            ],
            [
              121.815998856,
              24.742471037
            ],
            [
              121.816190307,
              24.742461377
            ],
            [
              121.816240947,
              24.742488972
            ],
            [
              121.816261229,
              24.742535023
            ],
            [
              121.816239949,
              24.742728287
            ],
            [
              121.816207882,
              24.742835072
            ],
            [
              121.816207767,
              24.742835547
            ],
            [
              121.816207704,
              24.74283603
            ],
            [
              121.816207693,
              24.742836517
            ],
            [
              121.816218371,
              24.743166233
            ],
            [
              121.816178033,
              24.743221185
            ],
            [
              121.815774896,
              24.743221185
            ],
            [
              121.815714444,
              24.743184584
            ]
          ]
        ],
        "type": "Polygon"
      },
      "id": "yilan-context-fishpond-471ffaa273612965",
      "properties": {
        "area_m2_local": 3996.64,
        "authority_scope": "context-only",
        "id": "yilan-context-fishpond-471ffaa273612965",
        "model": "facebook/sam3",
        "prompt": "pond",
        "provenance_refs": [
          "receipts/20261010-context-fishponds-public-r3.receipt.json",
          "decisions/2026-10-10-context-fishponds-public-r3.md"
        ],
        "score": 0.484375,
        "simulation_label": "模擬／AI 衍生",
        "source": "NLSC PHOTO2 live WMTS",
        "source_notice": "模擬／AI 衍生魚塭背景，非現地測繪、完整魚場清冊、即時觀測、診斷或養殖操作建議；不具 topology 或 runtime authority。",
        "source_window_pixel_origin": [
          2304,
          3840
        ],
        "water_colour_fraction": 1.0
      },
      "type": "Feature"
    },
    {
      "geometry": {
        "coordinates": [
          [
            [
              121.824190693,
              24.719787486
            ],
            [
              121.824243342,
              24.719529233
            ],
            [
              121.824272741,
              24.719502528
            ],
            [
              121.824709772,
              24.719502528
            ],
            [
              121.824802466,
              24.719521239
            ],
            [
              121.824812143,
              24.719556398
            ],
            [
              121.824790886,
              24.719730178
            ],
            [
              121.824749433,
              24.7198149
            ],
            [
              121.824506475,
              24.719862877
            ],
            [
              121.824240292,
              24.719814519
            ],
            [
              121.824190693,
              24.719787486
            ]
          ]
        ],
        "type": "Polygon"
      },
      "id": "yilan-context-fishpond-5063070e96ff408d",
      "properties": {
        "area_m2_local": 2142.55,
        "authority_scope": "context-only",
        "id": "yilan-context-fishpond-5063070e96ff408d",
        "model": "facebook/sam3",
        "prompt": "pond",
        "provenance_refs": [
          "receipts/20261010-context-fishponds-public-r3.receipt.json",
          "decisions/2026-10-10-context-fishponds-public-r3.md"
        ],
        "score": 0.628906,
        "simulation_label": "模擬／AI 衍生",
        "source": "NLSC PHOTO2 live WMTS",
        "source_notice": "模擬／AI 衍生魚塭背景，非現地測繪、完整魚場清冊、即時觀測、診斷或養殖操作建議；不具 topology 或 runtime authority。",
        "source_window_pixel_origin": [
          3072,
          6144
        ],
        "water_colour_fraction": 0.964806
      },
      "type": "Feature"
    },
    {
      "geometry": {
        "coordinates": [
          [
            [
              121.825017522,
              24.720902166
            ],
            [
              121.82510019,
              24.72083646
            ],
            [
              121.825100597,
              24.720836102
            ],
            [
              121.82510096,
              24.720835706
            ],
            [
              121.825164361,
              24.720758918
            ],
            [
              121.825280857,
              24.720720438
            ],
            [
              121.825281403,
              24.720720227
            ],
            [
              121.82528192,
              24.720719962
            ],
            [
              121.825282403,
              24.720719648
            ],
            [
              121.825282845,
              24.720719288
            ],
            [
              121.825347218,
              24.720660815
            ],
            [
              121.825347557,
              24.720660476
            ],
            [
              121.825347861,
              24.720660111
            ],
            [
              121.825348126,
              24.720659721
            ],
            [
              121.82534835,
              24.720659311
            ],
            [
              121.825348532,
              24.720658883
            ],
            [
              121.825357951,
              24.720633216
            ],
            [
              121.825556762,
              24.720642721
            ],
            [
              121.82571611,
              24.720700619
            ],
            [
              121.825767871,
              24.720738233
            ],
            [
              121.82578832,
              24.720793957
            ],
            [
              121.825778398,
              24.720830008
            ],
            [
              121.825490725,
              24.721052605
            ],
            [
              121.825439714,
              24.721071139
            ],
            [
              121.825238332,
              24.721013373
            ],
            [
              121.825131593,
              24.720955199
            ],
            [
              121.825131078,
              24.720954951
            ],
            [
              121.825130536,
              24.720954755
            ],
            [
              121.825129974,
              24.720954612
            ],
            [
              121.825035942,
              24.720935631
            ],
            [
              121.825017522,
              24.720902166
            ]
          ]
        ],
        "type": "Polygon"
      },
      "id": "yilan-context-fishpond-539983245f466687",
      "properties": {
        "area_m2_local": 2324.08,
        "authority_scope": "context-only",
        "id": "yilan-context-fishpond-539983245f466687",
        "model": "facebook/sam3",
        "prompt": "pond",
        "provenance_refs": [
          "receipts/20261010-context-fishponds-public-r3.receipt.json",
          "decisions/2026-10-10-context-fishponds-public-r3.md"
        ],
        "score": 0.671875,
        "simulation_label": "模擬／AI 衍生",
        "source": "NLSC PHOTO2 live WMTS",
        "source_notice": "模擬／AI 衍生魚塭背景，非現地測繪、完整魚場清冊、即時觀測、診斷或養殖操作建議；不具 topology 或 runtime authority。",
        "source_window_pixel_origin": [
          3072,
          6144
        ],
        "water_colour_fraction": 0.931776
      },
      "type": "Feature"
    },
    {
      "geometry": {
        "coordinates": [
          [
            [
              121.820198969,
              24.732161242
            ],
            [
              121.820354384,
              24.732151831
            ],
            [
              121.820578936,
              24.732171256
            ],
            [
              121.820727575,
              24.732200185
            ],
            [
              121.820778175,
              24.732236952
            ],
            [
              121.820778175,
              24.732292164
            ],
            [
              121.820703713,
              24.732475735
            ],
            [
              121.820662201,
              24.732522865
            ],
            [
              121.820589906,
              24.732551007
            ],
            [
              121.820484275,
              24.732531818
            ],
            [
              121.820483595,
              24.732531735
            ],
            [
              121.820335293,
              24.732522114
            ],
            [
              121.820198969,
              24.732407819
            ],
            [
              121.820198969,
              24.732161242
            ]
          ]
        ],
        "type": "Polygon"
      },
      "id": "yilan-context-fishpond-53bdac2f816f70a6",
      "properties": {
        "area_m2_local": 2115.2,
        "authority_scope": "context-only",
        "id": "yilan-context-fishpond-53bdac2f816f70a6",
        "model": "facebook/sam3",
        "prompt": "pond",
        "provenance_refs": [
          "receipts/20261010-context-fishponds-public-r3.receipt.json",
          "decisions/2026-10-10-context-fishponds-public-r3.md"
        ],
        "score": 0.435547,
        "simulation_label": "模擬／AI 衍生",
        "source": "NLSC PHOTO2 live WMTS",
        "source_notice": "模擬／AI 衍生魚塭背景，非現地測繪、完整魚場清冊、即時觀測、診斷或養殖操作建議；不具 topology 或 runtime authority。",
        "source_window_pixel_origin": [
          3072,
          5376
        ],
        "water_colour_fraction": 1.0
      },
      "type": "Feature"
    },
    {
      "geometry": {
        "coordinates": [
          [
            [
              121.821003632,
              24.722208031
            ],
            [
              121.821033861,
              24.722153114
            ],
            [
              121.82147029,
              24.722124108
            ],
            [
              121.821640122,
              24.722133749
            ],
            [
              121.821668805,
              24.722151119
            ],
            [
              121.821679379,
              24.722352813
            ],
            [
              121.821668897,
              24.722419458
            ],
            [
              121.821649291,
              24.722446172
            ],
            [
              121.821566034,
              24.722465079
            ],
            [
              121.821074691,
              24.722484484
            ],
            [
              121.821024453,
              24.722457104
            ],
            [
              121.821003632,
              24.722371996
            ],
            [
              121.821003632,
              24.722208031
            ]
          ]
        ],
        "type": "Polygon"
      },
      "id": "yilan-context-fishpond-5786edf4496d29f9",
      "properties": {
        "area_m2_local": 2492.04,
        "authority_scope": "context-only",
        "id": "yilan-context-fishpond-5786edf4496d29f9",
        "model": "facebook/sam3",
        "prompt": "pond",
        "provenance_refs": [
          "receipts/20261010-context-fishponds-public-r3.receipt.json",
          "decisions/2026-10-10-context-fishponds-public-r3.md"
        ],
        "score": 0.726562,
        "simulation_label": "模擬／AI 衍生",
        "source": "NLSC PHOTO2 live WMTS",
        "source_notice": "模擬／AI 衍生魚塭背景，非現地測繪、完整魚場清冊、即時觀測、診斷或養殖操作建議；不具 topology 或 runtime authority。",
        "source_window_pixel_origin": [
          3072,
          6144
        ],
        "water_colour_fraction": 0.998684
      },
      "type": "Feature"
    },
    {
      "geometry": {
        "coordinates": [
          [
            [
              121.81327887,
              24.75930276
            ],
            [
              121.813310714,
              24.759081063
            ],
            [
              121.81335064,
              24.759053871
            ],
            [
              121.813434562,
              24.759044346
            ],
            [
              121.813849778,
              24.759063681
            ],
            [
              121.813868804,
              24.759089598
            ],
            [
              121.813868804,
              24.759399689
            ],
            [
              121.813858138,
              24.759535289
            ],
            [
              121.813827367,
              24.759619117
            ],
            [
              121.813498949,
              24.759628737
            ],
            [
              121.813308114,
              24.759609483
            ],
            [
              121.81327887,
              24.759582927
            ],
            [
              121.81327887,
              24.75930276
            ]
          ]
        ],
        "type": "Polygon"
      },
      "id": "yilan-context-fishpond-57f5b22fac4cb2ae",
      "properties": {
        "area_m2_local": 3673.69,
        "authority_scope": "context-only",
        "id": "yilan-context-fishpond-57f5b22fac4cb2ae",
        "model": "facebook/sam3",
        "prompt": "pond",
        "provenance_refs": [
          "receipts/20261010-context-fishponds-public-r3.receipt.json",
          "decisions/2026-10-10-context-fishponds-public-r3.md"
        ],
        "score": 0.408203,
        "simulation_label": "模擬／AI 衍生",
        "source": "NLSC PHOTO2 live WMTS",
        "source_notice": "模擬／AI 衍生魚塭背景，非現地測繪、完整魚場清冊、即時觀測、診斷或養殖操作建議；不具 topology 或 runtime authority。",
        "source_window_pixel_origin": [
          2304,
          2304
        ],
        "water_colour_fraction": 1.0
      },
      "type": "Feature"
    },
    {
      "geometry": {
        "coordinates": [
          [
            [
              121.822151618,
              24.722705931
            ],
            [
              121.822171482,
              24.722687887
            ],
            [
              121.822171859,
              24.722687508
            ],
            [
              121.82217219,
              24.722687095
            ],
            [
              121.822172472,
              24.722686654
            ],
            [
              121.822172703,
              24.722686189
            ],
            [
              121.82217288,
              24.722685704
            ],
            [
              121.822173001,
              24.722685206
            ],
            [
              121.822183343,
              24.722628844
            ],
            [
              121.822211693,
              24.722611676
            ],
            [
              121.822313676,
              24.722630203
            ],
            [
              121.822355187,
              24.722743322
            ],
            [
              121.822334314,
              24.722876041
            ],
            [
              121.822295332,
              24.722893746
            ],
            [
              121.822180818,
              24.72288429
            ],
            [
              121.822162126,
              24.722867311
            ],
            [
              121.822151618,
              24.722771856
            ],
            [
              121.822151618,
              24.722705931
            ]
          ]
        ],
        "type": "Polygon"
      },
      "id": "yilan-context-fishpond-588b21fcd2806a49",
      "properties": {
        "area_m2_local": 529.89,
        "authority_scope": "context-only",
        "id": "yilan-context-fishpond-588b21fcd2806a49",
        "model": "facebook/sam3",
        "prompt": "pond",
        "provenance_refs": [
          "receipts/20261010-context-fishponds-public-r3.receipt.json",
          "decisions/2026-10-10-context-fishponds-public-r3.md"
        ],
        "score": 0.535156,
        "simulation_label": "模擬／AI 衍生",
        "source": "NLSC PHOTO2 live WMTS",
        "source_notice": "模擬／AI 衍生魚塭背景，非現地測繪、完整魚場清冊、即時觀測、診斷或養殖操作建議；不具 topology 或 runtime authority。",
        "source_window_pixel_origin": [
          3072,
          6144
        ],
        "water_colour_fraction": 1.0
      },
      "type": "Feature"
    },
    {
      "geometry": {
        "coordinates": [
          [
            [
              121.821668882,
              24.720122122
            ],
            [
              121.821688978,
              24.720076486
            ],
            [
              121.821835984,
              24.720028795
            ],
            [
              121.822047364,
              24.720028795
            ],
            [
              121.822076793,
              24.720055527
            ],
            [
              121.822087046,
              24.720102096
            ],
            [
              121.822065866,
              24.720323342
            ],
            [
              121.822026083,
              24.720350445
            ],
            [
              121.821931,
              24.720360042
            ],
            [
              121.821930483,
              24.720360117
            ],
            [
              121.821929978,
              24.720360237
            ],
            [
              121.821760646,
              24.720408304
            ],
            [
              121.821710901,
              24.720381192
            ],
            [
              121.821679502,
              24.720286121
            ],
            [
              121.821668882,
              24.720122122
            ]
          ]
        ],
        "type": "Polygon"
      },
      "id": "yilan-context-fishpond-5da1e10508968d6d",
      "properties": {
        "area_m2_local": 1480.31,
        "authority_scope": "context-only",
        "id": "yilan-context-fishpond-5da1e10508968d6d",
        "model": "facebook/sam3",
        "prompt": "pond",
        "provenance_refs": [
          "receipts/20261010-context-fishponds-public-r3.receipt.json",
          "decisions/2026-10-10-context-fishponds-public-r3.md"
        ],
        "score": 0.53125,
        "simulation_label": "模擬／AI 衍生",
        "source": "NLSC PHOTO2 live WMTS",
        "source_notice": "模擬／AI 衍生魚塭背景，非現地測繪、完整魚場清冊、即時觀測、診斷或養殖操作建議；不具 topology 或 runtime authority。",
        "source_window_pixel_origin": [
          3072,
          6144
        ],
        "water_colour_fraction": 1.0
      },
      "type": "Feature"
    },
    {
      "geometry": {
        "coordinates": [
          [
            [
              121.820231332,
              24.739063546
            ],
            [
              121.820241834,
              24.738939552
            ],
            [
              121.820295252,
              24.738745489
            ],
            [
              121.820337975,
              24.738658183
            ],
            [
              121.82033815,
              24.73865778
            ],
            [
              121.820338285,
              24.738657364
            ],
            [
              121.820338379,
              24.738656939
            ],
            [
              121.820391962,
              24.738345481
            ],
            [
              121.820488404,
              24.738063243
            ],
            [
              121.820488539,
              24.738062763
            ],
            [
              121.820488621,
              24.738062273
            ],
            [
              121.820488648,
              24.738061778
            ],
            [
              121.820488648,
              24.737955579
            ],
            [
              121.820541721,
              24.737839893
            ],
            [
              121.820638076,
              24.737694038
            ],
            [
              121.820638311,
              24.737693643
            ],
            [
              121.820638505,
              24.737693231
            ],
            [
              121.820702658,
              24.737537855
            ],
            [
              121.820788142,
              24.737421396
            ],
            [
              121.820788391,
              24.737421021
            ],
            [
              121.820788603,
              24.737420627
            ],
            [
              121.820788776,
              24.737420218
            ],
            [
              121.820810234,
              24.737361752
            ],
            [
              121.820810388,
              24.737361242
            ],
            [
              121.820810482,
              24.737360719
            ],
            [
              121.820810513,
              24.73736019
            ],
            [
              121.820810513,
              24.737224721
            ],
            [
              121.820830645,
              24.73717901
            ],
            [
              121.820855818,
              24.737171389
            ],
            [
              121.82091765,
              24.737293065
            ],
            [
              121.82091765,
              24.737427449
            ],
            [
              121.82081075,
              24.737670173
            ],
            [
              121.820810558,
              24.737670692
            ],
            [
              121.82081043,
              24.737671227
            ],
            [
              121.820767616,
              24.737914255
            ],
            [
              121.82071422,
              24.738030645
            ],
            [
              121.820714039,
              24.738031104
            ],
            [
              121.820713907,
              24.738031577
            ],
            [
              121.820713828,
              24.738032059
            ],
            [
              121.820713802,
              24.738032545
            ],
            [
              121.820713828,
              24.738033032
            ],
            [
              121.820713907,
              24.738033514
            ],
            [
              121.820723619,
              24.738077616
            ],
            [
              121.820685736,
              24.738086218
            ],
            [
              121.820685256,
              24.738086349
            ],
            [
              121.82068479,
              24.738086519
            ],
            [
              121.820684344,
              24.738086727
            ],
            [
              121.820683922,
              24.738086972
            ],
            [
              121.820683525,
              24.738087252
            ],
            [
              121.820683159,
              24.738087563
            ],
            [
              121.820682826,
              24.738087904
            ],
            [
              121.820682529,
              24.738088271
            ],
            [
              121.820661071,
              24.738117503
            ],
            [
              121.820660757,
              24.73811799
            ],
            [
              121.820660505,
              24.738118507
            ],
            [
              121.82066032,
              24.738119046
            ],
            [
              121.820585279,
              24.738391664
            ],
            [
              121.820510259,
              24.738586335
            ],
            [
              121.820510089,
              24.738586871
            ],
            [
              121.820509987,
              24.738587421
            ],
            [
              121.820499322,
              24.738674599
            ],
            [
              121.820392338,
              24.738966095
            ],
            [
              121.820339262,
              24.739062506
            ],
            [
              121.820309293,
              24.739089724
            ],
            [
              121.820260156,
              24.739089724
            ],
            [
              121.820231332,
              24.739063546
            ]
          ]
        ],
        "type": "Polygon"
      },
      "id": "yilan-context-fishpond-6274d478c9cd3da2",
      "properties": {
        "area_m2_local": 3717.87,
        "authority_scope": "context-only",
        "id": "yilan-context-fishpond-6274d478c9cd3da2",
        "model": "facebook/sam3",
        "prompt": "pond",
        "provenance_refs": [
          "receipts/20261010-context-fishponds-public-r3.receipt.json",
          "decisions/2026-10-10-context-fishponds-public-r3.md"
        ],
        "score": 0.462891,
        "simulation_label": "模擬／AI 衍生",
        "source": "NLSC PHOTO2 live WMTS",
        "source_notice": "模擬／AI 衍生魚塭背景，非現地測繪、完整魚場清冊、即時觀測、診斷或養殖操作建議；不具 topology 或 runtime authority。",
        "source_window_pixel_origin": [
          3072,
          4608
        ],
        "water_colour_fraction": 0.999152
      },
      "type": "Feature"
    },
    {
      "geometry": {
        "coordinates": [
          [
            [
              121.822430753,
              24.721058134
            ],
            [
              121.822449497,
              24.721032595
            ],
            [
              121.822541497,
              24.721032595
            ],
            [
              121.82257076,
              24.721050316
            ],
            [
              121.822580508,
              24.721076881
            ],
            [
              121.822570164,
              24.721152052
            ],
            [
              121.822551619,
              24.721168897
            ],
            [
              121.822491007,
              24.721168897
            ],
            [
              121.822440965,
              24.721141624
            ],
            [
              121.822430753,
              24.721058134
            ]
          ]
        ],
        "type": "Polygon"
      },
      "id": "yilan-context-fishpond-6298064ebc0a82c1",
      "properties": {
        "area_m2_local": 197.0,
        "authority_scope": "context-only",
        "id": "yilan-context-fishpond-6298064ebc0a82c1",
        "model": "facebook/sam3",
        "prompt": "pond",
        "provenance_refs": [
          "receipts/20261010-context-fishponds-public-r3.receipt.json",
          "decisions/2026-10-10-context-fishponds-public-r3.md"
        ],
        "score": 0.337891,
        "simulation_label": "模擬／AI 衍生",
        "source": "NLSC PHOTO2 live WMTS",
        "source_notice": "模擬／AI 衍生魚塭背景，非現地測繪、完整魚場清冊、即時觀測、診斷或養殖操作建議；不具 topology 或 runtime authority。",
        "source_window_pixel_origin": [
          3072,
          6144
        ],
        "water_colour_fraction": 0.912037
      },
      "type": "Feature"
    },
    {
      "geometry": {
        "coordinates": [
          [
            [
              121.820317245,
              24.72438735
            ],
            [
              121.820338334,
              24.724167061
            ],
            [
              121.820380785,
              24.724089941
            ],
            [
              121.820381022,
              24.724089446
            ],
            [
              121.820381197,
              24.72408893
            ],
            [
              121.820413018,
              24.723973313
            ],
            [
              121.820442616,
              24.723946429
            ],
            [
              121.820780959,
              24.723936825
            ],
            [
              121.82081051,
              24.723972614
            ],
            [
              121.820821083,
              24.724087862
            ],
            [
              121.820810443,
              24.724406802
            ],
            [
              121.820771138,
              24.724433578
            ],
            [
              121.820377633,
              24.724423918
            ],
            [
              121.820317245,
              24.72438735
            ]
          ]
        ],
        "type": "Polygon"
      },
      "id": "yilan-context-fishpond-684fe935b37bae46",
      "properties": {
        "area_m2_local": 2498.27,
        "authority_scope": "context-only",
        "id": "yilan-context-fishpond-684fe935b37bae46",
        "model": "facebook/sam3",
        "prompt": "pond",
        "provenance_refs": [
          "receipts/20261010-context-fishponds-public-r3.receipt.json",
          "decisions/2026-10-10-context-fishponds-public-r3.md"
        ],
        "score": 0.267578,
        "simulation_label": "模擬／AI 衍生",
        "source": "NLSC PHOTO2 live WMTS",
        "source_notice": "模擬／AI 衍生魚塭背景，非現地測繪、完整魚場清冊、即時觀測、診斷或養殖操作建議；不具 topology 或 runtime authority。",
        "source_window_pixel_origin": [
          3072,
          6144
        ],
        "water_colour_fraction": 0.998701
      },
      "type": "Feature"
    },
    {
      "geometry": {
        "coordinates": [
          [
            [
              121.820692496,
              24.731251406
            ],
            [
              121.820734532,
              24.731165499
            ],
            [
              121.82076538,
              24.73113748
            ],
            [
              121.820806357,
              24.731118871
            ],
            [
              121.821060918,
              24.731118871
            ],
            [
              121.821090716,
              24.731136914
            ],
            [
              121.821121498,
              24.731183512
            ],
            [
              121.821121498,
              24.731249022
            ],
            [
              121.821047491,
              24.731364254
            ],
            [
              121.821028125,
              24.731381844
            ],
            [
              121.820977617,
              24.731381844
            ],
            [
              121.820692496,
              24.731295521
            ],
            [
              121.820692496,
              24.731251406
            ]
          ]
        ],
        "type": "Polygon"
      },
      "id": "yilan-context-fishpond-699d0e8cdba33e61",
      "properties": {
        "area_m2_local": 991.26,
        "authority_scope": "context-only",
        "id": "yilan-context-fishpond-699d0e8cdba33e61",
        "model": "facebook/sam3",
        "prompt": "pond",
        "provenance_refs": [
          "receipts/20261010-context-fishponds-public-r3.receipt.json",
          "decisions/2026-10-10-context-fishponds-public-r3.md"
        ],
        "score": 0.707031,
        "simulation_label": "模擬／AI 衍生",
        "source": "NLSC PHOTO2 live WMTS",
        "source_notice": "模擬／AI 衍生魚塭背景，非現地測繪、完整魚場清冊、即時觀測、診斷或養殖操作建議；不具 topology 或 runtime authority。",
        "source_window_pixel_origin": [
          3072,
          5376
        ],
        "water_colour_fraction": 1.0
      },
      "type": "Feature"
    },
    {
      "geometry": {
        "coordinates": [
          [
            [
              121.824147181,
              24.722061849
            ],
            [
              121.824232438,
              24.721906963
            ],
            [
              121.824232617,
              24.721906603
            ],
            [
              121.824479114,
              24.721351706
            ],
            [
              121.824509488,
              24.721314918
            ],
            [
              121.824591802,
              24.721305572
            ],
            [
              121.824620237,
              24.721314182
            ],
            [
              121.824629827,
              24.721340314
            ],
            [
              121.824629827,
              24.721446141
            ],
            [
              121.824587173,
              24.721610806
            ],
            [
              121.824544465,
              24.721698092
            ],
            [
              121.824544279,
              24.721698526
            ],
            [
              121.824544139,
              24.721698973
            ],
            [
              121.824544046,
              24.721699431
            ],
            [
              121.824511928,
              24.721913375
            ],
            [
              121.824427321,
              24.722143933
            ],
            [
              121.824356719,
              24.722153095
            ],
            [
              121.824176794,
              24.722105026
            ],
            [
              121.824147181,
              24.722078127
            ],
            [
              121.824147181,
              24.722061849
            ]
          ]
        ],
        "type": "Polygon"
      },
      "id": "yilan-context-fishpond-6adcd8c003d1c61e",
      "properties": {
        "area_m2_local": 2177.56,
        "authority_scope": "context-only",
        "id": "yilan-context-fishpond-6adcd8c003d1c61e",
        "model": "facebook/sam3",
        "prompt": "pond",
        "provenance_refs": [
          "receipts/20261010-context-fishponds-public-r3.receipt.json",
          "decisions/2026-10-10-context-fishponds-public-r3.md"
        ],
        "score": 0.605469,
        "simulation_label": "模擬／AI 衍生",
        "source": "NLSC PHOTO2 live WMTS",
        "source_notice": "模擬／AI 衍生魚塭背景，非現地測繪、完整魚場清冊、即時觀測、診斷或養殖操作建議；不具 topology 或 runtime authority。",
        "source_window_pixel_origin": [
          3072,
          6144
        ],
        "water_colour_fraction": 0.984511
      },
      "type": "Feature"
    },
    {
      "geometry": {
        "coordinates": [
          [
            [
              121.814802365,
              24.782470204
            ],
            [
              121.814821085,
              24.782453208
            ],
            [
              121.815022796,
              24.782414653
            ],
            [
              121.815202367,
              24.782414653
            ],
            [
              121.815220731,
              24.782431325
            ],
            [
              121.815231272,
              24.782661011
            ],
            [
              121.815212838,
              24.782677747
            ],
            [
              121.814853245,
              24.782716156
            ],
            [
              121.814834299,
              24.782690354
            ],
            [
              121.814802365,
              24.782506732
            ],
            [
              121.814802365,
              24.782470204
            ]
          ]
        ],
        "type": "Polygon"
      },
      "id": "yilan-context-fishpond-72933596fe6ef11f",
      "properties": {
        "area_m2_local": 1251.92,
        "authority_scope": "context-only",
        "id": "yilan-context-fishpond-72933596fe6ef11f",
        "model": "facebook/sam3",
        "prompt": "pond",
        "provenance_refs": [
          "receipts/20261010-context-fishponds-public-r3.receipt.json",
          "decisions/2026-10-10-context-fishponds-public-r3.md"
        ],
        "score": 0.259766,
        "simulation_label": "模擬／AI 衍生",
        "source": "NLSC PHOTO2 live WMTS",
        "source_notice": "模擬／AI 衍生魚塭背景，非現地測繪、完整魚場清冊、即時觀測、診斷或養殖操作建議；不具 topology 或 runtime authority。",
        "source_window_pixel_origin": [
          2304,
          0
        ],
        "water_colour_fraction": 1.0
      },
      "type": "Feature"
    },
    {
      "geometry": {
        "coordinates": [
          [
            [
              121.820220427,
              24.730190485
            ],
            [
              121.820345934,
              24.730095488
            ],
            [
              121.820450638,
              24.730085978
            ],
            [
              121.820846426,
              24.730173421
            ],
            [
              121.820995586,
              24.730221807
            ],
            [
              121.821037843,
              24.730250593
            ],
            [
              121.821038292,
              24.730250868
            ],
            [
              121.821038769,
              24.730251101
            ],
            [
              121.821039269,
              24.73025129
            ],
            [
              121.821039788,
              24.730251433
            ],
            [
              121.82142496,
              24.730338895
            ],
            [
              121.821464589,
              24.730365891
            ],
            [
              121.821454168,
              24.730479473
            ],
            [
              121.821390439,
              24.730643478
            ],
            [
              121.821371447,
              24.730660728
            ],
            [
              121.821320882,
              24.730660728
            ],
            [
              121.821010533,
              24.730573247
            ],
            [
              121.821010005,
              24.730573124
            ],
            [
              121.821009466,
              24.730573049
            ],
            [
              121.821008921,
              24.730573025
            ],
            [
              121.820967053,
              24.730573025
            ],
            [
              121.820699805,
              24.73047593
            ],
            [
              121.820699275,
              24.730475765
            ],
            [
              121.820698728,
              24.730475651
            ],
            [
              121.820698172,
              24.730475589
            ],
            [
              121.820548919,
              24.730465906
            ],
            [
              121.820453231,
              24.730427278
            ],
            [
              121.8204527,
              24.730427093
            ],
            [
              121.820452151,
              24.73042696
            ],
            [
              121.820451589,
              24.730426879
            ],
            [
              121.820451021,
              24.730426852
            ],
            [
              121.820378534,
              24.730426852
            ],
            [
              121.820337252,
              24.730379982
            ],
            [
              121.820336918,
              24.730379637
            ],
            [
              121.820336551,
              24.730379322
            ],
            [
              121.820336152,
              24.730379039
            ],
            [
              121.820335726,
              24.730378791
            ],
            [
              121.820335277,
              24.73037858
            ],
            [
              121.820334808,
              24.730378407
            ],
            [
              121.820334324,
              24.730378275
            ],
            [
              121.820249955,
              24.730359117
            ],
            [
              121.820220427,
              24.730332298
            ],
            [
              121.820220427,
              24.730190485
            ]
          ]
        ],
        "type": "Polygon"
      },
      "id": "yilan-context-fishpond-75faa7a2809f7433",
      "properties": {
        "area_m2_local": 4511.79,
        "authority_scope": "context-only",
        "id": "yilan-context-fishpond-75faa7a2809f7433",
        "model": "facebook/sam3",
        "prompt": "pond",
        "provenance_refs": [
          "receipts/20261010-context-fishponds-public-r3.receipt.json",
          "decisions/2026-10-10-context-fishponds-public-r3.md"
        ],
        "score": 0.613281,
        "simulation_label": "模擬／AI 衍生",
        "source": "NLSC PHOTO2 live WMTS",
        "source_notice": "模擬／AI 衍生魚塭背景，非現地測繪、完整魚場清冊、即時觀測、診斷或養殖操作建議；不具 topology 或 runtime authority。",
        "source_window_pixel_origin": [
          3072,
          5376
        ],
        "water_colour_fraction": 0.998547
      },
      "type": "Feature"
    },
    {
      "geometry": {
        "coordinates": [
          [
            [
              121.811969952,
              24.770038918
            ],
            [
              121.812001611,
              24.769923934
            ],
            [
              121.812031449,
              24.769896841
            ],
            [
              121.812104238,
              24.769887399
            ],
            [
              121.812530776,
              24.769906764
            ],
            [
              121.812549158,
              24.769923455
            ],
            [
              121.812549158,
              24.77005771
            ],
            [
              121.812538451,
              24.770349356
            ],
            [
              121.812517499,
              24.770425452
            ],
            [
              121.812498701,
              24.770442521
            ],
            [
              121.81222239,
              24.770442521
            ],
            [
              121.812074364,
              24.77042332
            ],
            [
              121.812023133,
              24.770376802
            ],
            [
              121.811969952,
              24.770154679
            ],
            [
              121.811969952,
              24.770038918
            ]
          ]
        ],
        "type": "Polygon"
      },
      "id": "yilan-context-fishpond-78763daee6c042f3",
      "properties": {
        "area_m2_local": 3331.38,
        "authority_scope": "context-only",
        "id": "yilan-context-fishpond-78763daee6c042f3",
        "model": "facebook/sam3",
        "prompt": "pond",
        "provenance_refs": [
          "receipts/20261010-context-fishponds-public-r3.receipt.json",
          "decisions/2026-10-10-context-fishponds-public-r3.md"
        ],
        "score": 0.330078,
        "simulation_label": "模擬／AI 衍生",
        "source": "NLSC PHOTO2 live WMTS",
        "source_notice": "模擬／AI 衍生魚塭背景，非現地測繪、完整魚場清冊、即時觀測、診斷或養殖操作建議；不具 topology 或 runtime authority。",
        "source_window_pixel_origin": [
          2304,
          1536
        ],
        "water_colour_fraction": 1.0
      },
      "type": "Feature"
    },
    {
      "geometry": {
        "coordinates": [
          [
            [
              121.81464161,
              24.750785692
            ],
            [
              121.814673406,
              24.750487323
            ],
            [
              121.814702618,
              24.750460793
            ],
            [
              121.81485003,
              24.750460793
            ],
            [
              121.81495679,
              24.750480184
            ],
            [
              121.814957321,
              24.750480256
            ],
            [
              121.814957857,
              24.75048028
            ],
            [
              121.81537292,
              24.75048028
            ],
            [
              121.815403028,
              24.750534965
            ],
            [
              121.815403028,
              24.75060129
            ],
            [
              121.815349864,
              24.750765444
            ],
            [
              121.815298165,
              24.750831173
            ],
            [
              121.815204991,
              24.750840575
            ],
            [
              121.815120109,
              24.750821304
            ],
            [
              121.815119454,
              24.750821193
            ],
            [
              121.81511879,
              24.750821156
            ],
            [
              121.814670899,
              24.750821156
            ],
            [
              121.81464161,
              24.750785692
            ]
          ]
        ],
        "type": "Polygon"
      },
      "id": "yilan-context-fishpond-7b204bf248d19741",
      "properties": {
        "area_m2_local": 2825.19,
        "authority_scope": "context-only",
        "id": "yilan-context-fishpond-7b204bf248d19741",
        "model": "facebook/sam3",
        "prompt": "pond",
        "provenance_refs": [
          "receipts/20261010-context-fishponds-public-r3.receipt.json",
          "decisions/2026-10-10-context-fishponds-public-r3.md"
        ],
        "score": 0.466797,
        "simulation_label": "模擬／AI 衍生",
        "source": "NLSC PHOTO2 live WMTS",
        "source_notice": "模擬／AI 衍生魚塭背景，非現地測繪、完整魚場清冊、即時觀測、診斷或養殖操作建議；不具 topology 或 runtime authority。",
        "source_window_pixel_origin": [
          2304,
          3072
        ],
        "water_colour_fraction": 1.0
      },
      "type": "Feature"
    },
    {
      "geometry": {
        "coordinates": [
          [
            [
              121.814341043,
              24.755658529
            ],
            [
              121.814351623,
              24.755495194
            ],
            [
              121.814370336,
              24.755478201
            ],
            [
              121.81444319,
              24.755468749
            ],
            [
              121.814855857,
              24.755478358
            ],
            [
              121.814855857,
              24.755570971
            ],
            [
              121.814855884,
              24.755571456
            ],
            [
              121.814855962,
              24.755571935
            ],
            [
              121.814856092,
              24.755572406
            ],
            [
              121.814856271,
              24.755572862
            ],
            [
              121.8148565,
              24.7555733
            ],
            [
              121.814856774,
              24.755573716
            ],
            [
              121.814857092,
              24.755574106
            ],
            [
              121.814857451,
              24.755574465
            ],
            [
              121.814878909,
              24.755593951
            ],
            [
              121.814879326,
              24.755594292
            ],
            [
              121.814879779,
              24.755594593
            ],
            [
              121.814880265,
              24.75559485
            ],
            [
              121.814880777,
              24.755595059
            ],
            [
              121.81488131,
              24.75559522
            ],
            [
              121.814881858,
              24.75559533
            ],
            [
              121.814882416,
              24.755595388
            ],
            [
              121.815050816,
              24.755604946
            ],
            [
              121.815102621,
              24.755708442
            ],
            [
              121.815102621,
              24.755754919
            ],
            [
              121.815083078,
              24.755790412
            ],
            [
              121.814980008,
              24.755799772
            ],
            [
              121.814863157,
              24.755761185
            ],
            [
              121.814862704,
              24.755761056
            ],
            [
              121.814862241,
              24.755760963
            ],
            [
              121.814861771,
              24.755760907
            ],
            [
              121.814861298,
              24.755760888
            ],
            [
              121.814370024,
              24.755760888
            ],
            [
              121.81435151,
              24.755744075
            ],
            [
              121.814341043,
              24.755658529
            ]
          ]
        ],
        "type": "Polygon"
      },
      "id": "yilan-context-fishpond-85cf84c6fe1750db",
      "properties": {
        "area_m2_local": 2126.95,
        "authority_scope": "context-only",
        "id": "yilan-context-fishpond-85cf84c6fe1750db",
        "model": "facebook/sam3",
        "prompt": "pond",
        "provenance_refs": [
          "receipts/20261010-context-fishponds-public-r3.receipt.json",
          "decisions/2026-10-10-context-fishponds-public-r3.md"
        ],
        "score": 0.511719,
        "simulation_label": "模擬／AI 衍生",
        "source": "NLSC PHOTO2 live WMTS",
        "source_notice": "模擬／AI 衍生魚塭背景，非現地測繪、完整魚場清冊、即時觀測、診斷或養殖操作建議；不具 topology 或 runtime authority。",
        "source_window_pixel_origin": [
          2304,
          2304
        ],
        "water_colour_fraction": 1.0
      },
      "type": "Feature"
    },
    {
      "geometry": {
        "coordinates": [
          [
            [
              121.82054304,
              24.733266145
            ],
            [
              121.820616956,
              24.733055148
            ],
            [
              121.8206906,
              24.732940483
            ],
            [
              121.820729788,
              24.732931584
            ],
            [
              121.820995885,
              24.733008924
            ],
            [
              121.821079841,
              24.733056583
            ],
            [
              121.82110004,
              24.733093275
            ],
            [
              121.82110004,
              24.733188754
            ],
            [
              121.821025725,
              24.733391246
            ],
            [
              121.820974826,
              24.73342823
            ],
            [
              121.820913549,
              24.73342823
            ],
            [
              121.820657136,
              24.733321489
            ],
            [
              121.820656691,
              24.733321325
            ],
            [
              121.820656233,
              24.733321197
            ],
            [
              121.820655764,
              24.733321107
            ],
            [
              121.82059311,
              24.733311622
            ],
            [
              121.82054304,
              24.733266145
            ]
          ]
        ],
        "type": "Polygon"
      },
      "id": "yilan-context-fishpond-8667412055d626dd",
      "properties": {
        "area_m2_local": 2182.62,
        "authority_scope": "context-only",
        "id": "yilan-context-fishpond-8667412055d626dd",
        "model": "facebook/sam3",
        "prompt": "pond",
        "provenance_refs": [
          "receipts/20261010-context-fishponds-public-r3.receipt.json",
          "decisions/2026-10-10-context-fishponds-public-r3.md"
        ],
        "score": 0.523438,
        "simulation_label": "模擬／AI 衍生",
        "source": "NLSC PHOTO2 live WMTS",
        "source_notice": "模擬／AI 衍生魚塭背景，非現地測繪、完整魚場清冊、即時觀測、診斷或養殖操作建議；不具 topology 或 runtime authority。",
        "source_window_pixel_origin": [
          3072,
          5376
        ],
        "water_colour_fraction": 1.0
      },
      "type": "Feature"
    },
    {
      "geometry": {
        "coordinates": [
          [
            [
              121.814459101,
              24.765361363
            ],
            [
              121.814469603,
              24.765189713
            ],
            [
              121.814519755,
              24.765162389
            ],
            [
              121.814614681,
              24.765152812
            ],
            [
              121.814988257,
              24.765172196
            ],
            [
              121.815017503,
              24.7651899
            ],
            [
              121.815059616,
              24.765333299
            ],
            [
              121.815049481,
              24.765406921
            ],
            [
              121.814968033,
              24.76542541
            ],
            [
              121.814478806,
              24.765406095
            ],
            [
              121.814459101,
              24.765361363
            ]
          ]
        ],
        "type": "Polygon"
      },
      "id": "yilan-context-fishpond-867428d4f31bb112",
      "properties": {
        "area_m2_local": 1630.77,
        "authority_scope": "context-only",
        "id": "yilan-context-fishpond-867428d4f31bb112",
        "model": "facebook/sam3",
        "prompt": "pond",
        "provenance_refs": [
          "receipts/20261010-context-fishponds-public-r3.receipt.json",
          "decisions/2026-10-10-context-fishponds-public-r3.md"
        ],
        "score": 0.314453,
        "simulation_label": "模擬／AI 衍生",
        "source": "NLSC PHOTO2 live WMTS",
        "source_notice": "模擬／AI 衍生魚塭背景，非現地測繪、完整魚場清冊、即時觀測、診斷或養殖操作建議；不具 topology 或 runtime authority。",
        "source_window_pixel_origin": [
          2304,
          1536
        ],
        "water_colour_fraction": 0.98587
      },
      "type": "Feature"
    },
    {
      "geometry": {
        "coordinates": [
          [
            [
              121.809727625,
              24.784778195
            ],
            [
              121.809746919,
              24.78475192
            ],
            [
              121.809905287,
              24.784723164
            ],
            [
              121.810237345,
              24.784703715
            ],
            [
              121.810364269,
              24.784703715
            ],
            [
              121.810392662,
              24.7847209
            ],
            [
              121.810392662,
              24.784940976
            ],
            [
              121.810355512,
              24.785
            ],
            [
              121.809727651,
              24.785
            ],
            [
              121.809727625,
              24.78499993
            ],
            [
              121.809727625,
              24.784778195
            ]
          ]
        ],
        "type": "Polygon"
      },
      "id": "yilan-context-fishpond-889e0f032bcdbc54",
      "properties": {
        "area_m2_local": 2092.5,
        "authority_scope": "context-only",
        "id": "yilan-context-fishpond-889e0f032bcdbc54",
        "model": "facebook/sam3",
        "prompt": "pond",
        "provenance_refs": [
          "receipts/20261010-context-fishponds-public-r3.receipt.json",
          "decisions/2026-10-10-context-fishponds-public-r3.md"
        ],
        "score": 0.289062,
        "simulation_label": "模擬／AI 衍生",
        "source": "NLSC PHOTO2 live WMTS",
        "source_notice": "模擬／AI 衍生魚塭背景，非現地測繪、完整魚場清冊、即時觀測、診斷或養殖操作建議；不具 topology 或 runtime authority。",
        "source_window_pixel_origin": [
          2304,
          0
        ],
        "water_colour_fraction": 1.0
      },
      "type": "Feature"
    },
    {
      "geometry": {
        "coordinates": [
          [
            [
              121.82140068,
              24.722568833
            ],
            [
              121.821420108,
              24.722542362
            ],
            [
              121.821449686,
              24.722533407
            ],
            [
              121.821629909,
              24.722533407
            ],
            [
              121.821648596,
              24.722541894
            ],
            [
              121.821679455,
              24.722597956
            ],
            [
              121.821690109,
              24.722810868
            ],
            [
              121.821669147,
              24.722953679
            ],
            [
              121.821587291,
              24.722981562
            ],
            [
              121.82145045,
              24.722981562
            ],
            [
              121.821421917,
              24.722964283
            ],
            [
              121.82140068,
              24.722568833
            ]
          ]
        ],
        "type": "Polygon"
      },
      "id": "yilan-context-fishpond-895643b7ff03f03f",
      "properties": {
        "area_m2_local": 1328.92,
        "authority_scope": "context-only",
        "id": "yilan-context-fishpond-895643b7ff03f03f",
        "model": "facebook/sam3",
        "prompt": "pond",
        "provenance_refs": [
          "receipts/20261010-context-fishponds-public-r3.receipt.json",
          "decisions/2026-10-10-context-fishponds-public-r3.md"
        ],
        "score": 0.703125,
        "simulation_label": "模擬／AI 衍生",
        "source": "NLSC PHOTO2 live WMTS",
        "source_notice": "模擬／AI 衍生魚塭背景，非現地測繪、完整魚場清冊、即時觀測、診斷或養殖操作建議；不具 topology 或 runtime authority。",
        "source_window_pixel_origin": [
          3072,
          6144
        ],
        "water_colour_fraction": 1.0
      },
      "type": "Feature"
    },
    {
      "geometry": {
        "coordinates": [
          [
            [
              121.821497743,
              24.728988031
            ],
            [
              121.821529063,
              24.728874241
            ],
            [
              121.821581705,
              24.728769048
            ],
            [
              121.821599424,
              24.728761001
            ],
            [
              121.821820979,
              24.72882808
            ],
            [
              121.821850812,
              24.72886421
            ],
            [
              121.821829892,
              24.729006725
            ],
            [
              121.821790063,
              24.729042902
            ],
            [
              121.821537072,
              24.729023753
            ],
            [
              121.821497743,
              24.728988031
            ]
          ]
        ],
        "type": "Polygon"
      },
      "id": "yilan-context-fishpond-91001b43fbfc19f9",
      "properties": {
        "area_m2_local": 834.18,
        "authority_scope": "context-only",
        "id": "yilan-context-fishpond-91001b43fbfc19f9",
        "model": "facebook/sam3",
        "prompt": "pond",
        "provenance_refs": [
          "receipts/20261010-context-fishponds-public-r3.receipt.json",
          "decisions/2026-10-10-context-fishponds-public-r3.md"
        ],
        "score": 0.699219,
        "simulation_label": "模擬／AI 衍生",
        "source": "NLSC PHOTO2 live WMTS",
        "source_notice": "模擬／AI 衍生魚塭背景，非現地測繪、完整魚場清冊、即時觀測、診斷或養殖操作建議；不具 topology 或 runtime authority。",
        "source_window_pixel_origin": [
          3072,
          5376
        ],
        "water_colour_fraction": 1.0
      },
      "type": "Feature"
    },
    {
      "geometry": {
        "coordinates": [
          [
            [
              121.813343599,
              24.748692137
            ],
            [
              121.813363831,
              24.748637016
            ],
            [
              121.813457467,
              24.748580325
            ],
            [
              121.814045705,
              24.748580325
            ],
            [
              121.814335183,
              24.748599799
            ],
            [
              121.814335794,
              24.748599809
            ],
            [
              121.814611238,
              24.748590188
            ],
            [
              121.814619764,
              24.748605675
            ],
            [
              121.814609134,
              24.74881806
            ],
            [
              121.814578331,
              24.74890198
            ],
            [
              121.814152788,
              24.748930964
            ],
            [
              121.814152295,
              24.748931018
            ],
            [
              121.81415181,
              24.748931113
            ],
            [
              121.813948643,
              24.748979667
            ],
            [
              121.813874245,
              24.748979667
            ],
            [
              121.813873727,
              24.74897969
            ],
            [
              121.813873214,
              24.748979757
            ],
            [
              121.81387271,
              24.748979868
            ],
            [
              121.813690882,
              24.749028435
            ],
            [
              121.81354312,
              24.74903802
            ],
            [
              121.813481688,
              24.749000827
            ],
            [
              121.813343599,
              24.748692137
            ]
          ]
        ],
        "type": "Polygon"
      },
      "id": "yilan-context-fishpond-92565a879af09d15",
      "properties": {
        "area_m2_local": 5134.82,
        "authority_scope": "context-only",
        "id": "yilan-context-fishpond-92565a879af09d15",
        "model": "facebook/sam3",
        "prompt": "pond",
        "provenance_refs": [
          "receipts/20261010-context-fishponds-public-r3.receipt.json",
          "decisions/2026-10-10-context-fishponds-public-r3.md"
        ],
        "score": 0.476562,
        "simulation_label": "模擬／AI 衍生",
        "source": "NLSC PHOTO2 live WMTS",
        "source_notice": "模擬／AI 衍生魚塭背景，非現地測繪、完整魚場清冊、即時觀測、診斷或養殖操作建議；不具 topology 或 runtime authority。",
        "source_window_pixel_origin": [
          2304,
          3840
        ],
        "water_colour_fraction": 1.0
      },
      "type": "Feature"
    },
    {
      "geometry": {
        "coordinates": [
          [
            [
              121.822258906,
              24.721253449
            ],
            [
              121.822288846,
              24.721217188
            ],
            [
              121.822329237,
              24.721208016
            ],
            [
              121.822518529,
              24.721208016
            ],
            [
              121.822558952,
              24.721272273
            ],
            [
              121.822538015,
              24.721405403
            ],
            [
              121.822508704,
              24.721432028
            ],
            [
              121.822404339,
              24.721432028
            ],
            [
              121.822278942,
              24.721403551
            ],
            [
              121.822258906,
              24.721358053
            ],
            [
              121.822258906,
              24.721253449
            ]
          ]
        ],
        "type": "Polygon"
      },
      "id": "yilan-context-fishpond-95e92073a64454a7",
      "properties": {
        "area_m2_local": 672.55,
        "authority_scope": "context-only",
        "id": "yilan-context-fishpond-95e92073a64454a7",
        "model": "facebook/sam3",
        "prompt": "pond",
        "provenance_refs": [
          "receipts/20261010-context-fishponds-public-r3.receipt.json",
          "decisions/2026-10-10-context-fishponds-public-r3.md"
        ],
        "score": 0.535156,
        "simulation_label": "模擬／AI 衍生",
        "source": "NLSC PHOTO2 live WMTS",
        "source_notice": "模擬／AI 衍生魚塭背景，非現地測繪、完整魚場清冊、即時觀測、診斷或養殖操作建議；不具 topology 或 runtime authority。",
        "source_window_pixel_origin": [
          3072,
          6144
        ],
        "water_colour_fraction": 0.995509
      },
      "type": "Feature"
    },
    {
      "geometry": {
        "coordinates": [
          [
            [
              121.814974026,
              24.743869827
            ],
            [
              121.815005854,
              24.743754204
            ],
            [
              121.815069811,
              24.743657397
            ],
            [
              121.815070044,
              24.743657005
            ],
            [
              121.815070237,
              24.743656596
            ],
            [
              121.815070389,
              24.743656173
            ],
            [
              121.815070498,
              24.743655739
            ],
            [
              121.815091839,
              24.743549139
            ],
            [
              121.815176867,
              24.74337539
            ],
            [
              121.815227986,
              24.743338249
            ],
            [
              121.815267877,
              24.743338249
            ],
            [
              121.815340752,
              24.743366614
            ],
            [
              121.81539207,
              24.743422542
            ],
            [
              121.81534945,
              24.743761229
            ],
            [
              121.815296417,
              24.743982783
            ],
            [
              121.815257172,
              24.744000604
            ],
            [
              121.814974026,
              24.743981556
            ],
            [
              121.814974026,
              24.743869827
            ]
          ]
        ],
        "type": "Polygon"
      },
      "id": "yilan-context-fishpond-96d4722c199f4109",
      "properties": {
        "area_m2_local": 2135.44,
        "authority_scope": "context-only",
        "id": "yilan-context-fishpond-96d4722c199f4109",
        "model": "facebook/sam3",
        "prompt": "pond",
        "provenance_refs": [
          "receipts/20261010-context-fishponds-public-r3.receipt.json",
          "decisions/2026-10-10-context-fishponds-public-r3.md"
        ],
        "score": 0.503906,
        "simulation_label": "模擬／AI 衍生",
        "source": "NLSC PHOTO2 live WMTS",
        "source_notice": "模擬／AI 衍生魚塭背景，非現地測繪、完整魚場清冊、即時觀測、診斷或養殖操作建議；不具 topology 或 runtime authority。",
        "source_window_pixel_origin": [
          2304,
          3840
        ],
        "water_colour_fraction": 1.0
      },
      "type": "Feature"
    },
    {
      "geometry": {
        "coordinates": [
          [
            [
              121.821797821,
              24.729943211
            ],
            [
              121.821840351,
              24.729663142
            ],
            [
              121.821882657,
              24.729557471
            ],
            [
              121.821944583,
              24.729501224
            ],
            [
              121.82198396,
              24.729501224
            ],
            [
              121.82206656,
              24.729538736
            ],
            [
              121.822108524,
              24.729662612
            ],
            [
              121.822097858,
              24.729962949
            ],
            [
              121.822067247,
              24.730027824
            ],
            [
              121.822006924,
              24.730036955
            ],
            [
              121.821880061,
              24.730008148
            ],
            [
              121.821828025,
              24.72997979
            ],
            [
              121.821797821,
              24.729943211
            ]
          ]
        ],
        "type": "Polygon"
      },
      "id": "yilan-context-fishpond-9891ab6cd69cb2a2",
      "properties": {
        "area_m2_local": 1477.12,
        "authority_scope": "context-only",
        "id": "yilan-context-fishpond-9891ab6cd69cb2a2",
        "model": "facebook/sam3",
        "prompt": "pond",
        "provenance_refs": [
          "receipts/20261010-context-fishponds-public-r3.receipt.json",
          "decisions/2026-10-10-context-fishponds-public-r3.md"
        ],
        "score": 0.691406,
        "simulation_label": "模擬／AI 衍生",
        "source": "NLSC PHOTO2 live WMTS",
        "source_notice": "模擬／AI 衍生魚塭背景，非現地測繪、完整魚場清冊、即時觀測、診斷或養殖操作建議；不具 topology 或 runtime authority。",
        "source_window_pixel_origin": [
          3072,
          5376
        ],
        "water_colour_fraction": 1.0
      },
      "type": "Feature"
    },
    {
      "geometry": {
        "coordinates": [
          [
            [
              121.82071413,
              24.732865736
            ],
            [
              121.820724094,
              24.732729995
            ],
            [
              121.820728635,
              24.732720268
            ],
            [
              121.820755276,
              24.732696071
            ],
            [
              121.820755615,
              24.732695733
            ],
            [
              121.820755919,
              24.732695367
            ],
            [
              121.820756184,
              24.732694978
            ],
            [
              121.820756408,
              24.732694567
            ],
            [
              121.82075659,
              24.73269414
            ],
            [
              121.820776808,
              24.732639051
            ],
            [
              121.82087873,
              24.732639051
            ],
            [
              121.820951363,
              24.732676748
            ],
            [
              121.821067713,
              24.732849674
            ],
            [
              121.82105756,
              24.732951105
            ],
            [
              121.820934796,
              24.732960397
            ],
            [
              121.820796624,
              24.732902475
            ],
            [
              121.820796078,
              24.732902277
            ],
            [
              121.820795511,
              24.732902135
            ],
            [
              121.820794931,
              24.732902049
            ],
            [
              121.820794344,
              24.73290202
            ],
            [
              121.820764066,
              24.73290202
            ],
            [
              121.82071413,
              24.732865736
            ]
          ]
        ],
        "type": "Polygon"
      },
      "id": "yilan-context-fishpond-9b243036c4756dc4",
      "properties": {
        "area_m2_local": 928.01,
        "authority_scope": "context-only",
        "id": "yilan-context-fishpond-9b243036c4756dc4",
        "model": "facebook/sam3",
        "prompt": "pond",
        "provenance_refs": [
          "receipts/20261010-context-fishponds-public-r3.receipt.json",
          "decisions/2026-10-10-context-fishponds-public-r3.md"
        ],
        "score": 0.310547,
        "simulation_label": "模擬／AI 衍生",
        "source": "NLSC PHOTO2 live WMTS",
        "source_notice": "模擬／AI 衍生魚塭背景，非現地測繪、完整魚場清冊、即時觀測、診斷或養殖操作建議；不具 topology 或 runtime authority。",
        "source_window_pixel_origin": [
          3072,
          5376
        ],
        "water_colour_fraction": 1.0
      },
      "type": "Feature"
    },
    {
      "geometry": {
        "coordinates": [
          [
            [
              121.82130404,
              24.726021896
            ],
            [
              121.821449191,
              24.726012479
            ],
            [
              121.821449685,
              24.726012426
            ],
            [
              121.821450172,
              24.726012333
            ],
            [
              121.821450647,
              24.726012199
            ],
            [
              121.821451107,
              24.726012027
            ],
            [
              121.821451548,
              24.726011817
            ],
            [
              121.821451965,
              24.726011571
            ],
            [
              121.821524203,
              24.725964703
            ],
            [
              121.821649909,
              24.726031309
            ],
            [
              121.821650364,
              24.726031524
            ],
            [
              121.82165084,
              24.7260317
            ],
            [
              121.821651331,
              24.726031834
            ],
            [
              121.821822993,
              24.726070815
            ],
            [
              121.821823522,
              24.72607091
            ],
            [
              121.821824059,
              24.726070957
            ],
            [
              121.821824598,
              24.726070956
            ],
            [
              121.822027632,
              24.72606125
            ],
            [
              121.822198502,
              24.726100051
            ],
            [
              121.822198988,
              24.72610014
            ],
            [
              121.822199482,
              24.726100189
            ],
            [
              121.822366043,
              24.726109644
            ],
            [
              121.822366043,
              24.726210154
            ],
            [
              121.822337043,
              24.726236495
            ],
            [
              121.822286414,
              24.726236495
            ],
            [
              121.822136943,
              24.726197704
            ],
            [
              121.822136161,
              24.726197556
            ],
            [
              121.821568312,
              24.726129434
            ],
            [
              121.82147247,
              24.726090743
            ],
            [
              121.821471864,
              24.726090536
            ],
            [
              121.821471234,
              24.726090397
            ],
            [
              121.821354569,
              24.72607113
            ],
            [
              121.82130404,
              24.726034412
            ],
            [
              121.82130404,
              24.726021896
            ]
          ]
        ],
        "type": "Polygon"
      },
      "id": "yilan-context-fishpond-9e12f34b623760dd",
      "properties": {
        "area_m2_local": 1254.64,
        "authority_scope": "context-only",
        "id": "yilan-context-fishpond-9e12f34b623760dd",
        "model": "facebook/sam3",
        "prompt": "pond",
        "provenance_refs": [
          "receipts/20261010-context-fishponds-public-r3.receipt.json",
          "decisions/2026-10-10-context-fishponds-public-r3.md"
        ],
        "score": 0.679688,
        "simulation_label": "模擬／AI 衍生",
        "source": "NLSC PHOTO2 live WMTS",
        "source_notice": "模擬／AI 衍生魚塭背景，非現地測繪、完整魚場清冊、即時觀測、診斷或養殖操作建議；不具 topology 或 runtime authority。",
        "source_window_pixel_origin": [
          3072,
          5376
        ],
        "water_colour_fraction": 1.0
      },
      "type": "Feature"
    },
    {
      "geometry": {
        "coordinates": [
          [
            [
              121.824673245,
              24.721660961
            ],
            [
              121.82471553,
              24.721545732
            ],
            [
              121.824715685,
              24.721545221
            ],
            [
              121.824715778,
              24.721544698
            ],
            [
              121.824715809,
              24.721544169
            ],
            [
              121.824715809,
              24.7214081
            ],
            [
              121.824747883,
              24.72121387
            ],
            [
              121.824769011,
              24.7211467
            ],
            [
              121.824808578,
              24.721092789
            ],
            [
              121.824856321,
              24.721118809
            ],
            [
              121.824909264,
              24.72122461
            ],
            [
              121.824909467,
              24.721224975
            ],
            [
              121.824909702,
              24.721225323
            ],
            [
              121.824909969,
              24.721225652
            ],
            [
              121.824952884,
              24.72127438
            ],
            [
              121.824953218,
              24.721274725
            ],
            [
              121.824953586,
              24.72127504
            ],
            [
              121.824953984,
              24.721275323
            ],
            [
              121.82495441,
              24.721275571
            ],
            [
              121.824954859,
              24.721275783
            ],
            [
              121.824955328,
              24.721275955
            ],
            [
              121.824955813,
              24.721276087
            ],
            [
              121.825125692,
              24.721314665
            ],
            [
              121.82520898,
              24.721409233
            ],
            [
              121.82518781,
              24.72159192
            ],
            [
              121.825124258,
              24.721784344
            ],
            [
              121.825084594,
              24.721802358
            ],
            [
              121.824925675,
              24.721802358
            ],
            [
              121.824809028,
              24.721773461
            ],
            [
              121.82473482,
              24.721734943
            ],
            [
              121.824693396,
              24.721706723
            ],
            [
              121.824673245,
              24.721660961
            ]
          ]
        ],
        "type": "Polygon"
      },
      "id": "yilan-context-fishpond-9f2161d83587bac2",
      "properties": {
        "area_m2_local": 2863.91,
        "authority_scope": "context-only",
        "id": "yilan-context-fishpond-9f2161d83587bac2",
        "model": "facebook/sam3",
        "prompt": "pond",
        "provenance_refs": [
          "receipts/20261010-context-fishponds-public-r3.receipt.json",
          "decisions/2026-10-10-context-fishponds-public-r3.md"
        ],
        "score": 0.703125,
        "simulation_label": "模擬／AI 衍生",
        "source": "NLSC PHOTO2 live WMTS",
        "source_notice": "模擬／AI 衍生魚塭背景，非現地測繪、完整魚場清冊、即時觀測、診斷或養殖操作建議；不具 topology 或 runtime authority。",
        "source_window_pixel_origin": [
          3072,
          6144
        ],
        "water_colour_fraction": 0.993539
      },
      "type": "Feature"
    },
    {
      "geometry": {
        "coordinates": [
          [
            [
              121.819233602,
              24.732543902
            ],
            [
              121.819243958,
              24.732421624
            ],
            [
              121.819326372,
              24.732328056
            ],
            [
              121.819450828,
              24.732365736
            ],
            [
              121.819514595,
              24.732404348
            ],
            [
              121.81951501,
              24.732404576
            ],
            [
              121.819515446,
              24.732404769
            ],
            [
              121.819515899,
              24.732404927
            ],
            [
              121.819516366,
              24.732405047
            ],
            [
              121.819516843,
              24.732405128
            ],
            [
              121.819666503,
              24.732424547
            ],
            [
              121.81981619,
              24.732473103
            ],
            [
              121.819816786,
              24.732473262
            ],
            [
              121.819817399,
              24.732473359
            ],
            [
              121.81981802,
              24.732473391
            ],
            [
              121.819870781,
              24.732473391
            ],
            [
              121.819965665,
              24.732502118
            ],
            [
              121.820007875,
              24.732530871
            ],
            [
              121.82000834,
              24.732531155
            ],
            [
              121.820008835,
              24.732531394
            ],
            [
              121.820009354,
              24.732531586
            ],
            [
              121.820009893,
              24.732531728
            ],
            [
              121.820191127,
              24.732570459
            ],
            [
              121.820286748,
              24.73263801
            ],
            [
              121.820287171,
              24.73263828
            ],
            [
              121.82028762,
              24.732638513
            ],
            [
              121.820288092,
              24.732638706
            ],
            [
              121.820288581,
              24.732638857
            ],
            [
              121.820289084,
              24.732638966
            ],
            [
              121.820289596,
              24.73263903
            ],
            [
              121.820403329,
              24.732648421
            ],
            [
              121.820413064,
              24.732710321
            ],
            [
              121.820361343,
              24.732757297
            ],
            [
              121.820360993,
              24.732757648
            ],
            [
              121.82036068,
              24.732758028
            ],
            [
              121.82036041,
              24.732758433
            ],
            [
              121.820360183,
              24.73275886
            ],
            [
              121.820360002,
              24.732759304
            ],
            [
              121.820359869,
              24.732759763
            ],
            [
              121.820359785,
              24.73276023
            ],
            [
              121.820359751,
              24.732760703
            ],
            [
              121.820359767,
              24.732761177
            ],
            [
              121.820359833,
              24.732761647
            ],
            [
              121.820359948,
              24.73276211
            ],
            [
              121.820360111,
              24.73276256
            ],
            [
              121.820360321,
              24.732762994
            ],
            [
              121.820360576,
              24.732763407
            ],
            [
              121.820360873,
              24.732763797
            ],
            [
              121.82036121,
              24.732764158
            ],
            [
              121.820361584,
              24.732764489
            ],
            [
              121.82036199,
              24.732764786
            ],
            [
              121.820362427,
              24.732765046
            ],
            [
              121.820362888,
              24.732765267
            ],
            [
              121.820363371,
              24.732765447
            ],
            [
              121.820363871,
              24.732765584
            ],
            [
              121.820406786,
              24.732775328
            ],
            [
              121.820407336,
              24.732775426
            ],
            [
              121.820407894,
              24.732775472
            ],
            [
              121.820408455,
              24.732775466
            ],
            [
              121.820409011,
              24.732775407
            ],
            [
              121.820409558,
              24.732775297
            ],
            [
              121.82041009,
              24.732775136
            ],
            [
              121.8204106,
              24.732774926
            ],
            [
              121.820411084,
              24.73277467
            ],
            [
              121.820411537,
              24.73277437
            ],
            [
              121.820411953,
              24.732774029
            ],
            [
              121.820419522,
              24.732767154
            ],
            [
              121.820402828,
              24.732827805
            ],
            [
              121.82040272,
              24.732828304
            ],
            [
              121.82040267,
              24.732828811
            ],
            [
              121.820402677,
              24.73282932
            ],
            [
              121.820402741,
              24.732829825
            ],
            [
              121.820402863,
              24.732830322
            ],
            [
              121.82040304,
              24.732830805
            ],
            [
              121.820403271,
              24.732831268
            ],
            [
              121.820403553,
              24.732831708
            ],
            [
              121.820403884,
              24.732832119
            ],
            [
              121.820404259,
              24.732832497
            ],
            [
              121.820434852,
              24.732860284
            ],
            [
              121.820434852,
              24.732885097
            ],
            [
              121.820383249,
              24.732922592
            ],
            [
              121.820382844,
              24.732922918
            ],
            [
              121.820382476,
              24.732923279
            ],
            [
              121.82038215,
              24.732923671
            ],
            [
              121.820381868,
              24.732924091
            ],
            [
              121.820381634,
              24.732924534
            ],
            [
              121.820381449,
              24.732924996
            ],
            [
              121.820381315,
              24.732925473
            ],
            [
              121.820381235,
              24.732925959
            ],
            [
              121.820381208,
              24.73292645
            ],
            [
              121.820381208,
              24.732950743
            ],
            [
              121.820313413,
              24.732950743
            ],
            [
              121.820220427,
              24.732885055
            ],
            [
              121.820220427,
              24.732848493
            ],
            [
              121.820220401,
              24.732848008
            ],
            [
              121.820220323,
              24.732847529
            ],
            [
              121.820220193,
              24.732847058
            ],
            [
              121.820220013,
              24.732846602
            ],
            [
              121.820219785,
              24.732846164
            ],
            [
              121.82021951,
              24.732845748
            ],
            [
              121.820219192,
              24.732845358
            ],
            [
              121.820218834,
              24.732844999
            ],
            [
              121.820218438,
              24.732844673
            ],
            [
              121.820218009,
              24.732844385
            ],
            [
              121.820217551,
              24.732844135
            ],
            [
              121.820217069,
              24.732843928
            ],
            [
              121.820216566,
              24.732843765
            ],
            [
              121.820216048,
              24.732843647
            ],
            [
              121.82021552,
              24.732843576
            ],
            [
              121.820214987,
              24.732843552
            ],
            [
              121.8201828,
              24.732843552
            ],
            [
              121.820182262,
              24.732843576
            ],
            [
              121.820181728,
              24.732843649
            ],
            [
              121.820181205,
              24.732843769
            ],
            [
              121.820180698,
              24.732843936
            ],
            [
              121.820180211,
              24.732844147
            ],
            [
              121.82017975,
              24.732844401
            ],
            [
              121.820179319,
              24.732844696
            ],
            [
              121.820178922,
              24.732845028
            ],
            [
              121.820178563,
              24.732845393
            ],
            [
              121.820178246,
              24.73284579
            ],
            [
              121.820177974,
              24.732846213
            ],
            [
              121.820177749,
              24.732846658
            ],
            [
              121.820157879,
              24.732891776
            ],
            [
              121.819938093,
              24.732863258
            ],
            [
              121.819831869,
              24.732795722
            ],
            [
              121.819831468,
              24.73279549
            ],
            [
              121.819831047,
              24.732795291
            ],
            [
              121.819830608,
              24.732795126
            ],
            [
              121.819713082,
              24.73275631
            ],
            [
              121.819606242,
              24.732698086
            ],
            [
              121.81960577,
              24.732697857
            ],
            [
              121.819605275,
              24.73269767
            ],
            [
              121.819604763,
              24.732697529
            ],
            [
              121.819476497,
              24.732668405
            ],
            [
              121.819359332,
              24.732620033
            ],
            [
              121.819233602,
              24.732543902
            ]
          ]
        ],
        "type": "Polygon"
      },
      "id": "yilan-context-fishpond-9f5f3263217f3eb6",
      "properties": {
        "area_m2_local": 3950.1,
        "authority_scope": "context-only",
        "id": "yilan-context-fishpond-9f5f3263217f3eb6",
        "model": "facebook/sam3",
        "prompt": "pond",
        "provenance_refs": [
          "receipts/20261010-context-fishponds-public-r3.receipt.json",
          "decisions/2026-10-10-context-fishponds-public-r3.md"
        ],
        "score": 0.326172,
        "simulation_label": "模擬／AI 衍生",
        "source": "NLSC PHOTO2 live WMTS",
        "source_notice": "模擬／AI 衍生魚塭背景，非現地測繪、完整魚場清冊、即時觀測、診斷或養殖操作建議；不具 topology 或 runtime authority。",
        "source_window_pixel_origin": [
          3072,
          5376
        ],
        "water_colour_fraction": 0.999726
      },
      "type": "Feature"
    },
    {
      "geometry": {
        "coordinates": [
          [
            [
              121.814330296,
              24.75514345
            ],
            [
              121.814360466,
              24.755088655
            ],
            [
              121.814646652,
              24.75507903
            ],
            [
              121.814817335,
              24.755088717
            ],
            [
              121.814877315,
              24.755106873
            ],
            [
              121.814877315,
              24.755160874
            ],
            [
              121.814845475,
              24.755237978
            ],
            [
              121.814845301,
              24.755238479
            ],
            [
              121.814845186,
              24.755238994
            ],
            [
              121.814845133,
              24.755239516
            ],
            [
              121.814845141,
              24.755240042
            ],
            [
              121.814855705,
              24.755383948
            ],
            [
              121.814837523,
              24.75540046
            ],
            [
              121.814465138,
              24.755410121
            ],
            [
              121.814403241,
              24.755391385
            ],
            [
              121.814330296,
              24.755306218
            ],
            [
              121.814330296,
              24.75514345
            ]
          ]
        ],
        "type": "Polygon"
      },
      "id": "yilan-context-fishpond-9fdc4dbdec2bad39",
      "properties": {
        "area_m2_local": 1842.99,
        "authority_scope": "context-only",
        "id": "yilan-context-fishpond-9fdc4dbdec2bad39",
        "model": "facebook/sam3",
        "prompt": "pond",
        "provenance_refs": [
          "receipts/20261010-context-fishponds-public-r3.receipt.json",
          "decisions/2026-10-10-context-fishponds-public-r3.md"
        ],
        "score": 0.550781,
        "simulation_label": "模擬／AI 衍生",
        "source": "NLSC PHOTO2 live WMTS",
        "source_notice": "模擬／AI 衍生魚塭背景，非現地測繪、完整魚場清冊、即時觀測、診斷或養殖操作建議；不具 topology 或 runtime authority。",
        "source_window_pixel_origin": [
          2304,
          2304
        ],
        "water_colour_fraction": 1.0
      },
      "type": "Feature"
    },
    {
      "geometry": {
        "coordinates": [
          [
            [
              121.825531398,
              24.719926662
            ],
            [
              121.825541061,
              24.719900331
            ],
            [
              121.825602985,
              24.719862831
            ],
            [
              121.82564952,
              24.719854377
            ],
            [
              121.825659809,
              24.719985224
            ],
            [
              121.825659877,
              24.719985724
            ],
            [
              121.82566,
              24.719986215
            ],
            [
              121.825660178,
              24.719986692
            ],
            [
              121.825660408,
              24.71998715
            ],
            [
              121.825660689,
              24.719987585
            ],
            [
              121.825661017,
              24.719987991
            ],
            [
              121.825661388,
              24.719988365
            ],
            [
              121.825693575,
              24.720017602
            ],
            [
              121.825693994,
              24.720017945
            ],
            [
              121.82569445,
              24.720018247
            ],
            [
              121.825694939,
              24.720018505
            ],
            [
              121.825695454,
              24.720018715
            ],
            [
              121.82569599,
              24.720018875
            ],
            [
              121.825696541,
              24.720018984
            ],
            [
              121.825697102,
              24.720019041
            ],
            [
              121.825879493,
              24.720028787
            ],
            [
              121.825880021,
              24.720028792
            ],
            [
              121.825880547,
              24.72002875
            ],
            [
              121.825881067,
              24.720028662
            ],
            [
              121.825881575,
              24.720028529
            ],
            [
              121.825882066,
              24.720028352
            ],
            [
              121.825882535,
              24.720028132
            ],
            [
              121.825882979,
              24.720027872
            ],
            [
              121.825883394,
              24.720027574
            ],
            [
              121.825883774,
              24.720027241
            ],
            [
              121.825884117,
              24.720026876
            ],
            [
              121.825884419,
              24.720026482
            ],
            [
              121.825884678,
              24.720026064
            ],
            [
              121.825916865,
              24.71996759
            ],
            [
              121.825917093,
              24.719967113
            ],
            [
              121.825917266,
              24.719966618
            ],
            [
              121.82591738,
              24.719966109
            ],
            [
              121.825917434,
              24.719965592
            ],
            [
              121.825917428,
              24.719965072
            ],
            [
              121.825906744,
              24.719809786
            ],
            [
              121.825927694,
              24.719714634
            ],
            [
              121.826000862,
              24.719657665
            ],
            [
              121.826063487,
              24.719629222
            ],
            [
              121.826103209,
              24.719629222
            ],
            [
              121.826153322,
              24.719665639
            ],
            [
              121.826153322,
              24.719682756
            ],
            [
              121.826153351,
              24.719683268
            ],
            [
              121.826153438,
              24.719683774
            ],
            [
              121.826153583,
              24.719684269
            ],
            [
              121.826153784,
              24.719684749
            ],
            [
              121.826154038,
              24.719685206
            ],
            [
              121.826154343,
              24.719685637
            ],
            [
              121.826154695,
              24.719686038
            ],
            [
              121.826239639,
              24.719772842
            ],
            [
              121.82626061,
              24.719849041
            ],
            [
              121.82626061,
              24.719983976
            ],
            [
              121.826196583,
              24.720139068
            ],
            [
              121.826196407,
              24.720139579
            ],
            [
              121.826196292,
              24.720140104
            ],
            [
              121.82618592,
              24.72020605
            ],
            [
              121.826103557,
              24.72025281
            ],
            [
              121.826041755,
              24.72025281
            ],
            [
              121.825903223,
              24.720204411
            ],
            [
              121.825902701,
              24.720204255
            ],
            [
              121.825902164,
              24.720204149
            ],
            [
              121.825709653,
              24.720175004
            ],
            [
              121.825531973,
              24.720108546
            ],
            [
              121.825552553,
              24.720015078
            ],
            [
              121.825552635,
              24.720014569
            ],
            [
              121.825552658,
              24.720014056
            ],
            [
              121.825552623,
              24.720013544
            ],
            [
              121.825552529,
              24.720013037
            ],
            [
              121.825531398,
              24.719926662
            ]
          ]
        ],
        "type": "Polygon"
      },
      "id": "yilan-context-fishpond-a08d868f84b311ad",
      "properties": {
        "area_m2_local": 2834.4,
        "authority_scope": "context-only",
        "id": "yilan-context-fishpond-a08d868f84b311ad",
        "model": "facebook/sam3",
        "prompt": "pond",
        "provenance_refs": [
          "receipts/20261010-context-fishponds-public-r3.receipt.json",
          "decisions/2026-10-10-context-fishponds-public-r3.md"
        ],
        "score": 0.546875,
        "simulation_label": "模擬／AI 衍生",
        "source": "NLSC PHOTO2 live WMTS",
        "source_notice": "模擬／AI 衍生魚塭背景，非現地測繪、完整魚場清冊、即時觀測、診斷或養殖操作建議；不具 topology 或 runtime authority。",
        "source_window_pixel_origin": [
          3072,
          6144
        ],
        "water_colour_fraction": 0.986891
      },
      "type": "Feature"
    },
    {
      "geometry": {
        "coordinates": [
          [
            [
              121.814984789,
              24.748039358
            ],
            [
              121.815006158,
              24.747816179
            ],
            [
              121.815015857,
              24.747778746
            ],
            [
              121.815408009,
              24.747778746
            ],
            [
              121.815403099,
              24.747872379
            ],
            [
              121.815371617,
              24.747920031
            ],
            [
              121.815371377,
              24.747920436
            ],
            [
              121.81537118,
              24.747920859
            ],
            [
              121.815371026,
              24.747921296
            ],
            [
              121.815370918,
              24.747921745
            ],
            [
              121.815370857,
              24.747922201
            ],
            [
              121.815370842,
              24.74792266
            ],
            [
              121.815370875,
              24.747923119
            ],
            [
              121.815391967,
              24.748095513
            ],
            [
              121.815363637,
              24.748112665
            ],
            [
              121.815268692,
              24.748122245
            ],
            [
              121.815034243,
              24.748122245
            ],
            [
              121.814995026,
              24.748104438
            ],
            [
              121.814984789,
              24.748039358
            ]
          ]
        ],
        "type": "Polygon"
      },
      "id": "yilan-context-fishpond-a1f772c092055fb9",
      "properties": {
        "area_m2_local": 1506.21,
        "authority_scope": "context-only",
        "id": "yilan-context-fishpond-a1f772c092055fb9",
        "model": "facebook/sam3",
        "prompt": "pond",
        "provenance_refs": [
          "receipts/20261010-context-fishponds-public-r3.receipt.json",
          "decisions/2026-10-10-context-fishponds-public-r3.md"
        ],
        "score": 0.419922,
        "simulation_label": "模擬／AI 衍生",
        "source": "NLSC PHOTO2 live WMTS",
        "source_notice": "模擬／AI 衍生魚塭背景，非現地測繪、完整魚場清冊、即時觀測、診斷或養殖操作建議；不具 topology 或 runtime authority。",
        "source_window_pixel_origin": [
          2304,
          3840
        ],
        "water_colour_fraction": 1.0
      },
      "type": "Feature"
    },
    {
      "geometry": {
        "coordinates": [
          [
            [
              121.824222283,
              24.722636468
            ],
            [
              121.82427465,
              24.722493766
            ],
            [
              121.824322343,
              24.722485102
            ],
            [
              121.824393963,
              24.722550158
            ],
            [
              121.824404404,
              24.722673457
            ],
            [
              121.824374145,
              24.722719266
            ],
            [
              121.824281633,
              24.722747277
            ],
            [
              121.824242026,
              24.722729289
            ],
            [
              121.824222283,
              24.722702389
            ],
            [
              121.824222283,
              24.722636468
            ]
          ]
        ],
        "type": "Polygon"
      },
      "id": "yilan-context-fishpond-a959df25a4dbce5d",
      "properties": {
        "area_m2_local": 403.86,
        "authority_scope": "context-only",
        "id": "yilan-context-fishpond-a959df25a4dbce5d",
        "model": "facebook/sam3",
        "prompt": "pond",
        "provenance_refs": [
          "receipts/20261010-context-fishponds-public-r3.receipt.json",
          "decisions/2026-10-10-context-fishponds-public-r3.md"
        ],
        "score": 0.328125,
        "simulation_label": "模擬／AI 衍生",
        "source": "NLSC PHOTO2 live WMTS",
        "source_notice": "模擬／AI 衍生魚塭背景，非現地測繪、完整魚場清冊、即時觀測、診斷或養殖操作建議；不具 topology 或 runtime authority。",
        "source_window_pixel_origin": [
          3072,
          6144
        ],
        "water_colour_fraction": 1.0
      },
      "type": "Feature"
    },
    {
      "geometry": {
        "coordinates": [
          [
            [
              121.821808319,
              24.726534259
            ],
            [
              121.821839991,
              24.726409595
            ],
            [
              121.821881089,
              24.726372265
            ],
            [
              121.821976034,
              24.726333936
            ],
            [
              121.822050387,
              24.726324288
            ],
            [
              121.822050919,
              24.726324194
            ],
            [
              121.822051438,
              24.726324053
            ],
            [
              121.822051939,
              24.726323865
            ],
            [
              121.822052417,
              24.726323633
            ],
            [
              121.822104769,
              24.726295102
            ],
            [
              121.822199003,
              24.726295102
            ],
            [
              121.822334597,
              24.726332998
            ],
            [
              121.822344389,
              24.726377469
            ],
            [
              121.822269818,
              24.726561318
            ],
            [
              121.822269629,
              24.726561891
            ],
            [
              121.822269516,
              24.72656248
            ],
            [
              121.82223759,
              24.726823475
            ],
            [
              121.822198266,
              24.726850264
            ],
            [
              121.821997132,
              24.726831033
            ],
            [
              121.821901135,
              24.726801967
            ],
            [
              121.821900572,
              24.726801827
            ],
            [
              121.821899996,
              24.726801742
            ],
            [
              121.821899414,
              24.726801714
            ],
            [
              121.821837295,
              24.726801714
            ],
            [
              121.821818938,
              24.72678504
            ],
            [
              121.821808319,
              24.726534259
            ]
          ]
        ],
        "type": "Polygon"
      },
      "id": "yilan-context-fishpond-aa4fe89a8d74a735",
      "properties": {
        "area_m2_local": 2596.21,
        "authority_scope": "context-only",
        "id": "yilan-context-fishpond-aa4fe89a8d74a735",
        "model": "facebook/sam3",
        "prompt": "pond",
        "provenance_refs": [
          "receipts/20261010-context-fishponds-public-r3.receipt.json",
          "decisions/2026-10-10-context-fishponds-public-r3.md"
        ],
        "score": 0.738281,
        "simulation_label": "模擬／AI 衍生",
        "source": "NLSC PHOTO2 live WMTS",
        "source_notice": "模擬／AI 衍生魚塭背景，非現地測繪、完整魚場清冊、即時觀測、診斷或養殖操作建議；不具 topology 或 runtime authority。",
        "source_window_pixel_origin": [
          3072,
          5376
        ],
        "water_colour_fraction": 1.0
      },
      "type": "Feature"
    },
    {
      "geometry": {
        "coordinates": [
          [
            [
              121.821915623,
              24.721211727
            ],
            [
              121.821926279,
              24.720901987
            ],
            [
              121.821989881,
              24.720757554
            ],
            [
              121.822020114,
              24.720730092
            ],
            [
              121.822070485,
              24.720720941
            ],
            [
              121.822142897,
              24.72074913
            ],
            [
              121.822215839,
              24.720824853
            ],
            [
              121.822215839,
              24.721173036
            ],
            [
              121.822205856,
              24.72120024
            ],
            [
              121.822122446,
              24.721266535
            ],
            [
              121.822018153,
              24.721276008
            ],
            [
              121.821935511,
              24.721247858
            ],
            [
              121.821915623,
              24.721211727
            ]
          ]
        ],
        "type": "Polygon"
      },
      "id": "yilan-context-fishpond-aa5f51f3c5d89dda",
      "properties": {
        "area_m2_local": 1602.08,
        "authority_scope": "context-only",
        "id": "yilan-context-fishpond-aa5f51f3c5d89dda",
        "model": "facebook/sam3",
        "prompt": "pond",
        "provenance_refs": [
          "receipts/20261010-context-fishponds-public-r3.receipt.json",
          "decisions/2026-10-10-context-fishponds-public-r3.md"
        ],
        "score": 0.621094,
        "simulation_label": "模擬／AI 衍生",
        "source": "NLSC PHOTO2 live WMTS",
        "source_notice": "模擬／AI 衍生魚塭背景，非現地測繪、完整魚場清冊、即時觀測、診斷或養殖操作建議；不具 topology 或 runtime authority。",
        "source_window_pixel_origin": [
          3072,
          6144
        ],
        "water_colour_fraction": 1.0
      },
      "type": "Feature"
    },
    {
      "geometry": {
        "coordinates": [
          [
            [
              121.822119513,
              24.71956577
            ],
            [
              121.82212957,
              24.719510958
            ],
            [
              121.822212461,
              24.719482722
            ],
            [
              121.822212979,
              24.719482517
            ],
            [
              121.822213472,
              24.719482264
            ],
            [
              121.822330711,
              24.719414494
            ],
            [
              121.822512204,
              24.719375702
            ],
            [
              121.822512706,
              24.719375572
            ],
            [
              121.822513192,
              24.719375398
            ],
            [
              121.822513657,
              24.719375183
            ],
            [
              121.822587781,
              24.719336708
            ],
            [
              121.822680621,
              24.719327337
            ],
            [
              121.822698636,
              24.719343702
            ],
            [
              121.822698636,
              24.719623946
            ],
            [
              121.822666916,
              24.719835248
            ],
            [
              121.822595457,
              24.719863067
            ],
            [
              121.82246759,
              24.719872746
            ],
            [
              121.822467013,
              24.719872818
            ],
            [
              121.822466447,
              24.719872946
            ],
            [
              121.822465899,
              24.719873128
            ],
            [
              121.822391375,
              24.71990214
            ],
            [
              121.82221329,
              24.719930687
            ],
            [
              121.82218368,
              24.719885859
            ],
            [
              121.822173056,
              24.719770057
            ],
            [
              121.82217298,
              24.719769547
            ],
            [
              121.822172846,
              24.719769048
            ],
            [
              121.822140747,
              24.719671855
            ],
            [
              121.822119513,
              24.71956577
            ]
          ]
        ],
        "type": "Polygon"
      },
      "id": "yilan-context-fishpond-aaad6a318812dd8c",
      "properties": {
        "area_m2_local": 2955.16,
        "authority_scope": "context-only",
        "id": "yilan-context-fishpond-aaad6a318812dd8c",
        "model": "facebook/sam3",
        "prompt": "pond",
        "provenance_refs": [
          "receipts/20261010-context-fishponds-public-r3.receipt.json",
          "decisions/2026-10-10-context-fishponds-public-r3.md"
        ],
        "score": 0.550781,
        "simulation_label": "模擬／AI 衍生",
        "source": "NLSC PHOTO2 live WMTS",
        "source_notice": "模擬／AI 衍生魚塭背景，非現地測繪、完整魚場清冊、即時觀測、診斷或養殖操作建議；不具 topology 或 runtime authority。",
        "source_window_pixel_origin": [
          3072,
          6144
        ],
        "water_colour_fraction": 1.0
      },
      "type": "Feature"
    },
    {
      "geometry": {
        "coordinates": [
          [
            [
              121.813021378,
              24.777763764
            ],
            [
              121.813042407,
              24.7776683
            ],
            [
              121.813061106,
              24.777651322
            ],
            [
              121.813530472,
              24.777651322
            ],
            [
              121.813658774,
              24.777670737
            ],
            [
              121.813659219,
              24.777670787
            ],
            [
              121.813659668,
              24.777670804
            ],
            [
              121.813981194,
              24.777670804
            ],
            [
              121.81406561,
              24.777680385
            ],
            [
              121.814136934,
              24.77771739
            ],
            [
              121.814126339,
              24.778054075
            ],
            [
              121.81409647,
              24.778099274
            ],
            [
              121.813595455,
              24.778099274
            ],
            [
              121.813050962,
              24.778070193
            ],
            [
              121.813021378,
              24.778034379
            ],
            [
              121.813021378,
              24.777763764
            ]
          ]
        ],
        "type": "Polygon"
      },
      "id": "yilan-context-fishpond-abe7150c20136a4f",
      "properties": {
        "area_m2_local": 5323.04,
        "authority_scope": "context-only",
        "id": "yilan-context-fishpond-abe7150c20136a4f",
        "model": "facebook/sam3",
        "prompt": "pond",
        "provenance_refs": [
          "receipts/20261010-context-fishponds-public-r3.receipt.json",
          "decisions/2026-10-10-context-fishponds-public-r3.md"
        ],
        "score": 0.314453,
        "simulation_label": "模擬／AI 衍生",
        "source": "NLSC PHOTO2 live WMTS",
        "source_notice": "模擬／AI 衍生魚塭背景，非現地測繪、完整魚場清冊、即時觀測、診斷或養殖操作建議；不具 topology 或 runtime authority。",
        "source_window_pixel_origin": [
          2304,
          0
        ],
        "water_colour_fraction": 1.0
      },
      "type": "Feature"
    },
    {
      "geometry": {
        "coordinates": [
          [
            [
              121.812699604,
              24.784330595
            ],
            [
              121.812739334,
              24.784294524
            ],
            [
              121.812992322,
              24.784284954
            ],
            [
              121.813010858,
              24.784301783
            ],
            [
              121.813021226,
              24.784358262
            ],
            [
              121.813021226,
              24.784569501
            ],
            [
              121.812992612,
              24.78458682
            ],
            [
              121.812759086,
              24.784606095
            ],
            [
              121.81272975,
              24.784597216
            ],
            [
              121.812710176,
              24.784570561
            ],
            [
              121.812699604,
              24.784330595
            ]
          ]
        ],
        "type": "Polygon"
      },
      "id": "yilan-context-fishpond-ae5a4613cf102867",
      "properties": {
        "area_m2_local": 1070.24,
        "authority_scope": "context-only",
        "id": "yilan-context-fishpond-ae5a4613cf102867",
        "model": "facebook/sam3",
        "prompt": "pond",
        "provenance_refs": [
          "receipts/20261010-context-fishponds-public-r3.receipt.json",
          "decisions/2026-10-10-context-fishponds-public-r3.md"
        ],
        "score": 0.265625,
        "simulation_label": "模擬／AI 衍生",
        "source": "NLSC PHOTO2 live WMTS",
        "source_notice": "模擬／AI 衍生魚塭背景，非現地測繪、完整魚場清冊、即時觀測、診斷或養殖操作建議；不具 topology 或 runtime authority。",
        "source_window_pixel_origin": [
          2304,
          0
        ],
        "water_colour_fraction": 1.0
      },
      "type": "Feature"
    },
    {
      "geometry": {
        "coordinates": [
          [
            [
              121.821829823,
              24.727146869
            ],
            [
              121.821840379,
              24.726993447
            ],
            [
              121.821860224,
              24.726966409
            ],
            [
              121.821878133,
              24.726958276
            ],
            [
              121.821950915,
              24.726986608
            ],
            [
              121.821951528,
              24.726986808
            ],
            [
              121.821952164,
              24.72698694
            ],
            [
              121.822144392,
              24.727016041
            ],
            [
              121.822280881,
              24.727082796
            ],
            [
              121.822301328,
              24.727166372
            ],
            [
              121.822270258,
              24.727213408
            ],
            [
              121.822269969,
              24.727213908
            ],
            [
              121.822269745,
              24.727214434
            ],
            [
              121.822269589,
              24.727214981
            ],
            [
              121.822248373,
              24.727311333
            ],
            [
              121.822218234,
              24.727347833
            ],
            [
              121.822157243,
              24.727357066
            ],
            [
              121.821977947,
              24.727309167
            ],
            [
              121.82191467,
              24.727222954
            ],
            [
              121.821914345,
              24.727222556
            ],
            [
              121.821913977,
              24.72722219
            ],
            [
              121.821913571,
              24.727221859
            ],
            [
              121.821913131,
              24.727221566
            ],
            [
              121.82191266,
              24.727221315
            ],
            [
              121.821912164,
              24.727221108
            ],
            [
              121.821911648,
              24.727220947
            ],
            [
              121.821911117,
              24.727220834
            ],
            [
              121.821910576,
              24.72722077
            ],
            [
              121.82191003,
              24.727220755
            ],
            [
              121.821909486,
              24.72722079
            ],
            [
              121.821908948,
              24.727220875
            ],
            [
              121.821908422,
              24.727221008
            ],
            [
              121.821879426,
              24.727229787
            ],
            [
              121.821861087,
              24.727213129
            ],
            [
              121.821829823,
              24.727146869
            ]
          ]
        ],
        "type": "Polygon"
      },
      "id": "yilan-context-fishpond-afdab2cf7e16f8aa",
      "properties": {
        "area_m2_local": 1463.05,
        "authority_scope": "context-only",
        "id": "yilan-context-fishpond-afdab2cf7e16f8aa",
        "model": "facebook/sam3",
        "prompt": "pond",
        "provenance_refs": [
          "receipts/20261010-context-fishponds-public-r3.receipt.json",
          "decisions/2026-10-10-context-fishponds-public-r3.md"
        ],
        "score": 0.304688,
        "simulation_label": "模擬／AI 衍生",
        "source": "NLSC PHOTO2 live WMTS",
        "source_notice": "模擬／AI 衍生魚塭背景，非現地測繪、完整魚場清冊、即時觀測、診斷或養殖操作建議；不具 topology 或 runtime authority。",
        "source_window_pixel_origin": [
          3072,
          5376
        ],
        "water_colour_fraction": 1.0
      },
      "type": "Feature"
    },
    {
      "geometry": {
        "coordinates": [
          [
            [
              121.81810809,
              24.72752617
            ],
            [
              121.818138593,
              24.727461523
            ],
            [
              121.818138773,
              24.727461087
            ],
            [
              121.818138906,
              24.727460637
            ],
            [
              121.818138992,
              24.727460178
            ],
            [
              121.818139031,
              24.727459714
            ],
            [
              121.818139021,
              24.727459248
            ],
            [
              121.818128533,
              24.72731635
            ],
            [
              121.81814537,
              24.727308703
            ],
            [
              121.818259884,
              24.727318159
            ],
            [
              121.8182997,
              24.727354324
            ],
            [
              121.818289175,
              24.727545527
            ],
            [
              121.818260204,
              24.727580613
            ],
            [
              121.818146755,
              24.727552509
            ],
            [
              121.81810809,
              24.72752617
            ]
          ]
        ],
        "type": "Polygon"
      },
      "id": "yilan-context-fishpond-b083dc8e25c3d0a2",
      "properties": {
        "area_m2_local": 455.14,
        "authority_scope": "context-only",
        "id": "yilan-context-fishpond-b083dc8e25c3d0a2",
        "model": "facebook/sam3",
        "prompt": "pond",
        "provenance_refs": [
          "receipts/20261010-context-fishponds-public-r3.receipt.json",
          "decisions/2026-10-10-context-fishponds-public-r3.md"
        ],
        "score": 0.435547,
        "simulation_label": "模擬／AI 衍生",
        "source": "NLSC PHOTO2 live WMTS",
        "source_notice": "模擬／AI 衍生魚塭背景，非現地測繪、完整魚場清冊、即時觀測、診斷或養殖操作建議；不具 topology 或 runtime authority。",
        "source_window_pixel_origin": [
          3072,
          5376
        ],
        "water_colour_fraction": 1.0
      },
      "type": "Feature"
    },
    {
      "geometry": {
        "coordinates": [
          [
            [
              121.813354071,
              24.783931221
            ],
            [
              121.813372671,
              24.783914335
            ],
            [
              121.813424037,
              24.783905008
            ],
            [
              121.813635204,
              24.783914593
            ],
            [
              121.813654414,
              24.783940755
            ],
            [
              121.813686149,
              24.784190456
            ],
            [
              121.813667833,
              24.784207085
            ],
            [
              121.813595037,
              24.784216526
            ],
            [
              121.813374634,
              24.784206998
            ],
            [
              121.813364681,
              24.784152784
            ],
            [
              121.813354071,
              24.783931221
            ]
          ]
        ],
        "type": "Polygon"
      },
      "id": "yilan-context-fishpond-b237b291947eacc6",
      "properties": {
        "area_m2_local": 1039.88,
        "authority_scope": "context-only",
        "id": "yilan-context-fishpond-b237b291947eacc6",
        "model": "facebook/sam3",
        "prompt": "pond",
        "provenance_refs": [
          "receipts/20261010-context-fishponds-public-r3.receipt.json",
          "decisions/2026-10-10-context-fishponds-public-r3.md"
        ],
        "score": 0.259766,
        "simulation_label": "模擬／AI 衍生",
        "source": "NLSC PHOTO2 live WMTS",
        "source_notice": "模擬／AI 衍生魚塭背景，非現地測繪、完整魚場清冊、即時觀測、診斷或養殖操作建議；不具 topology 或 runtime authority。",
        "source_window_pixel_origin": [
          2304,
          0
        ],
        "water_colour_fraction": 1.0
      },
      "type": "Feature"
    },
    {
      "geometry": {
        "coordinates": [
          [
            [
              121.819211916,
              24.739582912
            ],
            [
              121.819328958,
              24.739341321
            ],
            [
              121.819390535,
              24.739294717
            ],
            [
              121.819471552,
              24.739303915
            ],
            [
              121.81951161,
              24.739358487
            ],
            [
              121.81949131,
              24.739413797
            ],
            [
              121.819395984,
              24.739519614
            ],
            [
              121.819343152,
              24.739548404
            ],
            [
              121.819342704,
              24.739548676
            ],
            [
              121.819342288,
              24.739548988
            ],
            [
              121.819341907,
              24.739549335
            ],
            [
              121.819247537,
              24.739644568
            ],
            [
              121.819211916,
              24.73963648
            ],
            [
              121.819211916,
              24.739582912
            ]
          ]
        ],
        "type": "Polygon"
      },
      "id": "yilan-context-fishpond-b4922b6abae3dd08",
      "properties": {
        "area_m2_local": 553.57,
        "authority_scope": "context-only",
        "id": "yilan-context-fishpond-b4922b6abae3dd08",
        "model": "facebook/sam3",
        "prompt": "pond",
        "provenance_refs": [
          "receipts/20261010-context-fishponds-public-r3.receipt.json",
          "decisions/2026-10-10-context-fishponds-public-r3.md"
        ],
        "score": 0.515625,
        "simulation_label": "模擬／AI 衍生",
        "source": "NLSC PHOTO2 live WMTS",
        "source_notice": "模擬／AI 衍生魚塭背景，非現地測繪、完整魚場清冊、即時觀測、診斷或養殖操作建議；不具 topology 或 runtime authority。",
        "source_window_pixel_origin": [
          3072,
          4608
        ],
        "water_colour_fraction": 1.0
      },
      "type": "Feature"
    },
    {
      "geometry": {
        "coordinates": [
          [
            [
              121.822623916,
              24.725859535
            ],
            [
              121.822634305,
              24.725765168
            ],
            [
              121.822666162,
              24.72569765
            ],
            [
              121.822666335,
              24.725697231
            ],
            [
              121.822666466,
              24.725696799
            ],
            [
              121.822719965,
              24.725482985
            ],
            [
              121.822751212,
              24.72542622
            ],
            [
              121.822780826,
              24.725408288
            ],
            [
              121.822831435,
              24.725408288
            ],
            [
              121.82294584,
              24.725464969
            ],
            [
              121.822955948,
              24.725529239
            ],
            [
              121.822785118,
              24.725849274
            ],
            [
              121.822753559,
              24.72589705
            ],
            [
              121.822704481,
              24.725932713
            ],
            [
              121.822623916,
              24.725859535
            ]
          ]
        ],
        "type": "Polygon"
      },
      "id": "yilan-context-fishpond-b5333e8835e1454d",
      "properties": {
        "area_m2_local": 1088.13,
        "authority_scope": "context-only",
        "id": "yilan-context-fishpond-b5333e8835e1454d",
        "model": "facebook/sam3",
        "prompt": "pond",
        "provenance_refs": [
          "receipts/20261010-context-fishponds-public-r3.receipt.json",
          "decisions/2026-10-10-context-fishponds-public-r3.md"
        ],
        "score": 0.679688,
        "simulation_label": "模擬／AI 衍生",
        "source": "NLSC PHOTO2 live WMTS",
        "source_notice": "模擬／AI 衍生魚塭背景，非現地測繪、完整魚場清冊、即時觀測、診斷或養殖操作建議；不具 topology 或 runtime authority。",
        "source_window_pixel_origin": [
          3072,
          6144
        ],
        "water_colour_fraction": 1.0
      },
      "type": "Feature"
    },
    {
      "geometry": {
        "coordinates": [
          [
            [
              121.822173131,
              24.722332906
            ],
            [
              121.822183632,
              24.722180282
            ],
            [
              121.822330311,
              24.722085114
            ],
            [
              121.82237829,
              24.722085114
            ],
            [
              121.822398229,
              24.722139448
            ],
            [
              121.822398229,
              24.722215444
            ],
            [
              121.822377686,
              24.722252764
            ],
            [
              121.822261385,
              24.72236801
            ],
            [
              121.822211693,
              24.722377038
            ],
            [
              121.822182935,
              24.722359623
            ],
            [
              121.822173131,
              24.722332906
            ]
          ]
        ],
        "type": "Polygon"
      },
      "id": "yilan-context-fishpond-bace119e6ac7a992",
      "properties": {
        "area_m2_local": 505.6,
        "authority_scope": "context-only",
        "id": "yilan-context-fishpond-bace119e6ac7a992",
        "model": "facebook/sam3",
        "prompt": "pond",
        "provenance_refs": [
          "receipts/20261010-context-fishponds-public-r3.receipt.json",
          "decisions/2026-10-10-context-fishponds-public-r3.md"
        ],
        "score": 0.582031,
        "simulation_label": "模擬／AI 衍生",
        "source": "NLSC PHOTO2 live WMTS",
        "source_notice": "模擬／AI 衍生魚塭背景，非現地測繪、完整魚場清冊、即時觀測、診斷或養殖操作建議；不具 topology 或 runtime authority。",
        "source_window_pixel_origin": [
          3072,
          6144
        ],
        "water_colour_fraction": 1.0
      },
      "type": "Feature"
    },
    {
      "geometry": {
        "coordinates": [
          [
            [
              121.813042836,
              24.784292466
            ],
            [
              121.813092546,
              24.784265387
            ],
            [
              121.813324821,
              24.784265387
            ],
            [
              121.813354348,
              24.784292195
            ],
            [
              121.813364549,
              24.784329239
            ],
            [
              121.813364549,
              24.784567385
            ],
            [
              121.813081866,
              24.78457689
            ],
            [
              121.813053017,
              24.784559429
            ],
            [
              121.813042836,
              24.784513213
            ],
            [
              121.813042836,
              24.784292466
            ]
          ]
        ],
        "type": "Polygon"
      },
      "id": "yilan-context-fishpond-bd508454f65cd753",
      "properties": {
        "area_m2_local": 1088.0,
        "authority_scope": "context-only",
        "id": "yilan-context-fishpond-bd508454f65cd753",
        "model": "facebook/sam3",
        "prompt": "pond",
        "provenance_refs": [
          "receipts/20261010-context-fishponds-public-r3.receipt.json",
          "decisions/2026-10-10-context-fishponds-public-r3.md"
        ],
        "score": 0.265625,
        "simulation_label": "模擬／AI 衍生",
        "source": "NLSC PHOTO2 live WMTS",
        "source_notice": "模擬／AI 衍生魚塭背景，非現地測繪、完整魚場清冊、即時觀測、診斷或養殖操作建議；不具 topology 或 runtime authority。",
        "source_window_pixel_origin": [
          2304,
          0
        ],
        "water_colour_fraction": 0.999058
      },
      "type": "Feature"
    },
    {
      "geometry": {
        "coordinates": [
          [
            [
              121.815317349,
              24.782422507
            ],
            [
              121.815377741,
              24.782395092
            ],
            [
              121.815684174,
              24.782375905
            ],
            [
              121.81571413,
              24.782430299
            ],
            [
              121.81570354,
              24.782795681
            ],
            [
              121.815536384,
              24.782843106
            ],
            [
              121.815357438,
              24.782843106
            ],
            [
              121.815317349,
              24.782797609
            ],
            [
              121.815317349,
              24.782422507
            ]
          ]
        ],
        "type": "Polygon"
      },
      "id": "yilan-context-fishpond-c49177c96918ba10",
      "properties": {
        "area_m2_local": 1939.36,
        "authority_scope": "context-only",
        "id": "yilan-context-fishpond-c49177c96918ba10",
        "model": "facebook/sam3",
        "prompt": "pond",
        "provenance_refs": [
          "receipts/20261010-context-fishponds-public-r3.receipt.json",
          "decisions/2026-10-10-context-fishponds-public-r3.md"
        ],
        "score": 0.283203,
        "simulation_label": "模擬／AI 衍生",
        "source": "NLSC PHOTO2 live WMTS",
        "source_notice": "模擬／AI 衍生魚塭背景，非現地測繪、完整魚場清冊、即時觀測、診斷或養殖操作建議；不具 topology 或 runtime authority。",
        "source_window_pixel_origin": [
          2304,
          0
        ],
        "water_colour_fraction": 1.0
      },
      "type": "Feature"
    },
    {
      "geometry": {
        "coordinates": [
          [
            [
              121.815285254,
              24.782156727
            ],
            [
              121.81530563,
              24.782082731
            ],
            [
              121.815559025,
              24.782034801
            ],
            [
              121.815692707,
              24.782044138
            ],
            [
              121.815692707,
              24.782337305
            ],
            [
              121.815493872,
              24.782365809
            ],
            [
              121.815316657,
              24.782365809
            ],
            [
              121.815285254,
              24.782156727
            ]
          ]
        ],
        "type": "Polygon"
      },
      "id": "yilan-context-fishpond-c73594a0c211e9d9",
      "properties": {
        "area_m2_local": 1354.17,
        "authority_scope": "context-only",
        "id": "yilan-context-fishpond-c73594a0c211e9d9",
        "model": "facebook/sam3",
        "prompt": "pond",
        "provenance_refs": [
          "receipts/20261010-context-fishponds-public-r3.receipt.json",
          "decisions/2026-10-10-context-fishponds-public-r3.md"
        ],
        "score": 0.285156,
        "simulation_label": "模擬／AI 衍生",
        "source": "NLSC PHOTO2 live WMTS",
        "source_notice": "模擬／AI 衍生魚塭背景，非現地測繪、完整魚場清冊、即時觀測、診斷或養殖操作建議；不具 topology 或 runtime authority。",
        "source_window_pixel_origin": [
          2304,
          0
        ],
        "water_colour_fraction": 1.0
      },
      "type": "Feature"
    },
    {
      "geometry": {
        "coordinates": [
          [
            [
              121.821250395,
              24.721730027
            ],
            [
              121.821271035,
              24.721664407
            ],
            [
              121.821342865,
              24.721627123
            ],
            [
              121.82162821,
              24.721636723
            ],
            [
              121.821647211,
              24.721662612
            ],
            [
              121.821647211,
              24.721767775
            ],
            [
              121.821604899,
              24.721940727
            ],
            [
              121.82154324,
              24.721978065
            ],
            [
              121.821491179,
              24.721987523
            ],
            [
              121.821310613,
              24.721987523
            ],
            [
              121.821271084,
              24.72196957
            ],
            [
              121.821250395,
              24.721894401
            ],
            [
              121.821250395,
              24.721730027
            ]
          ]
        ],
        "type": "Polygon"
      },
      "id": "yilan-context-fishpond-c7f8290bbc83e4b2",
      "properties": {
        "area_m2_local": 1455.23,
        "authority_scope": "context-only",
        "id": "yilan-context-fishpond-c7f8290bbc83e4b2",
        "model": "facebook/sam3",
        "prompt": "pond",
        "provenance_refs": [
          "receipts/20261010-context-fishponds-public-r3.receipt.json",
          "decisions/2026-10-10-context-fishponds-public-r3.md"
        ],
        "score": 0.695312,
        "simulation_label": "模擬／AI 衍生",
        "source": "NLSC PHOTO2 live WMTS",
        "source_notice": "模擬／AI 衍生魚塭背景，非現地測繪、完整魚場清冊、即時觀測、診斷或養殖操作建議；不具 topology 或 runtime authority。",
        "source_window_pixel_origin": [
          3072,
          6144
        ],
        "water_colour_fraction": 1.0
      },
      "type": "Feature"
    },
    {
      "geometry": {
        "coordinates": [
          [
            [
              121.822108743,
              24.72030613
            ],
            [
              121.822129977,
              24.720036108
            ],
            [
              121.822181005,
              24.719999026
            ],
            [
              121.822404843,
              24.719931251
            ],
            [
              121.82250083,
              24.719921563
            ],
            [
              121.822501304,
              24.719921495
            ],
            [
              121.82250177,
              24.719921391
            ],
            [
              121.822502224,
              24.719921249
            ],
            [
              121.822502662,
              24.719921071
            ],
            [
              121.822565886,
              24.719892356
            ],
            [
              121.82266645,
              24.719892356
            ],
            [
              121.82266645,
              24.720332721
            ],
            [
              121.822423436,
              24.720447892
            ],
            [
              121.822349256,
              24.720457518
            ],
            [
              121.822348724,
              24.720457612
            ],
            [
              121.822348205,
              24.720457753
            ],
            [
              121.822347704,
              24.720457941
            ],
            [
              121.822347226,
              24.720458172
            ],
            [
              121.822294874,
              24.720486705
            ],
            [
              121.822191346,
              24.720486705
            ],
            [
              121.822140431,
              24.720440456
            ],
            [
              121.822108743,
              24.72030613
            ]
          ]
        ],
        "type": "Polygon"
      },
      "id": "yilan-context-fishpond-c9e576249f6fac4e",
      "properties": {
        "area_m2_local": 3006.2,
        "authority_scope": "context-only",
        "id": "yilan-context-fishpond-c9e576249f6fac4e",
        "model": "facebook/sam3",
        "prompt": "pond",
        "provenance_refs": [
          "receipts/20261010-context-fishponds-public-r3.receipt.json",
          "decisions/2026-10-10-context-fishponds-public-r3.md"
        ],
        "score": 0.542969,
        "simulation_label": "模擬／AI 衍生",
        "source": "NLSC PHOTO2 live WMTS",
        "source_notice": "模擬／AI 衍生魚塭背景，非現地測繪、完整魚場清冊、即時觀測、診斷或養殖操作建議；不具 topology 或 runtime authority。",
        "source_window_pixel_origin": [
          3072,
          6144
        ],
        "water_colour_fraction": 1.0
      },
      "type": "Feature"
    },
    {
      "geometry": {
        "coordinates": [
          [
            [
              121.814362483,
              24.782537711
            ],
            [
              121.814392553,
              24.78249221
            ],
            [
              121.814700738,
              24.782453616
            ],
            [
              121.814741467,
              24.782453616
            ],
            [
              121.814781206,
              24.782480675
            ],
            [
              121.814823444,
              24.78270118
            ],
            [
              121.814814328,
              24.782717734
            ],
            [
              121.814773965,
              24.782736056
            ],
            [
              121.814404289,
              24.782764825
            ],
            [
              121.814362483,
              24.782584532
            ],
            [
              121.814362483,
              24.782537711
            ]
          ]
        ],
        "type": "Polygon"
      },
      "id": "yilan-context-fishpond-cae841297e925e33",
      "properties": {
        "area_m2_local": 1330.29,
        "authority_scope": "context-only",
        "id": "yilan-context-fishpond-cae841297e925e33",
        "model": "facebook/sam3",
        "prompt": "pond",
        "provenance_refs": [
          "receipts/20261010-context-fishponds-public-r3.receipt.json",
          "decisions/2026-10-10-context-fishponds-public-r3.md"
        ],
        "score": 0.269531,
        "simulation_label": "模擬／AI 衍生",
        "source": "NLSC PHOTO2 live WMTS",
        "source_notice": "模擬／AI 衍生魚塭背景，非現地測繪、完整魚場清冊、即時觀測、診斷或養殖操作建議；不具 topology 或 runtime authority。",
        "source_window_pixel_origin": [
          2304,
          0
        ],
        "water_colour_fraction": 0.999206
      },
      "type": "Feature"
    },
    {
      "geometry": {
        "coordinates": [
          [
            [
              121.819008394,
              24.725511119
            ],
            [
              121.819016829,
              24.725495796
            ],
            [
              121.81917151,
              24.725486429
            ],
            [
              121.819190307,
              24.72551204
            ],
            [
              121.819190307,
              24.725616941
            ],
            [
              121.819169535,
              24.725673545
            ],
            [
              121.819150578,
              24.725690763
            ],
            [
              121.819079984,
              24.725690763
            ],
            [
              121.819050456,
              24.725663943
            ],
            [
              121.819008394,
              24.725511119
            ]
          ]
        ],
        "type": "Polygon"
      },
      "id": "yilan-context-fishpond-cbc79e1006e36d35",
      "properties": {
        "area_m2_local": 340.05,
        "authority_scope": "context-only",
        "id": "yilan-context-fishpond-cbc79e1006e36d35",
        "model": "facebook/sam3",
        "prompt": "pond",
        "provenance_refs": [
          "receipts/20261010-context-fishponds-public-r3.receipt.json",
          "decisions/2026-10-10-context-fishponds-public-r3.md"
        ],
        "score": 0.5625,
        "simulation_label": "模擬／AI 衍生",
        "source": "NLSC PHOTO2 live WMTS",
        "source_notice": "模擬／AI 衍生魚塭背景，非現地測繪、完整魚場清冊、即時觀測、診斷或養殖操作建議；不具 topology 或 runtime authority。",
        "source_window_pixel_origin": [
          3072,
          5376
        ],
        "water_colour_fraction": 1.0
      },
      "type": "Feature"
    },
    {
      "geometry": {
        "coordinates": [
          [
            [
              121.822280527,
              24.721029552
            ],
            [
              121.822298635,
              24.721013104
            ],
            [
              121.822379958,
              24.721013104
            ],
            [
              121.822408958,
              24.721039446
            ],
            [
              121.822408958,
              24.721141957
            ],
            [
              121.822380564,
              24.721159152
            ],
            [
              121.822290718,
              24.721159152
            ],
            [
              121.822280527,
              24.721029552
            ]
          ]
        ],
        "type": "Polygon"
      },
      "id": "yilan-context-fishpond-cc3688f2c50aaa74",
      "properties": {
        "area_m2_local": 194.94,
        "authority_scope": "context-only",
        "id": "yilan-context-fishpond-cc3688f2c50aaa74",
        "model": "facebook/sam3",
        "prompt": "pond",
        "provenance_refs": [
          "receipts/20261010-context-fishponds-public-r3.receipt.json",
          "decisions/2026-10-10-context-fishponds-public-r3.md"
        ],
        "score": 0.351562,
        "simulation_label": "模擬／AI 衍生",
        "source": "NLSC PHOTO2 live WMTS",
        "source_notice": "模擬／AI 衍生魚塭背景，非現地測繪、完整魚場清冊、即時觀測、診斷或養殖操作建議；不具 topology 或 runtime authority。",
        "source_window_pixel_origin": [
          3072,
          6144
        ],
        "water_colour_fraction": 0.941964
      },
      "type": "Feature"
    },
    {
      "geometry": {
        "coordinates": [
          [
            [
              121.822023116,
              24.728764414
            ],
            [
              121.82206544,
              24.728524148
            ],
            [
              121.822094787,
              24.728497493
            ],
            [
              121.822177393,
              24.728497493
            ],
            [
              121.822379209,
              24.728565028
            ],
            [
              121.822397873,
              24.72858198
            ],
            [
              121.822376916,
              24.72870571
            ],
            [
              121.822334793,
              24.728810925
            ],
            [
              121.822240746,
              24.728867874
            ],
            [
              121.822168858,
              24.728877202
            ],
            [
              121.822053622,
              24.728810595
            ],
            [
              121.822023116,
              24.728764414
            ]
          ]
        ],
        "type": "Polygon"
      },
      "id": "yilan-context-fishpond-d043261acffaf214",
      "properties": {
        "area_m2_local": 1205.31,
        "authority_scope": "context-only",
        "id": "yilan-context-fishpond-d043261acffaf214",
        "model": "facebook/sam3",
        "prompt": "pond",
        "provenance_refs": [
          "receipts/20261010-context-fishponds-public-r3.receipt.json",
          "decisions/2026-10-10-context-fishponds-public-r3.md"
        ],
        "score": 0.605469,
        "simulation_label": "模擬／AI 衍生",
        "source": "NLSC PHOTO2 live WMTS",
        "source_notice": "模擬／AI 衍生魚塭背景，非現地測繪、完整魚場清冊、即時觀測、診斷或養殖操作建議；不具 topology 或 runtime authority。",
        "source_window_pixel_origin": [
          3072,
          5376
        ],
        "water_colour_fraction": 1.0
      },
      "type": "Feature"
    },
    {
      "geometry": {
        "coordinates": [
          [
            [
              121.812259631,
              24.77780256
            ],
            [
              121.812291243,
              24.777582512
            ],
            [
              121.812426042,
              24.777563683
            ],
            [
              121.812809653,
              24.777592708
            ],
            [
              121.812828536,
              24.777609853
            ],
            [
              121.812838836,
              24.777656612
            ],
            [
              121.812838836,
              24.777928149
            ],
            [
              121.812807273,
              24.778023672
            ],
            [
              121.812755389,
              24.77807078
            ],
            [
              121.812703754,
              24.778089533
            ],
            [
              121.812426614,
              24.778089533
            ],
            [
              121.812353882,
              24.778070665
            ],
            [
              121.812259631,
              24.777966075
            ],
            [
              121.812259631,
              24.77780256
            ]
          ]
        ],
        "type": "Polygon"
      },
      "id": "yilan-context-fishpond-d0a5cc53f87a702e",
      "properties": {
        "area_m2_local": 3135.2,
        "authority_scope": "context-only",
        "id": "yilan-context-fishpond-d0a5cc53f87a702e",
        "model": "facebook/sam3",
        "prompt": "pond",
        "provenance_refs": [
          "receipts/20261010-context-fishponds-public-r3.receipt.json",
          "decisions/2026-10-10-context-fishponds-public-r3.md"
        ],
        "score": 0.330078,
        "simulation_label": "模擬／AI 衍生",
        "source": "NLSC PHOTO2 live WMTS",
        "source_notice": "模擬／AI 衍生魚塭背景，非現地測繪、完整魚場清冊、即時觀測、診斷或養殖操作建議；不具 topology 或 runtime authority。",
        "source_window_pixel_origin": [
          2304,
          768
        ],
        "water_colour_fraction": 1.0
      },
      "type": "Feature"
    },
    {
      "geometry": {
        "coordinates": [
          [
            [
              121.814319667,
              24.782254846
            ],
            [
              121.814339916,
              24.782218077
            ],
            [
              121.814391774,
              24.782180412
            ],
            [
              121.814465322,
              24.782161333
            ],
            [
              121.814708555,
              24.78214213
            ],
            [
              121.814738132,
              24.782177935
            ],
            [
              121.814748569,
              24.782234787
            ],
            [
              121.814748569,
              24.782417406
            ],
            [
              121.81472987,
              24.782434383
            ],
            [
              121.814678369,
              24.782443735
            ],
            [
              121.814550161,
              24.782443735
            ],
            [
              121.814549673,
              24.782443755
            ],
            [
              121.814549188,
              24.782443814
            ],
            [
              121.814432711,
              24.782463042
            ],
            [
              121.814382,
              24.782444625
            ],
            [
              121.814330164,
              24.782378738
            ],
            [
              121.814319667,
              24.782254846
            ]
          ]
        ],
        "type": "Polygon"
      },
      "id": "yilan-context-fishpond-d225a887956cb3e7",
      "properties": {
        "area_m2_local": 1315.73,
        "authority_scope": "context-only",
        "id": "yilan-context-fishpond-d225a887956cb3e7",
        "model": "facebook/sam3",
        "prompt": "pond",
        "provenance_refs": [
          "receipts/20261010-context-fishponds-public-r3.receipt.json",
          "decisions/2026-10-10-context-fishponds-public-r3.md"
        ],
        "score": 0.269531,
        "simulation_label": "模擬／AI 衍生",
        "source": "NLSC PHOTO2 live WMTS",
        "source_notice": "模擬／AI 衍生魚塭背景，非現地測繪、完整魚場清冊、即時觀測、診斷或養殖操作建議；不具 topology 或 runtime authority。",
        "source_window_pixel_origin": [
          2304,
          0
        ],
        "water_colour_fraction": 0.999201
      },
      "type": "Feature"
    },
    {
      "geometry": {
        "coordinates": [
          [
            [
              121.810993644,
              24.764153603
            ],
            [
              121.811004323,
              24.763736604
            ],
            [
              121.811045614,
              24.76367099
            ],
            [
              121.811096524,
              24.763652499
            ],
            [
              121.811158036,
              24.763652499
            ],
            [
              121.811197386,
              24.763679297
            ],
            [
              121.811208054,
              24.764105555
            ],
            [
              121.811208085,
              24.764105975
            ],
            [
              121.811208154,
              24.764106391
            ],
            [
              121.811208262,
              24.764106801
            ],
            [
              121.811228725,
              24.764171834
            ],
            [
              121.811178942,
              24.764207998
            ],
            [
              121.811074151,
              24.764227029
            ],
            [
              121.811033884,
              24.764217888
            ],
            [
              121.811003829,
              24.764190597
            ],
            [
              121.810993644,
              24.764153603
            ]
          ]
        ],
        "type": "Polygon"
      },
      "id": "yilan-context-fishpond-d54997f11525020e",
      "properties": {
        "area_m2_local": 1259.7,
        "authority_scope": "context-only",
        "id": "yilan-context-fishpond-d54997f11525020e",
        "model": "facebook/sam3",
        "prompt": "pond",
        "provenance_refs": [
          "receipts/20261010-context-fishponds-public-r3.receipt.json",
          "decisions/2026-10-10-context-fishponds-public-r3.md"
        ],
        "score": 0.310547,
        "simulation_label": "模擬／AI 衍生",
        "source": "NLSC PHOTO2 live WMTS",
        "source_notice": "模擬／AI 衍生魚塭背景，非現地測繪、完整魚場清冊、即時觀測、診斷或養殖操作建議；不具 topology 或 runtime authority。",
        "source_window_pixel_origin": [
          2304,
          2304
        ],
        "water_colour_fraction": 0.982913
      },
      "type": "Feature"
    },
    {
      "geometry": {
        "coordinates": [
          [
            [
              121.812678268,
              24.783989929
            ],
            [
              121.812728071,
              24.783953756
            ],
            [
              121.81298962,
              24.783963254
            ],
            [
              121.813010468,
              24.784124143
            ],
            [
              121.813000078,
              24.784227915
            ],
            [
              121.812886014,
              24.784274987
            ],
            [
              121.81274997,
              24.784274987
            ],
            [
              121.812699336,
              24.784229017
            ],
            [
              121.812678268,
              24.783989929
            ]
          ]
        ],
        "type": "Polygon"
      },
      "id": "yilan-context-fishpond-d5897cc257324689",
      "properties": {
        "area_m2_local": 1061.62,
        "authority_scope": "context-only",
        "id": "yilan-context-fishpond-d5897cc257324689",
        "model": "facebook/sam3",
        "prompt": "pond",
        "provenance_refs": [
          "receipts/20261010-context-fishponds-public-r3.receipt.json",
          "decisions/2026-10-10-context-fishponds-public-r3.md"
        ],
        "score": 0.269531,
        "simulation_label": "模擬／AI 衍生",
        "source": "NLSC PHOTO2 live WMTS",
        "source_notice": "模擬／AI 衍生魚塭背景，非現地測繪、完整魚場清冊、即時觀測、診斷或養殖操作建議；不具 topology 或 runtime authority。",
        "source_window_pixel_origin": [
          2304,
          0
        ],
        "water_colour_fraction": 1.0
      },
      "type": "Feature"
    },
    {
      "geometry": {
        "coordinates": [
          [
            [
              121.821373964,
              24.731021714
            ],
            [
              121.821456132,
              24.730797819
            ],
            [
              121.821587144,
              24.730806973
            ],
            [
              121.821767694,
              24.730864851
            ],
            [
              121.821807559,
              24.73090106
            ],
            [
              121.821765692,
              24.731053167
            ],
            [
              121.821714732,
              24.731108711
            ],
            [
              121.821535824,
              24.731089593
            ],
            [
              121.821378417,
              24.731041936
            ],
            [
              121.821373964,
              24.731021714
            ]
          ]
        ],
        "type": "Polygon"
      },
      "id": "yilan-context-fishpond-dad45baf230d7ac5",
      "properties": {
        "area_m2_local": 1114.1,
        "authority_scope": "context-only",
        "id": "yilan-context-fishpond-dad45baf230d7ac5",
        "model": "facebook/sam3",
        "prompt": "pond",
        "provenance_refs": [
          "receipts/20261010-context-fishponds-public-r3.receipt.json",
          "decisions/2026-10-10-context-fishponds-public-r3.md"
        ],
        "score": 0.59375,
        "simulation_label": "模擬／AI 衍生",
        "source": "NLSC PHOTO2 live WMTS",
        "source_notice": "模擬／AI 衍生魚塭背景，非現地測繪、完整魚場清冊、即時觀測、診斷或養殖操作建議；不具 topology 或 runtime authority。",
        "source_window_pixel_origin": [
          3072,
          5376
        ],
        "water_colour_fraction": 1.0
      },
      "type": "Feature"
    },
    {
      "geometry": {
        "coordinates": [
          [
            [
              121.812935592,
              24.778570486
            ],
            [
              121.812946191,
              24.778243286
            ],
            [
              121.812974561,
              24.778226114
            ],
            [
              121.813466313,
              24.778245526
            ],
            [
              121.813466936,
              24.778245518
            ],
            [
              121.813616838,
              24.778235797
            ],
            [
              121.81388446,
              24.778245516
            ],
            [
              121.814095949,
              24.778274319
            ],
            [
              121.814126296,
              24.778329426
            ],
            [
              121.814126296,
              24.778561438
            ],
            [
              121.814105146,
              24.77863825
            ],
            [
              121.814095496,
              24.778655774
            ],
            [
              121.814033893,
              24.778683739
            ],
            [
              121.813885389,
              24.778683739
            ],
            [
              121.813746326,
              24.778664314
            ],
            [
              121.813745589,
              24.778664258
            ],
            [
              121.813102631,
              24.778654528
            ],
            [
              121.812965886,
              24.778616327
            ],
            [
              121.812935592,
              24.778570486
            ]
          ]
        ],
        "type": "Polygon"
      },
      "id": "yilan-context-fishpond-decf5daa55c501b4",
      "properties": {
        "area_m2_local": 5549.22,
        "authority_scope": "context-only",
        "id": "yilan-context-fishpond-decf5daa55c501b4",
        "model": "facebook/sam3",
        "prompt": "pond",
        "provenance_refs": [
          "receipts/20261010-context-fishponds-public-r3.receipt.json",
          "decisions/2026-10-10-context-fishponds-public-r3.md"
        ],
        "score": 0.351562,
        "simulation_label": "模擬／AI 衍生",
        "source": "NLSC PHOTO2 live WMTS",
        "source_notice": "模擬／AI 衍生魚塭背景，非現地測繪、完整魚場清冊、即時觀測、診斷或養殖操作建議；不具 topology 或 runtime authority。",
        "source_window_pixel_origin": [
          2304,
          768
        ],
        "water_colour_fraction": 1.0
      },
      "type": "Feature"
    },
    {
      "geometry": {
        "coordinates": [
          [
            [
              121.820939373,
              24.732371789
            ],
            [
              121.821078031,
              24.73208116
            ],
            [
              121.821108674,
              24.732044051
            ],
            [
              121.821147763,
              24.732035175
            ],
            [
              121.821314942,
              24.732111097
            ],
            [
              121.82132524,
              24.732204631
            ],
            [
              121.821304691,
              24.73225129
            ],
            [
              121.821252578,
              24.732298624
            ],
            [
              121.821178439,
              24.732327483
            ],
            [
              121.82117795,
              24.7323277
            ],
            [
              121.821177487,
              24.732327961
            ],
            [
              121.821177056,
              24.732328262
            ],
            [
              121.82117666,
              24.732328601
            ],
            [
              121.821176303,
              24.732328974
            ],
            [
              121.821175988,
              24.732329377
            ],
            [
              121.82117572,
              24.732329807
            ],
            [
              121.821175501,
              24.73233026
            ],
            [
              121.821175332,
              24.732330729
            ],
            [
              121.821175216,
              24.732331212
            ],
            [
              121.821154116,
              24.732446196
            ],
            [
              121.82107148,
              24.732502488
            ],
            [
              121.821021094,
              24.732502488
            ],
            [
              121.820949682,
              24.732465424
            ],
            [
              121.820939373,
              24.732371789
            ]
          ]
        ],
        "type": "Polygon"
      },
      "id": "yilan-context-fishpond-e17da164988d9ffe",
      "properties": {
        "area_m2_local": 1194.68,
        "authority_scope": "context-only",
        "id": "yilan-context-fishpond-e17da164988d9ffe",
        "model": "facebook/sam3",
        "prompt": "pond",
        "provenance_refs": [
          "receipts/20261010-context-fishponds-public-r3.receipt.json",
          "decisions/2026-10-10-context-fishponds-public-r3.md"
        ],
        "score": 0.726562,
        "simulation_label": "模擬／AI 衍生",
        "source": "NLSC PHOTO2 live WMTS",
        "source_notice": "模擬／AI 衍生魚塭背景，非現地測繪、完整魚場清冊、即時觀測、診斷或養殖操作建議；不具 topology 或 runtime authority。",
        "source_window_pixel_origin": [
          3072,
          5376
        ],
        "water_colour_fraction": 1.0
      },
      "type": "Feature"
    },
    {
      "geometry": {
        "coordinates": [
          [
            [
              121.82038155,
              24.729981655
            ],
            [
              121.820392012,
              24.729867628
            ],
            [
              121.82046656,
              24.729674168
            ],
            [
              121.820572297,
              24.72955892
            ],
            [
              121.820655856,
              24.729530459
            ],
            [
              121.820739947,
              24.729530459
            ],
            [
              121.821157005,
              24.729637303
            ],
            [
              121.821228786,
              24.729674559
            ],
            [
              121.821228786,
              24.729807258
            ],
            [
              121.821132548,
              24.730050069
            ],
            [
              121.821132414,
              24.730050456
            ],
            [
              121.821132316,
              24.73005085
            ],
            [
              121.821132253,
              24.730051251
            ],
            [
              121.821121685,
              24.730147246
            ],
            [
              121.821081408,
              24.730192975
            ],
            [
              121.820999699,
              24.730192975
            ],
            [
              121.820947347,
              24.730164445
            ],
            [
              121.820946916,
              24.730164233
            ],
            [
              121.820946466,
              24.730164058
            ],
            [
              121.820946,
              24.73016392
            ],
            [
              121.820945522,
              24.730163821
            ],
            [
              121.820945037,
              24.730163761
            ],
            [
              121.820944548,
              24.730163741
            ],
            [
              121.820892411,
              24.730163741
            ],
            [
              121.820840059,
              24.73013521
            ],
            [
              121.820839612,
              24.730134992
            ],
            [
              121.820839145,
              24.730134812
            ],
            [
              121.820838661,
              24.730134673
            ],
            [
              121.820517211,
              24.730056814
            ],
            [
              121.820421968,
              24.730018366
            ],
            [
              121.82038155,
              24.729981655
            ]
          ]
        ],
        "type": "Polygon"
      },
      "id": "yilan-context-fishpond-e4ca07e1293f988b",
      "properties": {
        "area_m2_local": 4633.66,
        "authority_scope": "context-only",
        "id": "yilan-context-fishpond-e4ca07e1293f988b",
        "model": "facebook/sam3",
        "prompt": "pond",
        "provenance_refs": [
          "receipts/20261010-context-fishponds-public-r3.receipt.json",
          "decisions/2026-10-10-context-fishponds-public-r3.md"
        ],
        "score": 0.486328,
        "simulation_label": "模擬／AI 衍生",
        "source": "NLSC PHOTO2 live WMTS",
        "source_notice": "模擬／AI 衍生魚塭背景，非現地測繪、完整魚場清冊、即時觀測、診斷或養殖操作建議；不具 topology 或 runtime authority。",
        "source_window_pixel_origin": [
          3072,
          5376
        ],
        "water_colour_fraction": 0.998799
      },
      "type": "Feature"
    },
    {
      "geometry": {
        "coordinates": [
          [
            [
              121.821626012,
              24.719799704
            ],
            [
              121.82163616,
              24.719753617
            ],
            [
              121.821709327,
              24.719696648
            ],
            [
              121.821815917,
              24.719648237
            ],
            [
              121.822029328,
              24.719561002
            ],
            [
              121.822067713,
              24.719561002
            ],
            [
              121.822119415,
              24.719654931
            ],
            [
              121.822151094,
              24.719923513
            ],
            [
              121.822026694,
              24.719980014
            ],
            [
              121.821877569,
              24.719989689
            ],
            [
              121.821877039,
              24.719989748
            ],
            [
              121.821876518,
              24.719989853
            ],
            [
              121.821876011,
              24.719990003
            ],
            [
              121.821875523,
              24.719990199
            ],
            [
              121.821833757,
              24.720009168
            ],
            [
              121.821719278,
              24.720009168
            ],
            [
              121.821689399,
              24.719982027
            ],
            [
              121.821647138,
              24.719895655
            ],
            [
              121.821626012,
              24.719799704
            ]
          ]
        ],
        "type": "Polygon"
      },
      "id": "yilan-context-fishpond-e85940f05897f415",
      "properties": {
        "area_m2_local": 1938.98,
        "authority_scope": "context-only",
        "id": "yilan-context-fishpond-e85940f05897f415",
        "model": "facebook/sam3",
        "prompt": "pond",
        "provenance_refs": [
          "receipts/20261010-context-fishponds-public-r3.receipt.json",
          "decisions/2026-10-10-context-fishponds-public-r3.md"
        ],
        "score": 0.542969,
        "simulation_label": "模擬／AI 衍生",
        "source": "NLSC PHOTO2 live WMTS",
        "source_notice": "模擬／AI 衍生魚塭背景，非現地測繪、完整魚場清冊、即時觀測、診斷或養殖操作建議；不具 topology 或 runtime authority。",
        "source_window_pixel_origin": [
          3072,
          6144
        ],
        "water_colour_fraction": 0.999444
      },
      "type": "Feature"
    },
    {
      "geometry": {
        "coordinates": [
          [
            [
              121.818890145,
              24.734855814
            ],
            [
              121.818932591,
              24.734634141
            ],
            [
              121.818972695,
              24.734597716
            ],
            [
              121.819162054,
              24.734597716
            ],
            [
              121.819214406,
              24.734626245
            ],
            [
              121.819214921,
              24.734626493
            ],
            [
              121.819215463,
              24.734626689
            ],
            [
              121.819216025,
              24.734626832
            ],
            [
              121.819311352,
              24.734646072
            ],
            [
              121.81936401,
              24.734684334
            ],
            [
              121.819364435,
              24.734684613
            ],
            [
              121.819364887,
              24.734684854
            ],
            [
              121.819365363,
              24.734685054
            ],
            [
              121.819365857,
              24.734685211
            ],
            [
              121.819366366,
              24.734685325
            ],
            [
              121.819366885,
              24.734685394
            ],
            [
              121.819367409,
              24.734685417
            ],
            [
              121.819397342,
              24.734685417
            ],
            [
              121.819446106,
              24.734729707
            ],
            [
              121.819363009,
              24.734833482
            ],
            [
              121.819362698,
              24.734833916
            ],
            [
              121.819362439,
              24.734834377
            ],
            [
              121.819362235,
              24.73483486
            ],
            [
              121.819362088,
              24.73483536
            ],
            [
              121.819361998,
              24.734835871
            ],
            [
              121.819361968,
              24.734836388
            ],
            [
              121.819361968,
              24.734874415
            ],
            [
              121.81931999,
              24.734969733
            ],
            [
              121.819224594,
              24.735037123
            ],
            [
              121.819224159,
              24.735037465
            ],
            [
              121.819223766,
              24.735037847
            ],
            [
              121.81922342,
              24.735038265
            ],
            [
              121.819223124,
              24.735038713
            ],
            [
              121.819222883,
              24.735039188
            ],
            [
              121.819202106,
              24.735086365
            ],
            [
              121.819150629,
              24.735114417
            ],
            [
              121.818972005,
              24.735162133
            ],
            [
              121.818942843,
              24.735135647
            ],
            [
              121.818911509,
              24.735069242
            ],
            [
              121.818911509,
              24.734953322
            ],
            [
              121.818911483,
              24.734952835
            ],
            [
              121.818911403,
              24.734952353
            ],
            [
              121.818890145,
              24.734855814
            ]
          ]
        ],
        "type": "Polygon"
      },
      "id": "yilan-context-fishpond-ead69b8b04cec199",
      "properties": {
        "area_m2_local": 2429.03,
        "authority_scope": "context-only",
        "id": "yilan-context-fishpond-ead69b8b04cec199",
        "model": "facebook/sam3",
        "prompt": "pond",
        "provenance_refs": [
          "receipts/20261010-context-fishponds-public-r3.receipt.json",
          "decisions/2026-10-10-context-fishponds-public-r3.md"
        ],
        "score": 0.257812,
        "simulation_label": "模擬／AI 衍生",
        "source": "NLSC PHOTO2 live WMTS",
        "source_notice": "模擬／AI 衍生魚塭背景，非現地測繪、完整魚場清冊、即時觀測、診斷或養殖操作建議；不具 topology 或 runtime authority。",
        "source_window_pixel_origin": [
          3072,
          4608
        ],
        "water_colour_fraction": 1.0
      },
      "type": "Feature"
    },
    {
      "geometry": {
        "coordinates": [
          [
            [
              121.813021378,
              24.783952307
            ],
            [
              121.813081313,
              24.783934169
            ],
            [
              121.813311598,
              24.783924665
            ],
            [
              121.813343047,
              24.784143572
            ],
            [
              121.81333283,
              24.784217781
            ],
            [
              121.813272547,
              24.784236024
            ],
            [
              121.81306201,
              24.784236024
            ],
            [
              121.813021378,
              24.784171468
            ],
            [
              121.813021378,
              24.783952307
            ]
          ]
        ],
        "type": "Polygon"
      },
      "id": "yilan-context-fishpond-eccd8e9bf172edaa",
      "properties": {
        "area_m2_local": 1036.26,
        "authority_scope": "context-only",
        "id": "yilan-context-fishpond-eccd8e9bf172edaa",
        "model": "facebook/sam3",
        "prompt": "pond",
        "provenance_refs": [
          "receipts/20261010-context-fishponds-public-r3.receipt.json",
          "decisions/2026-10-10-context-fishponds-public-r3.md"
        ],
        "score": 0.263672,
        "simulation_label": "模擬／AI 衍生",
        "source": "NLSC PHOTO2 live WMTS",
        "source_notice": "模擬／AI 衍生魚塭背景，非現地測繪、完整魚場清冊、即時觀測、診斷或養殖操作建議；不具 topology 或 runtime authority。",
        "source_window_pixel_origin": [
          2304,
          0
        ],
        "water_colour_fraction": 0.940299
      },
      "type": "Feature"
    },
    {
      "geometry": {
        "coordinates": [
          [
            [
              121.821347023,
              24.721301573
            ],
            [
              121.821367028,
              24.721265231
            ],
            [
              121.821407558,
              24.721246823
            ],
            [
              121.821545779,
              24.721227507
            ],
            [
              121.821662332,
              24.721227507
            ],
            [
              121.821713587,
              24.72124613
            ],
            [
              121.82174377,
              24.721282686
            ],
            [
              121.82174377,
              24.721426421
            ],
            [
              121.821712575,
              24.721511429
            ],
            [
              121.821651474,
              24.72153918
            ],
            [
              121.82139786,
              24.721529581
            ],
            [
              121.821357584,
              24.72148385
            ],
            [
              121.821347023,
              24.721301573
            ]
          ]
        ],
        "type": "Polygon"
      },
      "id": "yilan-context-fishpond-f2ddea90bdef9985",
      "properties": {
        "area_m2_local": 1253.09,
        "authority_scope": "context-only",
        "id": "yilan-context-fishpond-f2ddea90bdef9985",
        "model": "facebook/sam3",
        "prompt": "pond",
        "provenance_refs": [
          "receipts/20261010-context-fishponds-public-r3.receipt.json",
          "decisions/2026-10-10-context-fishponds-public-r3.md"
        ],
        "score": 0.664062,
        "simulation_label": "模擬／AI 衍生",
        "source": "NLSC PHOTO2 live WMTS",
        "source_notice": "模擬／AI 衍生魚塭背景，非現地測繪、完整魚場清冊、即時觀測、診斷或養殖操作建議；不具 topology 或 runtime authority。",
        "source_window_pixel_origin": [
          3072,
          6144
        ],
        "water_colour_fraction": 1.0
      },
      "type": "Feature"
    },
    {
      "geometry": {
        "coordinates": [
          [
            [
              121.821851301,
              24.722809121
            ],
            [
              121.821861831,
              24.722569991
            ],
            [
              121.821901228,
              24.722543152
            ],
            [
              121.821995091,
              24.722543152
            ],
            [
              121.822024669,
              24.722552108
            ],
            [
              121.822043969,
              24.722578404
            ],
            [
              121.822022762,
              24.722732508
            ],
            [
              121.822022724,
              24.722732916
            ],
            [
              121.822022724,
              24.722733325
            ],
            [
              121.822022762,
              24.722733733
            ],
            [
              121.822033286,
              24.722810213
            ],
            [
              121.822014069,
              24.722845125
            ],
            [
              121.821890939,
              24.722845125
            ],
            [
              121.821851301,
              24.722809121
            ]
          ]
        ],
        "type": "Polygon"
      },
      "id": "yilan-context-fishpond-f33f576d2936a9b2",
      "properties": {
        "area_m2_local": 576.77,
        "authority_scope": "context-only",
        "id": "yilan-context-fishpond-f33f576d2936a9b2",
        "model": "facebook/sam3",
        "prompt": "pond",
        "provenance_refs": [
          "receipts/20261010-context-fishponds-public-r3.receipt.json",
          "decisions/2026-10-10-context-fishponds-public-r3.md"
        ],
        "score": 0.605469,
        "simulation_label": "模擬／AI 衍生",
        "source": "NLSC PHOTO2 live WMTS",
        "source_notice": "模擬／AI 衍生魚塭背景，非現地測繪、完整魚場清冊、即時觀測、診斷或養殖操作建議；不具 topology 或 runtime authority。",
        "source_window_pixel_origin": [
          3072,
          6144
        ],
        "water_colour_fraction": 1.0
      },
      "type": "Feature"
    },
    {
      "geometry": {
        "coordinates": [
          [
            [
              121.820939327,
              24.72141766
            ],
            [
              121.820959961,
              24.721323944
            ],
            [
              121.821106242,
              24.72128598
            ],
            [
              121.821221244,
              24.72128598
            ],
            [
              121.82125084,
              24.721312864
            ],
            [
              121.821271654,
              24.721379035
            ],
            [
              121.821261178,
              24.721531277
            ],
            [
              121.821222213,
              24.721548974
            ],
            [
              121.821042155,
              24.721548974
            ],
            [
              121.820990521,
              24.721530213
            ],
            [
              121.820949714,
              24.721493147
            ],
            [
              121.820939327,
              24.72141766
            ]
          ]
        ],
        "type": "Polygon"
      },
      "id": "yilan-context-fishpond-f4ed8e8583968291",
      "properties": {
        "area_m2_local": 865.69,
        "authority_scope": "context-only",
        "id": "yilan-context-fishpond-f4ed8e8583968291",
        "model": "facebook/sam3",
        "prompt": "pond",
        "provenance_refs": [
          "receipts/20261010-context-fishponds-public-r3.receipt.json",
          "decisions/2026-10-10-context-fishponds-public-r3.md"
        ],
        "score": 0.652344,
        "simulation_label": "模擬／AI 衍生",
        "source": "NLSC PHOTO2 live WMTS",
        "source_notice": "模擬／AI 衍生魚塭背景，非現地測繪、完整魚場清冊、即時觀測、診斷或養殖操作建議；不具 topology 或 runtime authority。",
        "source_window_pixel_origin": [
          3072,
          6144
        ],
        "water_colour_fraction": 1.0
      },
      "type": "Feature"
    },
    {
      "geometry": {
        "coordinates": [
          [
            [
              121.818879323,
              24.72741146
            ],
            [
              121.818899588,
              24.727337832
            ],
            [
              121.818978917,
              24.727337832
            ],
            [
              121.818997107,
              24.727354354
            ],
            [
              121.818986486,
              24.727624465
            ],
            [
              121.818966338,
              24.727688518
            ],
            [
              121.818930075,
              24.727688518
            ],
            [
              121.818879323,
              24.7276332
            ],
            [
              121.818879323,
              24.72741146
            ]
          ]
        ],
        "type": "Polygon"
      },
      "id": "yilan-context-fishpond-f99eef087bfb0201",
      "properties": {
        "area_m2_local": 407.91,
        "authority_scope": "context-only",
        "id": "yilan-context-fishpond-f99eef087bfb0201",
        "model": "facebook/sam3",
        "prompt": "pond",
        "provenance_refs": [
          "receipts/20261010-context-fishponds-public-r3.receipt.json",
          "decisions/2026-10-10-context-fishponds-public-r3.md"
        ],
        "score": 0.640625,
        "simulation_label": "模擬／AI 衍生",
        "source": "NLSC PHOTO2 live WMTS",
        "source_notice": "模擬／AI 衍生魚塭背景，非現地測繪、完整魚場清冊、即時觀測、診斷或養殖操作建議；不具 topology 或 runtime authority。",
        "source_window_pixel_origin": [
          3072,
          5376
        ],
        "water_colour_fraction": 1.0
      },
      "type": "Feature"
    },
    {
      "geometry": {
        "coordinates": [
          [
            [
              121.821443514,
              24.726574083
            ],
            [
              121.821485713,
              24.726507006
            ],
            [
              121.821485982,
              24.726506519
            ],
            [
              121.821486189,
              24.726506008
            ],
            [
              121.821529105,
              24.726379321
            ],
            [
              121.821529235,
              24.726378855
            ],
            [
              121.821529316,
              24.72637838
            ],
            [
              121.821529345,
              24.726377901
            ],
            [
              121.821529323,
              24.726377421
            ],
            [
              121.821518594,
              24.726270224
            ],
            [
              121.821518518,
              24.726269738
            ],
            [
              121.82151839,
              24.726269262
            ],
            [
              121.821518211,
              24.7262688
            ],
            [
              121.821517982,
              24.726268356
            ],
            [
              121.821517706,
              24.726267935
            ],
            [
              121.821517385,
              24.726267541
            ],
            [
              121.821517023,
              24.726267178
            ],
            [
              121.821452158,
              24.726208259
            ],
            [
              121.821597552,
              24.726217063
            ],
            [
              121.821701127,
              24.726264103
            ],
            [
              121.821711539,
              24.726377583
            ],
            [
              121.821647316,
              24.726669254
            ],
            [
              121.821647237,
              24.726669736
            ],
            [
              121.821647211,
              24.726670223
            ],
            [
              121.821647211,
              24.726745809
            ],
            [
              121.821598326,
              24.726781331
            ],
            [
              121.821561129,
              24.726764438
            ],
            [
              121.821550761,
              24.7266891
            ],
            [
              121.821550673,
              24.726688641
            ],
            [
              121.821550538,
              24.726688191
            ],
            [
              121.821550357,
              24.726687754
            ],
            [
              121.821550131,
              24.726687335
            ],
            [
              121.821549863,
              24.726686938
            ],
            [
              121.821549555,
              24.726686565
            ],
            [
              121.82154921,
              24.72668622
            ],
            [
              121.821506294,
              24.726647239
            ],
            [
              121.821505922,
              24.72664693
            ],
            [
              121.821505519,
              24.726646655
            ],
            [
              121.82150509,
              24.726646414
            ],
            [
              121.821504638,
              24.72664621
            ],
            [
              121.821504168,
              24.726646045
            ],
            [
              121.821443514,
              24.726627681
            ],
            [
              121.821443514,
              24.726574083
            ]
          ]
        ],
        "type": "Polygon"
      },
      "id": "yilan-context-fishpond-fcd5869121de9ca5",
      "properties": {
        "area_m2_local": 1068.97,
        "authority_scope": "context-only",
        "id": "yilan-context-fishpond-fcd5869121de9ca5",
        "model": "facebook/sam3",
        "prompt": "pond",
        "provenance_refs": [
          "receipts/20261010-context-fishponds-public-r3.receipt.json",
          "decisions/2026-10-10-context-fishponds-public-r3.md"
        ],
        "score": 0.566406,
        "simulation_label": "模擬／AI 衍生",
        "source": "NLSC PHOTO2 live WMTS",
        "source_notice": "模擬／AI 衍生魚塭背景，非現地測繪、完整魚場清冊、即時觀測、診斷或養殖操作建議；不具 topology 或 runtime authority。",
        "source_window_pixel_origin": [
          3072,
          5376
        ],
        "water_colour_fraction": 0.988868
      },
      "type": "Feature"
    },
    {
      "geometry": {
        "coordinates": [
          [
            [
              121.811218934,
              24.763687017
            ],
            [
              121.811250785,
              24.763542403
            ],
            [
              121.811302123,
              24.763477138
            ],
            [
              121.812007156,
              24.763477138
            ],
            [
              121.812112242,
              24.763486681
            ],
            [
              121.812130733,
              24.763503471
            ],
            [
              121.812130733,
              24.763987735
            ],
            [
              121.812110553,
              24.764042707
            ],
            [
              121.811685024,
              24.764119987
            ],
            [
              121.811621189,
              24.764119987
            ],
            [
              121.811620607,
              24.764120015
            ],
            [
              121.811620031,
              24.7641201
            ],
            [
              121.811619469,
              24.76412024
            ],
            [
              121.811459235,
              24.76416874
            ],
            [
              121.811260013,
              24.764178261
            ],
            [
              121.811218934,
              24.764085007
            ],
            [
              121.811218934,
              24.763687017
            ]
          ]
        ],
        "type": "Polygon"
      },
      "id": "yilan-context-fishpond-ff1966f0af82f1e6",
      "properties": {
        "area_m2_local": 6479.81,
        "authority_scope": "context-only",
        "id": "yilan-context-fishpond-ff1966f0af82f1e6",
        "model": "facebook/sam3",
        "prompt": "pond",
        "provenance_refs": [
          "receipts/20261010-context-fishponds-public-r3.receipt.json",
          "decisions/2026-10-10-context-fishponds-public-r3.md"
        ],
        "score": 0.519531,
        "simulation_label": "模擬／AI 衍生",
        "source": "NLSC PHOTO2 live WMTS",
        "source_notice": "模擬／AI 衍生魚塭背景，非現地測繪、完整魚場清冊、即時觀測、診斷或養殖操作建議；不具 topology 或 runtime authority。",
        "source_window_pixel_origin": [
          2304,
          2304
        ],
        "water_colour_fraction": 0.999484
      },
      "type": "Feature"
    }
  ],
  "metadata": {
    "accessed": {
      "end": "2026-10-09T16:57:38.114145Z",
      "start": "2026-10-09T16:29:20.013801Z"
    },
    "additional_tiles_read": 207,
    "authority_limits": {
      "completeness_claim": false,
      "imagery_publication": false,
      "runtime_authority": false,
      "survey_claim": false,
      "topology_authority": false
    },
    "checkpoint": {
      "byte_count": 3450062241,
      "path": "local-artifact:sha256:9999e2341ceef5e136daa386eecb55cb414446a00ac2b55eb2dfd2f7c3cf8c9e",
      "sha256": "9999e2341ceef5e136daa386eecb55cb414446a00ac2b55eb2dfd2f7c3cf8c9e"
    },
    "coverage": {
      "full_required_bbox_processed": true,
      "processed_bbox_wgs84": [
        121.783447265625,
        24.706915241066337,
        121.84661865234375,
        24.786734541988885
      ],
      "processing_bbox_wgs84": [
        121.785,
        24.707,
        121.844,
        24.785
      ],
      "required_bbox_wgs84": [
        121.785,
        24.719,
        121.844,
        24.773
      ],
      "retained_bbox_wgs84": [
        121.785,
        24.707,
        121.844,
        24.785
      ],
      "window_count": 88
    },
    "decision_path": "decisions/2026-10-10-context-fishponds-public-r3.md",
    "exclusion_inputs": [
      {
        "byte_count": 3238507,
        "path": "inputs/osm/geofabrik-20261001-v1/water_bodies.json",
        "sha256": "4f783e7b82459cede5679be6a76d4868672c9a1cda2d565c84b9f0211705b4eb"
      },
      {
        "byte_count": 23263232,
        "path": "inputs/osm/geofabrik-20261001-v1/waterways.json",
        "sha256": "12adf0a9bf9fc639cfb6b75f4dae1f62481f639db9b8551fefbcfca27a8a6cbe"
      },
      {
        "byte_count": 1064,
        "path": "sites/yilan-pond/base-scene.json",
        "sha256": "9996cfadab5fce52c66d86f75009104b62d47b7b9c1f98eff4d980e82124ee56"
      },
      {
        "byte_count": 30650,
        "path": "inputs/pond-world-wheels-20261007.json",
        "sha256": "aac342e6cb7c12438f101f62c91b2905095c19afe2b96e4fae078974ae6a00f3"
      }
    ],
    "model": {
      "checkpoint": {
        "byte_count": 3450062241,
        "path": "local-artifact:sha256:9999e2341ceef5e136daa386eecb55cb414446a00ac2b55eb2dfd2f7c3cf8c9e",
        "sha256": "9999e2341ceef5e136daa386eecb55cb414446a00ac2b55eb2dfd2f7c3cf8c9e"
      },
      "cuda": "13.0",
      "device": "NVIDIA GeForce RTX 5090",
      "hf_cache_main_revision": "3c879f39826c281e95690f02c7821c4de09afae7",
      "hf_revision_identity_verified": false,
      "name": "facebook/sam3",
      "numpy": "2.2.6",
      "package_version": "0.1.0",
      "revision_note": "HF cache ref is identifiable metadata; checkpoint content is bound by actual SHA-256, not asserted equal to the cache object.",
      "source_path": "local-source:revision:7bf4637b045a393d8e30820869bf4d5273f09511",
      "source_revision": "7bf4637b045a393d8e30820869bf4d5273f09511",
      "source_revision_kind": "ComfyUI-RMBG repository commit containing vendored SAM3; not claimed as an upstream SAM3 commit",
      "torch": "2.9.1+cu130",
      "vocabulary": {
        "byte_count": 1356917,
        "path": "local-artifact:sha256:924691ac288e54409236115652ad4aa250f48203de50a9e4722a6ecd48d6804a",
        "sha256": "924691ac288e54409236115652ad4aa250f48203de50a9e4722a6ecd48d6804a"
      }
    },
    "osm_basin_overlap_policy": "Compact untagged OSM water basins remain eligible for SAM outlines; overlap with older basin meshes is deliberate and the rendering integration seats the new surface above them.",
    "osm_water_classifications": [
      {
        "area_m2": 109493.048,
        "compactness": 0.201215,
        "excluded": true,
        "long_side_m": 687.102,
        "reason": "explicit river/canal/stream/drain tag",
        "rectangularity": 0.290592,
        "source": "relation/2876280",
        "tags": {
          "intermittent": "yes",
          "natural": "water",
          "type": "multipolygon",
          "water": "river"
        }
      },
      {
        "area_m2": 201010.917,
        "compactness": 0.019899,
        "excluded": true,
        "long_side_m": 2639.696,
        "reason": "explicit river/canal/stream/drain tag",
        "rectangularity": 0.160944,
        "source": "relation/2876280",
        "tags": {
          "intermittent": "yes",
          "natural": "water",
          "type": "multipolygon",
          "water": "river"
        }
      },
      {
        "area_m2": 16402.347,
        "compactness": 0.07285,
        "excluded": true,
        "long_side_m": 808.515,
        "reason": "explicit river/canal/stream/drain tag",
        "rectangularity": 0.246739,
        "source": "relation/2876280",
        "tags": {
          "intermittent": "yes",
          "natural": "water",
          "type": "multipolygon",
          "water": "river"
        }
      },
      {
        "area_m2": 1693.633,
        "compactness": 0.074203,
        "excluded": true,
        "long_side_m": 264.032,
        "reason": "explicit river/canal/stream/drain tag",
        "rectangularity": 0.623217,
        "source": "relation/2876280",
        "tags": {
          "intermittent": "yes",
          "natural": "water",
          "type": "multipolygon",
          "water": "river"
        }
      },
      {
        "area_m2": 45786.879,
        "compactness": 0.088314,
        "excluded": true,
        "long_side_m": 785.7,
        "reason": "explicit river/canal/stream/drain tag",
        "rectangularity": 0.305342,
        "source": "relation/2876280",
        "tags": {
          "intermittent": "yes",
          "natural": "water",
          "type": "multipolygon",
          "water": "river"
        }
      },
      {
        "area_m2": 31297.386,
        "compactness": 0.039574,
        "excluded": true,
        "long_side_m": 882.068,
        "reason": "explicit river/canal/stream/drain tag",
        "rectangularity": 0.102243,
        "source": "relation/2876280",
        "tags": {
          "intermittent": "yes",
          "natural": "water",
          "type": "multipolygon",
          "water": "river"
        }
      },
      {
        "area_m2": 1069.163,
        "compactness": 0.202725,
        "excluded": true,
        "long_side_m": 113.372,
        "reason": "explicit river/canal/stream/drain tag",
        "rectangularity": 0.359426,
        "source": "relation/2876280",
        "tags": {
          "intermittent": "yes",
          "natural": "water",
          "type": "multipolygon",
          "water": "river"
        }
      },
      {
        "area_m2": 6636.875,
        "compactness": 0.040941,
        "excluded": true,
        "long_side_m": 546.662,
        "reason": "explicit river/canal/stream/drain tag",
        "rectangularity": 0.159912,
        "source": "relation/2876280",
        "tags": {
          "intermittent": "yes",
          "natural": "water",
          "type": "multipolygon",
          "water": "river"
        }
      },
      {
        "area_m2": 5229.504,
        "compactness": 0.61221,
        "excluded": true,
        "long_side_m": 133.712,
        "reason": "explicit river/canal/stream/drain tag",
        "rectangularity": 0.627903,
        "source": "relation/2876280",
        "tags": {
          "intermittent": "yes",
          "natural": "water",
          "type": "multipolygon",
          "water": "river"
        }
      },
      {
        "area_m2": 6571.079,
        "compactness": 0.463158,
        "excluded": true,
        "long_side_m": 141.594,
        "reason": "explicit river/canal/stream/drain tag",
        "rectangularity": 0.586283,
        "source": "relation/2876280",
        "tags": {
          "intermittent": "yes",
          "natural": "water",
          "type": "multipolygon",
          "water": "river"
        }
      },
      {
        "area_m2": 24485.85,
        "compactness": 0.107642,
        "excluded": true,
        "long_side_m": 819.016,
        "reason": "explicit river/canal/stream/drain tag",
        "rectangularity": 0.322812,
        "source": "relation/2876280",
        "tags": {
          "intermittent": "yes",
          "natural": "water",
          "type": "multipolygon",
          "water": "river"
        }
      },
      {
        "area_m2": 3307.097,
        "compactness": 0.080409,
        "excluded": true,
        "long_side_m": 289.357,
        "reason": "explicit river/canal/stream/drain tag",
        "rectangularity": 0.227322,
        "source": "relation/2876280",
        "tags": {
          "intermittent": "yes",
          "natural": "water",
          "type": "multipolygon",
          "water": "river"
        }
      },
      {
        "area_m2": 66637.466,
        "compactness": 0.055018,
        "excluded": true,
        "long_side_m": 888.498,
        "reason": "explicit river/canal/stream/drain tag",
        "rectangularity": 0.242812,
        "source": "relation/2876280",
        "tags": {
          "intermittent": "yes",
          "natural": "water",
          "type": "multipolygon",
          "water": "river"
        }
      },
      {
        "area_m2": 5155.271,
        "compactness": 0.187536,
        "excluded": true,
        "long_side_m": 214.492,
        "reason": "explicit river/canal/stream/drain tag",
        "rectangularity": 0.499176,
        "source": "relation/2876280",
        "tags": {
          "intermittent": "yes",
          "natural": "water",
          "type": "multipolygon",
          "water": "river"
        }
      },
      {
        "area_m2": 5693.043,
        "compactness": 0.13538,
        "excluded": true,
        "long_side_m": 350.927,
        "reason": "explicit river/canal/stream/drain tag",
        "rectangularity": 0.426692,
        "source": "relation/2876280",
        "tags": {
          "intermittent": "yes",
          "natural": "water",
          "type": "multipolygon",
          "water": "river"
        }
      },
      {
        "area_m2": 2405.833,
        "compactness": 0.192301,
        "excluded": true,
        "long_side_m": 173.957,
        "reason": "explicit river/canal/stream/drain tag",
        "rectangularity": 0.419614,
        "source": "relation/2876280",
        "tags": {
          "intermittent": "yes",
          "natural": "water",
          "type": "multipolygon",
          "water": "river"
        }
      },
      {
        "area_m2": 2736.216,
        "compactness": 0.159543,
        "excluded": true,
        "long_side_m": 130.39,
        "reason": "explicit river/canal/stream/drain tag",
        "rectangularity": 0.276486,
        "source": "relation/2876280",
        "tags": {
          "intermittent": "yes",
          "natural": "water",
          "type": "multipolygon",
          "water": "river"
        }
      },
      {
        "area_m2": 711.203,
        "compactness": 0.216079,
        "excluded": true,
        "long_side_m": 76.139,
        "reason": "explicit river/canal/stream/drain tag",
        "rectangularity": 0.310044,
        "source": "relation/2876280",
        "tags": {
          "intermittent": "yes",
          "natural": "water",
          "type": "multipolygon",
          "water": "river"
        }
      },
      {
        "area_m2": 868.595,
        "compactness": 0.22288,
        "excluded": true,
        "long_side_m": 102.044,
        "reason": "explicit river/canal/stream/drain tag",
        "rectangularity": 0.326724,
        "source": "relation/2876280",
        "tags": {
          "intermittent": "yes",
          "natural": "water",
          "type": "multipolygon",
          "water": "river"
        }
      },
      {
        "area_m2": 24063.736,
        "compactness": 0.153351,
        "excluded": true,
        "long_side_m": 651.276,
        "reason": "explicit river/canal/stream/drain tag",
        "rectangularity": 0.273289,
        "source": "relation/2876280",
        "tags": {
          "intermittent": "yes",
          "natural": "water",
          "type": "multipolygon",
          "water": "river"
        }
      },
      {
        "area_m2": 174.787,
        "compactness": 0.283743,
        "excluded": true,
        "long_side_m": 39.594,
        "reason": "explicit river/canal/stream/drain tag",
        "rectangularity": 0.357392,
        "source": "relation/2876280",
        "tags": {
          "intermittent": "yes",
          "natural": "water",
          "type": "multipolygon",
          "water": "river"
        }
      },
      {
        "area_m2": 3209.708,
        "compactness": 0.155261,
        "excluded": true,
        "long_side_m": 145.65,
        "reason": "explicit river/canal/stream/drain tag",
        "rectangularity": 0.288852,
        "source": "relation/2876280",
        "tags": {
          "intermittent": "yes",
          "natural": "water",
          "type": "multipolygon",
          "water": "river"
        }
      },
      {
        "area_m2": 810.823,
        "compactness": 0.825435,
        "excluded": true,
        "long_side_m": 41.822,
        "reason": "explicit river/canal/stream/drain tag",
        "rectangularity": 0.788104,
        "source": "relation/2876280",
        "tags": {
          "intermittent": "yes",
          "natural": "water",
          "type": "multipolygon",
          "water": "river"
        }
      },
      {
        "area_m2": 2115.823,
        "compactness": 0.129392,
        "excluded": true,
        "long_side_m": 210.622,
        "reason": "explicit river/canal/stream/drain tag",
        "rectangularity": 0.27084,
        "source": "relation/2876280",
        "tags": {
          "intermittent": "yes",
          "natural": "water",
          "type": "multipolygon",
          "water": "river"
        }
      },
      {
        "area_m2": 1212.426,
        "compactness": 0.291202,
        "excluded": true,
        "long_side_m": 107.424,
        "reason": "explicit river/canal/stream/drain tag",
        "rectangularity": 0.52512,
        "source": "relation/2876280",
        "tags": {
          "intermittent": "yes",
          "natural": "water",
          "type": "multipolygon",
          "water": "river"
        }
      },
      {
        "area_m2": 1793.646,
        "compactness": 0.730243,
        "excluded": true,
        "long_side_m": 75.738,
        "reason": "explicit river/canal/stream/drain tag",
        "rectangularity": 0.704628,
        "source": "relation/2876280",
        "tags": {
          "intermittent": "yes",
          "natural": "water",
          "type": "multipolygon",
          "water": "river"
        }
      },
      {
        "area_m2": 774.465,
        "compactness": 0.38285,
        "excluded": true,
        "long_side_m": 75.994,
        "reason": "explicit river/canal/stream/drain tag",
        "rectangularity": 0.677581,
        "source": "relation/2876280",
        "tags": {
          "intermittent": "yes",
          "natural": "water",
          "type": "multipolygon",
          "water": "river"
        }
      },
      {
        "area_m2": 1043.026,
        "compactness": 0.126831,
        "excluded": true,
        "long_side_m": 149.371,
        "reason": "explicit river/canal/stream/drain tag",
        "rectangularity": 0.278016,
        "source": "relation/2876280",
        "tags": {
          "intermittent": "yes",
          "natural": "water",
          "type": "multipolygon",
          "water": "river"
        }
      },
      {
        "area_m2": 3305.407,
        "compactness": 0.167208,
        "excluded": true,
        "long_side_m": 194.755,
        "reason": "explicit river/canal/stream/drain tag",
        "rectangularity": 0.434835,
        "source": "relation/2876280",
        "tags": {
          "intermittent": "yes",
          "natural": "water",
          "type": "multipolygon",
          "water": "river"
        }
      },
      {
        "area_m2": 5145.856,
        "compactness": 0.489375,
        "excluded": true,
        "long_side_m": 152.368,
        "reason": "explicit river/canal/stream/drain tag",
        "rectangularity": 0.62267,
        "source": "relation/2876280",
        "tags": {
          "intermittent": "yes",
          "natural": "water",
          "type": "multipolygon",
          "water": "river"
        }
      },
      {
        "area_m2": 671.093,
        "compactness": 0.582371,
        "excluded": true,
        "long_side_m": 45.917,
        "reason": "explicit river/canal/stream/drain tag",
        "rectangularity": 0.680863,
        "source": "relation/2876280",
        "tags": {
          "intermittent": "yes",
          "natural": "water",
          "type": "multipolygon",
          "water": "river"
        }
      },
      {
        "area_m2": 18304.936,
        "compactness": 0.23214,
        "excluded": true,
        "long_side_m": 444.424,
        "reason": "explicit river/canal/stream/drain tag",
        "rectangularity": 0.397712,
        "source": "relation/2876280",
        "tags": {
          "intermittent": "yes",
          "natural": "water",
          "type": "multipolygon",
          "water": "river"
        }
      },
      {
        "area_m2": 1265.873,
        "compactness": 0.354468,
        "excluded": true,
        "long_side_m": 82.698,
        "reason": "explicit river/canal/stream/drain tag",
        "rectangularity": 0.455828,
        "source": "relation/2876280",
        "tags": {
          "intermittent": "yes",
          "natural": "water",
          "type": "multipolygon",
          "water": "river"
        }
      },
      {
        "area_m2": 3787.658,
        "compactness": 0.133006,
        "excluded": true,
        "long_side_m": 200.958,
        "reason": "explicit river/canal/stream/drain tag",
        "rectangularity": 0.23972,
        "source": "relation/2876280",
        "tags": {
          "intermittent": "yes",
          "natural": "water",
          "type": "multipolygon",
          "water": "river"
        }
      },
      {
        "area_m2": 2423.312,
        "compactness": 0.411455,
        "excluded": true,
        "long_side_m": 107.072,
        "reason": "explicit river/canal/stream/drain tag",
        "rectangularity": 0.633483,
        "source": "relation/2876280",
        "tags": {
          "intermittent": "yes",
          "natural": "water",
          "type": "multipolygon",
          "water": "river"
        }
      },
      {
        "area_m2": 2549.909,
        "compactness": 0.259174,
        "excluded": true,
        "long_side_m": 101.687,
        "reason": "explicit river/canal/stream/drain tag",
        "rectangularity": 0.430001,
        "source": "relation/2876280",
        "tags": {
          "intermittent": "yes",
          "natural": "water",
          "type": "multipolygon",
          "water": "river"
        }
      },
      {
        "area_m2": 103469.694,
        "compactness": 0.090307,
        "excluded": true,
        "long_side_m": 1223.707,
        "reason": "explicit river/canal/stream/drain tag",
        "rectangularity": 0.161304,
        "source": "relation/2876280",
        "tags": {
          "intermittent": "yes",
          "natural": "water",
          "type": "multipolygon",
          "water": "river"
        }
      },
      {
        "area_m2": 8708.471,
        "compactness": 0.458018,
        "excluded": true,
        "long_side_m": 218.095,
        "reason": "explicit river/canal/stream/drain tag",
        "rectangularity": 0.60909,
        "source": "relation/2876280",
        "tags": {
          "intermittent": "yes",
          "natural": "water",
          "type": "multipolygon",
          "water": "river"
        }
      },
      {
        "area_m2": 840.481,
        "compactness": 0.472749,
        "excluded": true,
        "long_side_m": 69.446,
        "reason": "explicit river/canal/stream/drain tag",
        "rectangularity": 0.69199,
        "source": "relation/2876280",
        "tags": {
          "intermittent": "yes",
          "natural": "water",
          "type": "multipolygon",
          "water": "river"
        }
      },
      {
        "area_m2": 456.264,
        "compactness": 0.417785,
        "excluded": true,
        "long_side_m": 40.864,
        "reason": "explicit river/canal/stream/drain tag",
        "rectangularity": 0.50242,
        "source": "relation/2876280",
        "tags": {
          "intermittent": "yes",
          "natural": "water",
          "type": "multipolygon",
          "water": "river"
        }
      },
      {
        "area_m2": 128506.125,
        "compactness": 0.257269,
        "excluded": true,
        "long_side_m": 1150.426,
        "reason": "explicit river/canal/stream/drain tag",
        "rectangularity": 0.644195,
        "source": "relation/2876280",
        "tags": {
          "intermittent": "yes",
          "natural": "water",
          "type": "multipolygon",
          "water": "river"
        }
      },
      {
        "area_m2": 6965.954,
        "compactness": 0.437477,
        "excluded": true,
        "long_side_m": 210.177,
        "reason": "explicit river/canal/stream/drain tag",
        "rectangularity": 0.659407,
        "source": "relation/2876280",
        "tags": {
          "intermittent": "yes",
          "natural": "water",
          "type": "multipolygon",
          "water": "river"
        }
      },
      {
        "area_m2": 16793.782,
        "compactness": 0.534193,
        "excluded": true,
        "long_side_m": 194.501,
        "reason": "explicit river/canal/stream/drain tag",
        "rectangularity": 0.536995,
        "source": "relation/2876280",
        "tags": {
          "intermittent": "yes",
          "natural": "water",
          "type": "multipolygon",
          "water": "river"
        }
      },
      {
        "area_m2": 2561.048,
        "compactness": 0.305036,
        "excluded": true,
        "long_side_m": 152.594,
        "reason": "explicit river/canal/stream/drain tag",
        "rectangularity": 0.53543,
        "source": "relation/2876280",
        "tags": {
          "intermittent": "yes",
          "natural": "water",
          "type": "multipolygon",
          "water": "river"
        }
      },
      {
        "area_m2": 1632.545,
        "compactness": 0.211041,
        "excluded": true,
        "long_side_m": 78.859,
        "reason": "explicit river/canal/stream/drain tag",
        "rectangularity": 0.361978,
        "source": "relation/2876280",
        "tags": {
          "intermittent": "yes",
          "natural": "water",
          "type": "multipolygon",
          "water": "river"
        }
      },
      {
        "area_m2": 4252.29,
        "compactness": 0.331447,
        "excluded": true,
        "long_side_m": 165.497,
        "reason": "explicit river/canal/stream/drain tag",
        "rectangularity": 0.441611,
        "source": "relation/2876280",
        "tags": {
          "intermittent": "yes",
          "natural": "water",
          "type": "multipolygon",
          "water": "river"
        }
      },
      {
        "area_m2": 2925.271,
        "compactness": 0.780059,
        "excluded": true,
        "long_side_m": 67.237,
        "reason": "explicit river/canal/stream/drain tag",
        "rectangularity": 0.691535,
        "source": "relation/2876280",
        "tags": {
          "intermittent": "yes",
          "natural": "water",
          "type": "multipolygon",
          "water": "river"
        }
      },
      {
        "area_m2": 286.806,
        "compactness": 0.362857,
        "excluded": true,
        "long_side_m": 35.03,
        "reason": "explicit river/canal/stream/drain tag",
        "rectangularity": 0.459294,
        "source": "relation/2876280",
        "tags": {
          "intermittent": "yes",
          "natural": "water",
          "type": "multipolygon",
          "water": "river"
        }
      },
      {
        "area_m2": 1777.692,
        "compactness": 0.600191,
        "excluded": true,
        "long_side_m": 79.712,
        "reason": "explicit river/canal/stream/drain tag",
        "rectangularity": 0.639366,
        "source": "relation/2876280",
        "tags": {
          "intermittent": "yes",
          "natural": "water",
          "type": "multipolygon",
          "water": "river"
        }
      },
      {
        "area_m2": 630.017,
        "compactness": 0.249107,
        "excluded": true,
        "long_side_m": 80.645,
        "reason": "explicit river/canal/stream/drain tag",
        "rectangularity": 0.316518,
        "source": "relation/2876280",
        "tags": {
          "intermittent": "yes",
          "natural": "water",
          "type": "multipolygon",
          "water": "river"
        }
      },
      {
        "area_m2": 2055.008,
        "compactness": 0.082497,
        "excluded": true,
        "long_side_m": 161.531,
        "reason": "explicit river/canal/stream/drain tag",
        "rectangularity": 0.28212,
        "source": "relation/2876280",
        "tags": {
          "intermittent": "yes",
          "natural": "water",
          "type": "multipolygon",
          "water": "river"
        }
      },
      {
        "area_m2": 462.889,
        "compactness": 0.356114,
        "excluded": true,
        "long_side_m": 61.819,
        "reason": "explicit river/canal/stream/drain tag",
        "rectangularity": 0.67283,
        "source": "relation/2876280",
        "tags": {
          "intermittent": "yes",
          "natural": "water",
          "type": "multipolygon",
          "water": "river"
        }
      },
      {
        "area_m2": 44169.466,
        "compactness": 0.070972,
        "excluded": true,
        "long_side_m": 1235.039,
        "reason": "explicit river/canal/stream/drain tag",
        "rectangularity": 0.304334,
        "source": "relation/2876280",
        "tags": {
          "intermittent": "yes",
          "natural": "water",
          "type": "multipolygon",
          "water": "river"
        }
      },
      {
        "area_m2": 3114321.506,
        "compactness": 0.00634,
        "excluded": true,
        "long_side_m": 16771.415,
        "reason": "explicit river/canal/stream/drain tag",
        "rectangularity": 0.107651,
        "source": "relation/15995020",
        "tags": {
          "natural": "water",
          "type": "multipolygon",
          "water": "river"
        }
      },
      {
        "area_m2": 5.415,
        "compactness": 0.03216,
        "excluded": true,
        "long_side_m": 22.958,
        "reason": "explicit river/canal/stream/drain tag",
        "rectangularity": 0.5,
        "source": "relation/15995020",
        "tags": {
          "natural": "water",
          "type": "multipolygon",
          "water": "river"
        }
      },
      {
        "area_m2": 11284.872,
        "compactness": 0.649424,
        "excluded": false,
        "long_side_m": 168.446,
        "reason": "compact/unclassified water basin retained as SAM-eligible",
        "rectangularity": 0.980361,
        "source": "way/839128338",
        "tags": {
          "natural": "water"
        }
      },
      {
        "area_m2": 49911.304,
        "compactness": 0.068665,
        "excluded": false,
        "long_side_m": 1459.86,
        "reason": "compact/unclassified water basin retained as SAM-eligible",
        "rectangularity": 0.315944,
        "source": "way/1164751438",
        "tags": {
          "natural": "water"
        }
      },
      {
        "area_m2": 5800.743,
        "compactness": 0.274108,
        "excluded": false,
        "long_side_m": 247.304,
        "reason": "compact/unclassified water basin retained as SAM-eligible",
        "rectangularity": 0.612319,
        "source": "way/1164751439",
        "tags": {
          "natural": "water"
        }
      },
      {
        "area_m2": 4758.415,
        "compactness": 0.62195,
        "excluded": false,
        "long_side_m": 124.512,
        "reason": "compact/unclassified water basin retained as SAM-eligible",
        "rectangularity": 0.774959,
        "source": "way/1164751440",
        "tags": {
          "natural": "water"
        }
      },
      {
        "area_m2": 136382.808,
        "compactness": 0.229774,
        "excluded": true,
        "long_side_m": 1165.984,
        "reason": "explicit river/canal/stream/drain tag",
        "rectangularity": 0.45882,
        "source": "way/1164751441",
        "tags": {
          "natural": "water",
          "water": "canal"
        }
      },
      {
        "area_m2": 72855.355,
        "compactness": 0.102183,
        "excluded": true,
        "long_side_m": 1259.594,
        "reason": "large winding untagged water polygon",
        "rectangularity": 0.147415,
        "source": "way/1166105614",
        "tags": {
          "natural": "water"
        }
      },
      {
        "area_m2": 80080.248,
        "compactness": 0.096371,
        "excluded": true,
        "long_side_m": 1490.674,
        "reason": "large winding untagged water polygon",
        "rectangularity": 0.257309,
        "source": "way/1166105617",
        "tags": {
          "natural": "water"
        }
      },
      {
        "area_m2": 47987.892,
        "compactness": 0.080411,
        "excluded": false,
        "long_side_m": 1203.768,
        "reason": "compact/unclassified water basin retained as SAM-eligible",
        "rectangularity": 0.172639,
        "source": "way/1166106631",
        "tags": {
          "natural": "water"
        }
      },
      {
        "area_m2": 119055.375,
        "compactness": 0.053731,
        "excluded": true,
        "long_side_m": 2189.22,
        "reason": "large winding untagged water polygon",
        "rectangularity": 0.090562,
        "source": "way/1166106632",
        "tags": {
          "natural": "water"
        }
      },
      {
        "area_m2": 64152.332,
        "compactness": 0.029041,
        "excluded": false,
        "long_side_m": 2613.116,
        "reason": "compact/unclassified water basin retained as SAM-eligible",
        "rectangularity": 0.675317,
        "source": "way/1166115968",
        "tags": {
          "natural": "water"
        }
      },
      {
        "area_m2": 18343.826,
        "compactness": 0.502666,
        "excluded": false,
        "long_side_m": 260.392,
        "reason": "compact/unclassified water basin retained as SAM-eligible",
        "rectangularity": 0.576747,
        "source": "way/1183510314",
        "tags": {
          "basin": "detention",
          "natural": "water",
          "water": "basin"
        }
      },
      {
        "area_m2": 1907.614,
        "compactness": 0.121418,
        "excluded": false,
        "long_side_m": 194.785,
        "reason": "compact/unclassified water basin retained as SAM-eligible",
        "rectangularity": 0.201892,
        "source": "way/1183510316",
        "tags": {
          "basin": "retention",
          "natural": "water",
          "water": "basin"
        }
      },
      {
        "area_m2": 17274.428,
        "compactness": 0.742612,
        "excluded": false,
        "long_side_m": 157.083,
        "reason": "compact/unclassified water basin retained as SAM-eligible",
        "rectangularity": 0.737225,
        "source": "way/1183510317",
        "tags": {
          "basin": "detention",
          "natural": "water",
          "water": "basin"
        }
      },
      {
        "area_m2": 2821.969,
        "compactness": 0.264365,
        "excluded": true,
        "long_side_m": 175.528,
        "reason": "explicit river/canal/stream/drain tag",
        "rectangularity": 0.537248,
        "source": "way/1183528546",
        "tags": {
          "intermittent": "yes",
          "natural": "water",
          "water": "canal"
        }
      },
      {
        "area_m2": 32628.028,
        "compactness": 0.074411,
        "excluded": true,
        "long_side_m": 1131.297,
        "reason": "explicit river/canal/stream/drain tag",
        "rectangularity": 0.308222,
        "source": "way/1183558447",
        "tags": {
          "natural": "water",
          "water": "canal"
        }
      },
      {
        "area_m2": 21279.075,
        "compactness": 0.03245,
        "excluded": false,
        "long_side_m": 1363.811,
        "reason": "compact/unclassified water basin retained as SAM-eligible",
        "rectangularity": 0.104224,
        "source": "way/1207965744",
        "tags": {
          "natural": "water"
        }
      },
      {
        "area_m2": 6255.534,
        "compactness": 0.678435,
        "excluded": false,
        "long_side_m": 120.005,
        "reason": "compact/unclassified water basin retained as SAM-eligible",
        "rectangularity": 0.784293,
        "source": "way/1207980465",
        "tags": {
          "natural": "water"
        }
      },
      {
        "area_m2": 1423.544,
        "compactness": 0.713051,
        "excluded": false,
        "long_side_m": 53.899,
        "reason": "compact/unclassified water basin retained as SAM-eligible",
        "rectangularity": 0.862223,
        "source": "way/1207980487",
        "tags": {
          "natural": "water"
        }
      },
      {
        "area_m2": 825.698,
        "compactness": 0.822716,
        "excluded": false,
        "long_side_m": 30.819,
        "reason": "compact/unclassified water basin retained as SAM-eligible",
        "rectangularity": 0.968181,
        "source": "way/1207980488",
        "tags": {
          "natural": "water"
        }
      },
      {
        "area_m2": 2157.797,
        "compactness": 0.509798,
        "excluded": false,
        "long_side_m": 95.125,
        "reason": "compact/unclassified water basin retained as SAM-eligible",
        "rectangularity": 0.801863,
        "source": "way/1207980489",
        "tags": {
          "natural": "water"
        }
      },
      {
        "area_m2": 4174.102,
        "compactness": 0.764973,
        "excluded": false,
        "long_side_m": 80.828,
        "reason": "compact/unclassified water basin retained as SAM-eligible",
        "rectangularity": 0.876549,
        "source": "way/1207980490",
        "tags": {
          "natural": "water"
        }
      },
      {
        "area_m2": 220.837,
        "compactness": 0.272016,
        "excluded": false,
        "long_side_m": 46.988,
        "reason": "compact/unclassified water basin retained as SAM-eligible",
        "rectangularity": 0.830976,
        "source": "way/1207980491",
        "tags": {
          "natural": "water"
        }
      },
      {
        "area_m2": 101.247,
        "compactness": 0.516432,
        "excluded": false,
        "long_side_m": 20.783,
        "reason": "compact/unclassified water basin retained as SAM-eligible",
        "rectangularity": 0.910909,
        "source": "way/1207980492",
        "tags": {
          "natural": "water"
        }
      },
      {
        "area_m2": 4317.825,
        "compactness": 0.726699,
        "excluded": false,
        "long_side_m": 101.479,
        "reason": "compact/unclassified water basin retained as SAM-eligible",
        "rectangularity": 0.846232,
        "source": "way/1207980493",
        "tags": {
          "natural": "water"
        }
      },
      {
        "area_m2": 907.747,
        "compactness": 0.70046,
        "excluded": false,
        "long_side_m": 51.166,
        "reason": "compact/unclassified water basin retained as SAM-eligible",
        "rectangularity": 0.765926,
        "source": "way/1207980494",
        "tags": {
          "natural": "water"
        }
      },
      {
        "area_m2": 1374.853,
        "compactness": 0.743009,
        "excluded": false,
        "long_side_m": 57.837,
        "reason": "compact/unclassified water basin retained as SAM-eligible",
        "rectangularity": 0.861276,
        "source": "way/1207980495",
        "tags": {
          "natural": "water"
        }
      },
      {
        "area_m2": 4270.638,
        "compactness": 0.435246,
        "excluded": false,
        "long_side_m": 111.36,
        "reason": "compact/unclassified water basin retained as SAM-eligible",
        "rectangularity": 0.577772,
        "source": "way/1207980496",
        "tags": {
          "natural": "water"
        }
      },
      {
        "area_m2": 1054.556,
        "compactness": 0.425823,
        "excluded": false,
        "long_side_m": 73.299,
        "reason": "compact/unclassified water basin retained as SAM-eligible",
        "rectangularity": 0.50905,
        "source": "way/1207980497",
        "tags": {
          "natural": "water"
        }
      },
      {
        "area_m2": 1747.181,
        "compactness": 0.651102,
        "excluded": false,
        "long_side_m": 67.453,
        "reason": "compact/unclassified water basin retained as SAM-eligible",
        "rectangularity": 0.912892,
        "source": "way/1207980498",
        "tags": {
          "natural": "water"
        }
      },
      {
        "area_m2": 2382.748,
        "compactness": 0.749458,
        "excluded": false,
        "long_side_m": 70.376,
        "reason": "compact/unclassified water basin retained as SAM-eligible",
        "rectangularity": 0.792318,
        "source": "way/1207980499",
        "tags": {
          "natural": "water"
        }
      },
      {
        "area_m2": 2970.742,
        "compactness": 0.448531,
        "excluded": false,
        "long_side_m": 123.936,
        "reason": "compact/unclassified water basin retained as SAM-eligible",
        "rectangularity": 0.639628,
        "source": "way/1207980500",
        "tags": {
          "natural": "water"
        }
      },
      {
        "area_m2": 963.514,
        "compactness": 0.818444,
        "excluded": false,
        "long_side_m": 34.34,
        "reason": "compact/unclassified water basin retained as SAM-eligible",
        "rectangularity": 0.861056,
        "source": "way/1207980501",
        "tags": {
          "natural": "water"
        }
      },
      {
        "area_m2": 1317.663,
        "compactness": 0.799112,
        "excluded": false,
        "long_side_m": 42.845,
        "reason": "compact/unclassified water basin retained as SAM-eligible",
        "rectangularity": 0.862568,
        "source": "way/1207980502",
        "tags": {
          "natural": "water"
        }
      },
      {
        "area_m2": 1341.385,
        "compactness": 0.670335,
        "excluded": false,
        "long_side_m": 58.519,
        "reason": "compact/unclassified water basin retained as SAM-eligible",
        "rectangularity": 0.763406,
        "source": "way/1207980503",
        "tags": {
          "natural": "water"
        }
      },
      {
        "area_m2": 1239.881,
        "compactness": 0.758126,
        "excluded": false,
        "long_side_m": 41.998,
        "reason": "compact/unclassified water basin retained as SAM-eligible",
        "rectangularity": 0.76593,
        "source": "way/1207980504",
        "tags": {
          "natural": "water"
        }
      },
      {
        "area_m2": 1434.606,
        "compactness": 0.757044,
        "excluded": false,
        "long_side_m": 52.024,
        "reason": "compact/unclassified water basin retained as SAM-eligible",
        "rectangularity": 0.933899,
        "source": "way/1207980505",
        "tags": {
          "natural": "water"
        }
      },
      {
        "area_m2": 1593.476,
        "compactness": 0.777643,
        "excluded": false,
        "long_side_m": 50.365,
        "reason": "compact/unclassified water basin retained as SAM-eligible",
        "rectangularity": 0.982465,
        "source": "way/1207980506",
        "tags": {
          "natural": "water"
        }
      },
      {
        "area_m2": 2728.038,
        "compactness": 0.773022,
        "excluded": false,
        "long_side_m": 70.819,
        "reason": "compact/unclassified water basin retained as SAM-eligible",
        "rectangularity": 0.968028,
        "source": "way/1207980507",
        "tags": {
          "natural": "water"
        }
      },
      {
        "area_m2": 4687.751,
        "compactness": 0.538519,
        "excluded": false,
        "long_side_m": 131.607,
        "reason": "compact/unclassified water basin retained as SAM-eligible",
        "rectangularity": 0.937148,
        "source": "way/1207980509",
        "tags": {
          "natural": "water"
        }
      },
      {
        "area_m2": 7845.527,
        "compactness": 0.744062,
        "excluded": false,
        "long_side_m": 125.256,
        "reason": "compact/unclassified water basin retained as SAM-eligible",
        "rectangularity": 0.925549,
        "source": "way/1207980510",
        "tags": {
          "natural": "water"
        }
      },
      {
        "area_m2": 2119.469,
        "compactness": 0.700897,
        "excluded": false,
        "long_side_m": 63.721,
        "reason": "compact/unclassified water basin retained as SAM-eligible",
        "rectangularity": 0.700908,
        "source": "way/1207989683",
        "tags": {
          "natural": "water"
        }
      },
      {
        "area_m2": 5729.365,
        "compactness": 0.556941,
        "excluded": false,
        "long_side_m": 136.685,
        "reason": "compact/unclassified water basin retained as SAM-eligible",
        "rectangularity": 0.779244,
        "source": "way/1207989684",
        "tags": {
          "natural": "water"
        }
      },
      {
        "area_m2": 3900.44,
        "compactness": 0.757301,
        "excluded": false,
        "long_side_m": 84.143,
        "reason": "compact/unclassified water basin retained as SAM-eligible",
        "rectangularity": 0.951231,
        "source": "way/1207989685",
        "tags": {
          "natural": "water"
        }
      },
      {
        "area_m2": 1118.266,
        "compactness": 0.729086,
        "excluded": false,
        "long_side_m": 48.962,
        "reason": "compact/unclassified water basin retained as SAM-eligible",
        "rectangularity": 0.885189,
        "source": "way/1207989686",
        "tags": {
          "natural": "water"
        }
      },
      {
        "area_m2": 2893.336,
        "compactness": 0.783585,
        "excluded": false,
        "long_side_m": 71.446,
        "reason": "compact/unclassified water basin retained as SAM-eligible",
        "rectangularity": 0.903392,
        "source": "way/1207989687",
        "tags": {
          "natural": "water"
        }
      },
      {
        "area_m2": 916.347,
        "compactness": 0.57328,
        "excluded": false,
        "long_side_m": 60.401,
        "reason": "compact/unclassified water basin retained as SAM-eligible",
        "rectangularity": 0.531041,
        "source": "way/1207989690",
        "tags": {
          "natural": "water"
        }
      },
      {
        "area_m2": 1982.913,
        "compactness": 0.13992,
        "excluded": false,
        "long_side_m": 204.321,
        "reason": "compact/unclassified water basin retained as SAM-eligible",
        "rectangularity": 0.565448,
        "source": "way/1207989704",
        "tags": {
          "natural": "water"
        }
      },
      {
        "area_m2": 4604.1,
        "compactness": 0.845811,
        "excluded": false,
        "long_side_m": 78.206,
        "reason": "compact/unclassified water basin retained as SAM-eligible",
        "rectangularity": 0.833564,
        "source": "way/1208687545",
        "tags": {
          "natural": "water"
        }
      },
      {
        "area_m2": 2165.27,
        "compactness": 0.704826,
        "excluded": false,
        "long_side_m": 61.083,
        "reason": "compact/unclassified water basin retained as SAM-eligible",
        "rectangularity": 0.858839,
        "source": "way/1208687546",
        "tags": {
          "natural": "water"
        }
      },
      {
        "area_m2": 2248.43,
        "compactness": 0.783263,
        "excluded": false,
        "long_side_m": 60.2,
        "reason": "compact/unclassified water basin retained as SAM-eligible",
        "rectangularity": 0.741448,
        "source": "way/1208687547",
        "tags": {
          "natural": "water"
        }
      },
      {
        "area_m2": 3470.108,
        "compactness": 0.85517,
        "excluded": false,
        "long_side_m": 61.745,
        "reason": "compact/unclassified water basin retained as SAM-eligible",
        "rectangularity": 0.928369,
        "source": "way/1208687548",
        "tags": {
          "natural": "water"
        }
      },
      {
        "area_m2": 2739.48,
        "compactness": 0.777495,
        "excluded": false,
        "long_side_m": 65.802,
        "reason": "compact/unclassified water basin retained as SAM-eligible",
        "rectangularity": 0.844602,
        "source": "way/1208687549",
        "tags": {
          "natural": "water"
        }
      },
      {
        "area_m2": 14650.23,
        "compactness": 0.75,
        "excluded": false,
        "long_side_m": 146.241,
        "reason": "compact/unclassified water basin retained as SAM-eligible",
        "rectangularity": 0.773135,
        "source": "way/1208687550",
        "tags": {
          "natural": "water"
        }
      },
      {
        "area_m2": 11675.435,
        "compactness": 0.733658,
        "excluded": false,
        "long_side_m": 134.673,
        "reason": "compact/unclassified water basin retained as SAM-eligible",
        "rectangularity": 0.86835,
        "source": "way/1208687551",
        "tags": {
          "natural": "water"
        }
      },
      {
        "area_m2": 7368.207,
        "compactness": 0.415592,
        "excluded": false,
        "long_side_m": 205.523,
        "reason": "compact/unclassified water basin retained as SAM-eligible",
        "rectangularity": 0.831319,
        "source": "way/1208687552",
        "tags": {
          "natural": "water"
        }
      },
      {
        "area_m2": 1518.111,
        "compactness": 0.174179,
        "excluded": false,
        "long_side_m": 141.554,
        "reason": "compact/unclassified water basin retained as SAM-eligible",
        "rectangularity": 0.279056,
        "source": "way/1208723282",
        "tags": {
          "natural": "water"
        }
      },
      {
        "area_m2": 9495.375,
        "compactness": 0.76187,
        "excluded": false,
        "long_side_m": 129.942,
        "reason": "compact/unclassified water basin retained as SAM-eligible",
        "rectangularity": 0.911695,
        "source": "way/1208755687",
        "tags": {
          "natural": "water"
        }
      },
      {
        "area_m2": 468.45,
        "compactness": 0.890449,
        "excluded": false,
        "long_side_m": 28.853,
        "reason": "compact/unclassified water basin retained as SAM-eligible",
        "rectangularity": 0.782496,
        "source": "way/1208755688",
        "tags": {
          "natural": "water"
        }
      },
      {
        "area_m2": 2368.57,
        "compactness": 0.658094,
        "excluded": false,
        "long_side_m": 77.67,
        "reason": "compact/unclassified water basin retained as SAM-eligible",
        "rectangularity": 0.819723,
        "source": "way/1209029440",
        "tags": {
          "natural": "water"
        }
      },
      {
        "area_m2": 2391.664,
        "compactness": 0.761717,
        "excluded": false,
        "long_side_m": 66.715,
        "reason": "compact/unclassified water basin retained as SAM-eligible",
        "rectangularity": 0.895408,
        "source": "way/1209029441",
        "tags": {
          "natural": "water"
        }
      },
      {
        "area_m2": 13676.506,
        "compactness": 0.662346,
        "excluded": false,
        "long_side_m": 179.216,
        "reason": "compact/unclassified water basin retained as SAM-eligible",
        "rectangularity": 0.93526,
        "source": "way/1209029442",
        "tags": {
          "natural": "water"
        }
      },
      {
        "area_m2": 8134.973,
        "compactness": 0.74916,
        "excluded": false,
        "long_side_m": 112.977,
        "reason": "compact/unclassified water basin retained as SAM-eligible",
        "rectangularity": 0.794991,
        "source": "way/1209315168",
        "tags": {
          "natural": "water"
        }
      },
      {
        "area_m2": 3813.519,
        "compactness": 0.592829,
        "excluded": false,
        "long_side_m": 113.484,
        "reason": "compact/unclassified water basin retained as SAM-eligible",
        "rectangularity": 0.947697,
        "source": "way/1209315169",
        "tags": {
          "natural": "water"
        }
      },
      {
        "area_m2": 375.375,
        "compactness": 0.551977,
        "excluded": false,
        "long_side_m": 36.089,
        "reason": "compact/unclassified water basin retained as SAM-eligible",
        "rectangularity": 0.971116,
        "source": "way/1209315170",
        "tags": {
          "natural": "water"
        }
      },
      {
        "area_m2": 359.37,
        "compactness": 0.558765,
        "excluded": false,
        "long_side_m": 35.194,
        "reason": "compact/unclassified water basin retained as SAM-eligible",
        "rectangularity": 0.964849,
        "source": "way/1209315171",
        "tags": {
          "natural": "water"
        }
      },
      {
        "area_m2": 4642.98,
        "compactness": 0.727877,
        "excluded": false,
        "long_side_m": 90.612,
        "reason": "compact/unclassified water basin retained as SAM-eligible",
        "rectangularity": 0.951271,
        "source": "way/1209315458",
        "tags": {
          "natural": "water"
        }
      },
      {
        "area_m2": 7172.505,
        "compactness": 0.778103,
        "excluded": false,
        "long_side_m": 121.305,
        "reason": "compact/unclassified water basin retained as SAM-eligible",
        "rectangularity": 0.950283,
        "source": "way/1209672277",
        "tags": {
          "natural": "water"
        }
      },
      {
        "area_m2": 5488.301,
        "compactness": 0.694919,
        "excluded": false,
        "long_side_m": 115.647,
        "reason": "compact/unclassified water basin retained as SAM-eligible",
        "rectangularity": 0.971024,
        "source": "way/1209678696",
        "tags": {
          "natural": "water"
        }
      },
      {
        "area_m2": 5487.547,
        "compactness": 0.669549,
        "excluded": false,
        "long_side_m": 120.236,
        "reason": "compact/unclassified water basin retained as SAM-eligible",
        "rectangularity": 0.972631,
        "source": "way/1209678697",
        "tags": {
          "natural": "water"
        }
      },
      {
        "area_m2": 7009.852,
        "compactness": 0.747997,
        "excluded": false,
        "long_side_m": 120.687,
        "reason": "compact/unclassified water basin retained as SAM-eligible",
        "rectangularity": 0.972569,
        "source": "way/1209678698",
        "tags": {
          "natural": "water"
        }
      },
      {
        "area_m2": 10213.29,
        "compactness": 0.680817,
        "excluded": false,
        "long_side_m": 146.699,
        "reason": "compact/unclassified water basin retained as SAM-eligible",
        "rectangularity": 0.95859,
        "source": "way/1210006762",
        "tags": {
          "natural": "water"
        }
      },
      {
        "area_m2": 11206.666,
        "compactness": 0.567987,
        "excluded": false,
        "long_side_m": 164.832,
        "reason": "compact/unclassified water basin retained as SAM-eligible",
        "rectangularity": 0.747962,
        "source": "way/1210009552",
        "tags": {
          "natural": "water"
        }
      },
      {
        "area_m2": 1480.889,
        "compactness": 0.356308,
        "excluded": false,
        "long_side_m": 99.365,
        "reason": "compact/unclassified water basin retained as SAM-eligible",
        "rectangularity": 0.999987,
        "source": "way/1210009553",
        "tags": {
          "natural": "water"
        }
      },
      {
        "area_m2": 8944.735,
        "compactness": 0.593264,
        "excluded": false,
        "long_side_m": 130.511,
        "reason": "compact/unclassified water basin retained as SAM-eligible",
        "rectangularity": 0.667759,
        "source": "way/1210009557",
        "tags": {
          "natural": "water"
        }
      },
      {
        "area_m2": 1824.369,
        "compactness": 0.520666,
        "excluded": false,
        "long_side_m": 91.253,
        "reason": "compact/unclassified water basin retained as SAM-eligible",
        "rectangularity": 0.560661,
        "source": "way/1210947853",
        "tags": {
          "natural": "water"
        }
      },
      {
        "area_m2": 2272.201,
        "compactness": 0.57857,
        "excluded": false,
        "long_side_m": 93.552,
        "reason": "compact/unclassified water basin retained as SAM-eligible",
        "rectangularity": 0.537182,
        "source": "way/1210947854",
        "tags": {
          "natural": "water"
        }
      },
      {
        "area_m2": 9710.657,
        "compactness": 0.275098,
        "excluded": false,
        "long_side_m": 179.956,
        "reason": "compact/unclassified water basin retained as SAM-eligible",
        "rectangularity": 0.866271,
        "source": "way/1210947856",
        "tags": {
          "natural": "water"
        }
      },
      {
        "area_m2": 972.727,
        "compactness": 0.012813,
        "excluded": true,
        "long_side_m": 486.366,
        "reason": "explicit river/canal/stream/drain tag",
        "rectangularity": 0.84549,
        "source": "way/200951908",
        "tags": {
          "waterway": "drain"
        }
      },
      {
        "area_m2": 24048.083,
        "compactness": 0.003259,
        "excluded": true,
        "long_side_m": 4760.354,
        "reason": "explicit river/canal/stream/drain tag",
        "rectangularity": 0.027859,
        "source": "way/210646854",
        "tags": {
          "waterway": "canal"
        }
      },
      {
        "area_m2": 29483.703,
        "compactness": 0.002659,
        "excluded": true,
        "long_side_m": 4420.857,
        "reason": "explicit river/canal/stream/drain tag",
        "rectangularity": 0.009023,
        "source": "way/210646855",
        "tags": {
          "waterway": "canal"
        }
      },
      {
        "area_m2": 13223.194,
        "compactness": 0.005917,
        "excluded": true,
        "long_side_m": 2372.748,
        "reason": "explicit river/canal/stream/drain tag",
        "rectangularity": 0.017937,
        "source": "way/238954770",
        "tags": {
          "waterway": "canal"
        }
      },
      {
        "area_m2": 14688.066,
        "compactness": 0.005329,
        "excluded": true,
        "long_side_m": 2632.197,
        "reason": "explicit river/canal/stream/drain tag",
        "rectangularity": 0.01371,
        "source": "way/324382499",
        "tags": {
          "alt_name": "古亭排水",
          "name": "古亭中排",
          "waterway": "canal"
        }
      },
      {
        "area_m2": 7435.187,
        "compactness": 0.010493,
        "excluded": true,
        "long_side_m": 1477.612,
        "reason": "explicit river/canal/stream/drain tag",
        "rectangularity": 0.074766,
        "source": "way/324978001",
        "tags": {
          "name": "宜蘭河",
          "name:en": "Yilan River",
          "name:nan": "Gî-lân-hô",
          "name:nan-Hant": "宜蘭河",
          "name:nan-Latn-pehoeji": "Gî-lân-hô",
          "name:nan-Latn-tailo": "Gî-lân-hô",
          "name:zh": "宜蘭河",
          "waterway": "canal"
        }
      },
      {
        "area_m2": 129621.758,
        "compactness": 0.009635,
        "excluded": true,
        "long_side_m": 5573.88,
        "reason": "explicit river/canal/stream/drain tag",
        "rectangularity": 0.02946,
        "source": "way/324978002",
        "tags": {
          "name": "宜蘭河",
          "name:en": "Yilan River",
          "name:nan": "Gî-lân-hô",
          "name:nan-Hant": "宜蘭河",
          "name:nan-Latn-pehoeji": "Gî-lân-hô",
          "name:nan-Latn-tailo": "Gî-lân-hô",
          "name:zh": "宜蘭河",
          "waterway": "river"
        }
      },
      {
        "area_m2": 7923.999,
        "compactness": 0.009849,
        "excluded": true,
        "long_side_m": 1397.879,
        "reason": "explicit river/canal/stream/drain tag",
        "rectangularity": 0.017791,
        "source": "way/366793020",
        "tags": {
          "waterway": "canal"
        }
      },
      {
        "area_m2": 35027.55,
        "compactness": 0.002239,
        "excluded": true,
        "long_side_m": 6789.384,
        "reason": "explicit river/canal/stream/drain tag",
        "rectangularity": 0.015006,
        "source": "way/367546194",
        "tags": {
          "name": "美福排水",
          "waterway": "canal"
        }
      },
      {
        "area_m2": 5049.307,
        "compactness": 0.015402,
        "excluded": true,
        "long_side_m": 1006.471,
        "reason": "explicit river/canal/stream/drain tag",
        "rectangularity": 0.138603,
        "source": "way/395202656",
        "tags": {
          "name": "茅仔寮排水",
          "waterway": "canal"
        }
      },
      {
        "area_m2": 262845.876,
        "compactness": 0.004766,
        "excluded": true,
        "long_side_m": 11123.4,
        "reason": "explicit river/canal/stream/drain tag",
        "rectangularity": 0.018424,
        "source": "way/400785729",
        "tags": {
          "name": "冬山河",
          "waterway": "river"
        }
      },
      {
        "area_m2": 447.98,
        "compactness": 0.157276,
        "excluded": true,
        "long_side_m": 63.271,
        "reason": "explicit river/canal/stream/drain tag",
        "rectangularity": 0.211994,
        "source": "way/426234706",
        "tags": {
          "layer": "-1",
          "name": "舊港排水",
          "tunnel": "culvert",
          "waterway": "canal"
        }
      },
      {
        "area_m2": 136.217,
        "compactness": 0.411623,
        "excluded": true,
        "long_side_m": 27.243,
        "reason": "explicit river/canal/stream/drain tag",
        "rectangularity": 1.0,
        "source": "way/444955538",
        "tags": {
          "layer": "-1",
          "tunnel": "culvert",
          "waterway": "canal"
        }
      },
      {
        "area_m2": 1784.164,
        "compactness": 0.042812,
        "excluded": true,
        "long_side_m": 356.844,
        "reason": "explicit river/canal/stream/drain tag",
        "rectangularity": 0.931894,
        "source": "way/444955539",
        "tags": {
          "waterway": "canal"
        }
      },
      {
        "area_m2": 4192.236,
        "compactness": 0.018513,
        "excluded": true,
        "long_side_m": 835.324,
        "reason": "explicit river/canal/stream/drain tag",
        "rectangularity": 0.139639,
        "source": "way/586845279",
        "tags": {
          "name": "廍後排水",
          "waterway": "canal"
        }
      },
      {
        "area_m2": 3396.784,
        "compactness": 0.022785,
        "excluded": true,
        "long_side_m": 388.871,
        "reason": "explicit river/canal/stream/drain tag",
        "rectangularity": 0.029561,
        "source": "way/586845280",
        "tags": {
          "waterway": "canal"
        }
      },
      {
        "area_m2": 2176.417,
        "compactness": 0.035272,
        "excluded": true,
        "long_side_m": 436.005,
        "reason": "explicit river/canal/stream/drain tag",
        "rectangularity": 0.726359,
        "source": "way/907669107",
        "tags": {
          "name": "壯西七輪二中排",
          "waterway": "canal"
        }
      },
      {
        "area_m2": 496.136,
        "compactness": 0.024925,
        "excluded": true,
        "long_side_m": 248.068,
        "reason": "explicit river/canal/stream/drain tag",
        "rectangularity": 1.0,
        "source": "way/927236051",
        "tags": {
          "name": "壯西排水",
          "waterway": "drain"
        }
      },
      {
        "area_m2": 1315132.534,
        "compactness": 0.000955,
        "excluded": true,
        "long_side_m": 55669.247,
        "reason": "explicit river/canal/stream/drain tag",
        "rectangularity": 0.002601,
        "source": "way/965675131",
        "tags": {
          "name": "蘭陽溪",
          "name:en": "Lanyang River",
          "name:nan": "Lân-iâng-khe",
          "name:nan-Hant": "蘭陽溪",
          "name:nan-Latn-pehoeji": "Lân-iâng-khe",
          "name:nan-Latn-tailo": "Lân-iâng-khe",
          "name:zh": "蘭陽溪",
          "waterway": "river"
        }
      },
      {
        "area_m2": 21831.817,
        "compactness": 0.003589,
        "excluded": true,
        "long_side_m": 4084.553,
        "reason": "explicit river/canal/stream/drain tag",
        "rectangularity": 0.012719,
        "source": "way/1037063414",
        "tags": {
          "waterway": "canal"
        }
      },
      {
        "area_m2": 3683.483,
        "compactness": 0.003404,
        "excluded": true,
        "long_side_m": 1726.713,
        "reason": "explicit river/canal/stream/drain tag",
        "rectangularity": 0.0091,
        "source": "way/1166105615",
        "tags": {
          "waterway": "drain"
        }
      },
      {
        "area_m2": 9686.136,
        "compactness": 0.008067,
        "excluded": true,
        "long_side_m": 1937.268,
        "reason": "explicit river/canal/stream/drain tag",
        "rectangularity": 0.517576,
        "source": "way/1166105616",
        "tags": {
          "name": "壯東第二大排",
          "source:name": "NLSC",
          "waterway": "canal"
        }
      },
      {
        "area_m2": 7029.008,
        "compactness": 0.011095,
        "excluded": true,
        "long_side_m": 1224.487,
        "reason": "explicit river/canal/stream/drain tag",
        "rectangularity": 0.028805,
        "source": "way/1166106633",
        "tags": {
          "name": "壯東第三大排",
          "waterway": "canal"
        }
      },
      {
        "area_m2": 5798.122,
        "compactness": 0.01343,
        "excluded": true,
        "long_side_m": 962.294,
        "reason": "explicit river/canal/stream/drain tag",
        "rectangularity": 0.028612,
        "source": "way/1174746506",
        "tags": {
          "waterway": "canal"
        }
      },
      {
        "area_m2": 322.825,
        "compactness": 0.209573,
        "excluded": true,
        "long_side_m": 64.749,
        "reason": "explicit river/canal/stream/drain tag",
        "rectangularity": 0.834879,
        "source": "way/1174746507",
        "tags": {
          "layer": "-1",
          "tunnel": "culvert",
          "waterway": "canal"
        }
      },
      {
        "area_m2": 4554.961,
        "compactness": 0.017055,
        "excluded": true,
        "long_side_m": 892.281,
        "reason": "explicit river/canal/stream/drain tag",
        "rectangularity": 0.070692,
        "source": "way/1174746522",
        "tags": {
          "waterway": "canal"
        }
      },
      {
        "area_m2": 1609.522,
        "compactness": 0.007769,
        "excluded": true,
        "long_side_m": 779.619,
        "reason": "explicit river/canal/stream/drain tag",
        "rectangularity": 0.04635,
        "source": "way/1183528543",
        "tags": {
          "waterway": "drain"
        }
      },
      {
        "area_m2": 7635.257,
        "compactness": 0.010219,
        "excluded": true,
        "long_side_m": 1497.667,
        "reason": "explicit river/canal/stream/drain tag",
        "rectangularity": 0.054037,
        "source": "way/1183528544",
        "tags": {
          "waterway": "canal"
        }
      },
      {
        "area_m2": 47.022,
        "compactness": 0.226984,
        "excluded": true,
        "long_side_m": 23.511,
        "reason": "explicit river/canal/stream/drain tag",
        "rectangularity": 1.0,
        "source": "way/1183528545",
        "tags": {
          "layer": "-1",
          "tunnel": "culvert",
          "waterway": "drain"
        }
      },
      {
        "area_m2": 768.829,
        "compactness": 0.095822,
        "excluded": true,
        "long_side_m": 150.426,
        "reason": "explicit river/canal/stream/drain tag",
        "rectangularity": 0.287494,
        "source": "way/1205423852",
        "tags": {
          "waterway": "canal"
        }
      },
      {
        "area_m2": 3095.422,
        "compactness": 0.024968,
        "excluded": true,
        "long_side_m": 599.511,
        "reason": "explicit river/canal/stream/drain tag",
        "rectangularity": 0.158154,
        "source": "way/1205433248",
        "tags": {
          "name": "宜壯新福B6中排",
          "waterway": "canal"
        }
      },
      {
        "area_m2": 3051.596,
        "compactness": 0.025321,
        "excluded": true,
        "long_side_m": 576.631,
        "reason": "explicit river/canal/stream/drain tag",
        "rectangularity": 0.054906,
        "source": "way/1206605794",
        "tags": {
          "waterway": "canal"
        }
      },
      {
        "area_m2": 4860.365,
        "compactness": 0.015994,
        "excluded": true,
        "long_side_m": 966.395,
        "reason": "explicit river/canal/stream/drain tag",
        "rectangularity": 0.132018,
        "source": "way/1207218453",
        "tags": {
          "name": "宜壯新福B5中排",
          "waterway": "canal"
        }
      },
      {
        "area_m2": 3517.859,
        "compactness": 0.022012,
        "excluded": true,
        "long_side_m": 703.125,
        "reason": "explicit river/canal/stream/drain tag",
        "rectangularity": 0.480674,
        "source": "way/1207394249",
        "tags": {
          "waterway": "canal"
        }
      },
      {
        "area_m2": 11054.63,
        "compactness": 0.007073,
        "excluded": true,
        "long_side_m": 2050.52,
        "reason": "explicit river/canal/stream/drain tag",
        "rectangularity": 0.035358,
        "source": "way/1207397596",
        "tags": {
          "name": "舊港排水",
          "waterway": "canal"
        }
      },
      {
        "area_m2": 2471.992,
        "compactness": 0.005067,
        "excluded": true,
        "long_side_m": 1230.097,
        "reason": "explicit river/canal/stream/drain tag",
        "rectangularity": 0.051358,
        "source": "way/1207397598",
        "tags": {
          "name": "宜壯古結中排",
          "waterway": "drain"
        }
      },
      {
        "area_m2": 2467.214,
        "compactness": 0.005077,
        "excluded": true,
        "long_side_m": 1227.847,
        "reason": "explicit river/canal/stream/drain tag",
        "rectangularity": 0.054952,
        "source": "way/1207711530",
        "tags": {
          "name": "宜壯壯五中排",
          "waterway": "drain"
        }
      },
      {
        "area_m2": 851.72,
        "compactness": 0.014617,
        "excluded": true,
        "long_side_m": 425.864,
        "reason": "explicit river/canal/stream/drain tag",
        "rectangularity": 0.893099,
        "source": "way/1207715070",
        "tags": {
          "name": "宜壯中興B9中排",
          "waterway": "drain"
        }
      },
      {
        "area_m2": 13352.906,
        "compactness": 0.00586,
        "excluded": true,
        "long_side_m": 2660.827,
        "reason": "explicit river/canal/stream/drain tag",
        "rectangularity": 0.052214,
        "source": "way/1207715071",
        "tags": {
          "name": "宜壯中興B9中排",
          "waterway": "canal"
        }
      },
      {
        "area_m2": 91.282,
        "compactness": 0.126349,
        "excluded": true,
        "long_side_m": 45.688,
        "reason": "explicit river/canal/stream/drain tag",
        "rectangularity": 0.623611,
        "source": "way/1207715072",
        "tags": {
          "waterway": "drain"
        }
      },
      {
        "area_m2": 1008.547,
        "compactness": 0.012362,
        "excluded": true,
        "long_side_m": 500.122,
        "reason": "explicit river/canal/stream/drain tag",
        "rectangularity": 0.093934,
        "source": "way/1207715956",
        "tags": {
          "waterway": "drain"
        }
      },
      {
        "area_m2": 5208.122,
        "compactness": 0.014937,
        "excluded": true,
        "long_side_m": 966.633,
        "reason": "explicit river/canal/stream/drain tag",
        "rectangularity": 0.028513,
        "source": "way/1207715957",
        "tags": {
          "waterway": "canal"
        }
      },
      {
        "area_m2": 3830.577,
        "compactness": 0.003274,
        "excluded": true,
        "long_side_m": 1612.355,
        "reason": "explicit river/canal/stream/drain tag",
        "rectangularity": 0.005283,
        "source": "way/1207715958",
        "tags": {
          "waterway": "drain"
        }
      },
      {
        "area_m2": 5020.874,
        "compactness": 0.015488,
        "excluded": true,
        "long_side_m": 970.644,
        "reason": "explicit river/canal/stream/drain tag",
        "rectangularity": 0.103756,
        "source": "way/1207955281",
        "tags": {
          "waterway": "canal"
        }
      },
      {
        "area_m2": 785.836,
        "compactness": 0.093876,
        "excluded": true,
        "long_side_m": 157.167,
        "reason": "explicit river/canal/stream/drain tag",
        "rectangularity": 1.0,
        "source": "way/1207955282",
        "tags": {
          "layer": "-1",
          "tunnel": "culvert",
          "waterway": "canal"
        }
      },
      {
        "area_m2": 1135.426,
        "compactness": 0.066224,
        "excluded": true,
        "long_side_m": 224.357,
        "reason": "explicit river/canal/stream/drain tag",
        "rectangularity": 0.217486,
        "source": "way/1207955283",
        "tags": {
          "waterway": "canal"
        }
      },
      {
        "area_m2": 113.283,
        "compactness": 0.103491,
        "excluded": true,
        "long_side_m": 56.583,
        "reason": "explicit river/canal/stream/drain tag",
        "rectangularity": 0.512007,
        "source": "way/1207960356",
        "tags": {
          "waterway": "drain"
        }
      },
      {
        "area_m2": 441.308,
        "compactness": 0.027966,
        "excluded": true,
        "long_side_m": 202.381,
        "reason": "explicit river/canal/stream/drain tag",
        "rectangularity": 0.101748,
        "source": "way/1207960365",
        "tags": {
          "name": "古結特一中排",
          "waterway": "drain"
        }
      },
      {
        "area_m2": 4218.465,
        "compactness": 0.018399,
        "excluded": true,
        "long_side_m": 824.129,
        "reason": "explicit river/canal/stream/drain tag",
        "rectangularity": 0.098982,
        "source": "way/1207963480",
        "tags": {
          "name": "溪洲圳新南支線",
          "waterway": "canal"
        }
      },
      {
        "area_m2": 375.992,
        "compactness": 0.183653,
        "excluded": true,
        "long_side_m": 75.341,
        "reason": "explicit river/canal/stream/drain tag",
        "rectangularity": 0.592632,
        "source": "way/1207963481",
        "tags": {
          "layer": "-1",
          "tunnel": "culvert",
          "waterway": "canal"
        }
      },
      {
        "area_m2": 144.875,
        "compactness": 0.082141,
        "excluded": true,
        "long_side_m": 70.484,
        "reason": "explicit river/canal/stream/drain tag",
        "rectangularity": 0.219816,
        "source": "way/1207965748",
        "tags": {
          "waterway": "drain"
        }
      },
      {
        "area_m2": 2603.98,
        "compactness": 0.004811,
        "excluded": true,
        "long_side_m": 1141.707,
        "reason": "explicit river/canal/stream/drain tag",
        "rectangularity": 0.012223,
        "source": "way/1207965749",
        "tags": {
          "waterway": "drain"
        }
      },
      {
        "area_m2": 1768.384,
        "compactness": 0.007074,
        "excluded": true,
        "long_side_m": 880.804,
        "reason": "explicit river/canal/stream/drain tag",
        "rectangularity": 0.056818,
        "source": "way/1207969633",
        "tags": {
          "name": "廍後排水",
          "waterway": "drain"
        }
      },
      {
        "area_m2": 1996.964,
        "compactness": 0.038363,
        "excluded": true,
        "long_side_m": 366.083,
        "reason": "explicit river/canal/stream/drain tag",
        "rectangularity": 0.070746,
        "source": "way/1207980459",
        "tags": {
          "waterway": "canal"
        }
      },
      {
        "area_m2": 1804.304,
        "compactness": 0.006934,
        "excluded": true,
        "long_side_m": 783.587,
        "reason": "explicit river/canal/stream/drain tag",
        "rectangularity": 0.023127,
        "source": "way/1207989692",
        "tags": {
          "name": "壯東D-4中排",
          "waterway": "drain"
        }
      },
      {
        "area_m2": 66.606,
        "compactness": 0.623383,
        "excluded": true,
        "long_side_m": 13.321,
        "reason": "explicit river/canal/stream/drain tag",
        "rectangularity": 1.0,
        "source": "way/1207989693",
        "tags": {
          "layer": "-1",
          "tunnel": "culvert",
          "waterway": "canal"
        }
      },
      {
        "area_m2": 493.154,
        "compactness": 0.025073,
        "excluded": true,
        "long_side_m": 246.577,
        "reason": "explicit river/canal/stream/drain tag",
        "rectangularity": 1.0,
        "source": "way/1207989694",
        "tags": {
          "waterway": "drain"
        }
      },
      {
        "area_m2": 336.877,
        "compactness": 0.036432,
        "excluded": true,
        "long_side_m": 168.455,
        "reason": "explicit river/canal/stream/drain tag",
        "rectangularity": 0.630642,
        "source": "way/1207989695",
        "tags": {
          "waterway": "drain"
        }
      },
      {
        "area_m2": 721.091,
        "compactness": 0.017235,
        "excluded": true,
        "long_side_m": 360.597,
        "reason": "explicit river/canal/stream/drain tag",
        "rectangularity": 0.819788,
        "source": "way/1207989696",
        "tags": {
          "waterway": "drain"
        }
      },
      {
        "area_m2": 994.401,
        "compactness": 0.075156,
        "excluded": true,
        "long_side_m": 198.916,
        "reason": "explicit river/canal/stream/drain tag",
        "rectangularity": 0.856006,
        "source": "way/1207989697",
        "tags": {
          "waterway": "canal"
        }
      },
      {
        "area_m2": 1110.251,
        "compactness": 0.011237,
        "excluded": true,
        "long_side_m": 555.149,
        "reason": "explicit river/canal/stream/drain tag",
        "rectangularity": 0.919016,
        "source": "way/1207989698",
        "tags": {
          "waterway": "drain"
        }
      },
      {
        "area_m2": 133.05,
        "compactness": 0.089016,
        "excluded": true,
        "long_side_m": 66.272,
        "reason": "explicit river/canal/stream/drain tag",
        "rectangularity": 0.367192,
        "source": "way/1209345976",
        "tags": {
          "layer": "-1",
          "tunnel": "culvert",
          "waterway": "drain"
        }
      },
      {
        "area_m2": 534.446,
        "compactness": 0.134115,
        "excluded": true,
        "long_side_m": 106.766,
        "reason": "explicit river/canal/stream/drain tag",
        "rectangularity": 0.460091,
        "source": "way/1209345977",
        "tags": {
          "layer": "-1",
          "tunnel": "culvert",
          "waterway": "canal"
        }
      },
      {
        "area_m2": 1527.457,
        "compactness": 0.049776,
        "excluded": true,
        "long_side_m": 305.487,
        "reason": "explicit river/canal/stream/drain tag",
        "rectangularity": 0.91074,
        "source": "way/1209345978",
        "tags": {
          "waterway": "canal"
        }
      },
      {
        "area_m2": 764.73,
        "compactness": 0.016262,
        "excluded": true,
        "long_side_m": 379.735,
        "reason": "explicit river/canal/stream/drain tag",
        "rectangularity": 0.105771,
        "source": "way/1209667939",
        "tags": {
          "waterway": "drain"
        }
      },
      {
        "area_m2": 321.428,
        "compactness": 0.03814,
        "excluded": true,
        "long_side_m": 160.721,
        "reason": "explicit river/canal/stream/drain tag",
        "rectangularity": 0.865196,
        "source": "way/1209667940",
        "tags": {
          "waterway": "drain"
        }
      },
      {
        "area_m2": 705.955,
        "compactness": 0.017601,
        "excluded": true,
        "long_side_m": 352.428,
        "reason": "explicit river/canal/stream/drain tag",
        "rectangularity": 0.452302,
        "source": "way/1209667962",
        "tags": {
          "waterway": "drain"
        }
      },
      {
        "area_m2": 998.029,
        "compactness": 0.012491,
        "excluded": true,
        "long_side_m": 399.625,
        "reason": "explicit river/canal/stream/drain tag",
        "rectangularity": 0.021313,
        "source": "way/1209667965",
        "tags": {
          "waterway": "drain"
        }
      },
      {
        "area_m2": 1205.249,
        "compactness": 0.062543,
        "excluded": true,
        "long_side_m": 241.05,
        "reason": "explicit river/canal/stream/drain tag",
        "rectangularity": 1.0,
        "source": "way/1209667966",
        "tags": {
          "waterway": "canal"
        }
      },
      {
        "area_m2": 551.661,
        "compactness": 0.022452,
        "excluded": true,
        "long_side_m": 275.818,
        "reason": "explicit river/canal/stream/drain tag",
        "rectangularity": 0.551323,
        "source": "way/1209667967",
        "tags": {
          "name": "壯西九輪中排",
          "waterway": "drain"
        }
      },
      {
        "area_m2": 453.859,
        "compactness": 0.027206,
        "excluded": true,
        "long_side_m": 215.065,
        "reason": "explicit river/canal/stream/drain tag",
        "rectangularity": 0.056653,
        "source": "way/1209667968",
        "tags": {
          "waterway": "drain"
        }
      },
      {
        "area_m2": 417.78,
        "compactness": 0.029511,
        "excluded": true,
        "long_side_m": 204.825,
        "reason": "explicit river/canal/stream/drain tag",
        "rectangularity": 0.153673,
        "source": "way/1209667969",
        "tags": {
          "waterway": "drain"
        }
      },
      {
        "area_m2": 496.513,
        "compactness": 0.024906,
        "excluded": true,
        "long_side_m": 248.261,
        "reason": "explicit river/canal/stream/drain tag",
        "rectangularity": 0.906762,
        "source": "way/1209678700",
        "tags": {
          "waterway": "drain"
        }
      },
      {
        "area_m2": 520.305,
        "compactness": 0.023785,
        "excluded": true,
        "long_side_m": 260.152,
        "reason": "explicit river/canal/stream/drain tag",
        "rectangularity": 1.0,
        "source": "way/1209678701",
        "tags": {
          "waterway": "drain"
        }
      },
      {
        "area_m2": 609.714,
        "compactness": 0.020342,
        "excluded": true,
        "long_side_m": 253.008,
        "reason": "explicit river/canal/stream/drain tag",
        "rectangularity": 0.044731,
        "source": "way/1209678715",
        "tags": {
          "waterway": "drain"
        }
      },
      {
        "area_m2": 580.082,
        "compactness": 0.021367,
        "excluded": true,
        "long_side_m": 262.359,
        "reason": "explicit river/canal/stream/drain tag",
        "rectangularity": 0.093958,
        "source": "way/1209680103",
        "tags": {
          "waterway": "drain"
        }
      },
      {
        "area_m2": 2435.385,
        "compactness": 0.031597,
        "excluded": true,
        "long_side_m": 487.2,
        "reason": "explicit river/canal/stream/drain tag",
        "rectangularity": 0.976713,
        "source": "way/1209687979",
        "tags": {
          "alt_name": "淇武蘭土圍中排",
          "name": "塭底排水",
          "waterway": "canal"
        }
      },
      {
        "area_m2": 503.055,
        "compactness": 0.024588,
        "excluded": true,
        "long_side_m": 251.527,
        "reason": "explicit river/canal/stream/drain tag",
        "rectangularity": 1.0,
        "source": "way/1209687993",
        "tags": {
          "name": "壯東A-1中排",
          "waterway": "drain"
        }
      },
      {
        "area_m2": 1081.093,
        "compactness": 0.011538,
        "excluded": true,
        "long_side_m": 535.355,
        "reason": "explicit river/canal/stream/drain tag",
        "rectangularity": 0.142445,
        "source": "way/1209710417",
        "tags": {
          "name": "充館圳充公支線茅埔分線",
          "waterway": "drain"
        }
      },
      {
        "area_m2": 990.217,
        "compactness": 0.012589,
        "excluded": true,
        "long_side_m": 486.237,
        "reason": "explicit river/canal/stream/drain tag",
        "rectangularity": 0.095545,
        "source": "way/1209998518",
        "tags": {
          "waterway": "drain"
        }
      },
      {
        "area_m2": 408.853,
        "compactness": 0.030143,
        "excluded": true,
        "long_side_m": 204.427,
        "reason": "explicit river/canal/stream/drain tag",
        "rectangularity": 1.0,
        "source": "way/1210005201",
        "tags": {
          "waterway": "drain"
        }
      },
      {
        "area_m2": 1172.681,
        "compactness": 0.010643,
        "excluded": true,
        "long_side_m": 575.984,
        "reason": "explicit river/canal/stream/drain tag",
        "rectangularity": 0.054071,
        "source": "way/1210009551",
        "tags": {
          "waterway": "drain"
        }
      },
      {
        "area_m2": 248.11,
        "compactness": 0.049054,
        "excluded": true,
        "long_side_m": 124.093,
        "reason": "explicit river/canal/stream/drain tag",
        "rectangularity": 0.641891,
        "source": "way/1210009559",
        "tags": {
          "waterway": "drain"
        }
      },
      {
        "area_m2": 640.092,
        "compactness": 0.019389,
        "excluded": true,
        "long_side_m": 320.031,
        "reason": "explicit river/canal/stream/drain tag",
        "rectangularity": 0.548533,
        "source": "way/1210009560",
        "tags": {
          "waterway": "drain"
        }
      },
      {
        "area_m2": 44.554,
        "compactness": 0.237491,
        "excluded": true,
        "long_side_m": 22.277,
        "reason": "explicit river/canal/stream/drain tag",
        "rectangularity": 1.0,
        "source": "way/1389223987",
        "tags": {
          "layer": "-1",
          "name": "充館圳公館支線公館分線",
          "tunnel": "culvert",
          "waterway": "drain"
        }
      },
      {
        "area_m2": 503.761,
        "compactness": 0.024554,
        "excluded": true,
        "long_side_m": 251.881,
        "reason": "explicit river/canal/stream/drain tag",
        "rectangularity": 1.0,
        "source": "way/1389223988",
        "tags": {
          "name": "充館圳公館支線公館分線",
          "waterway": "drain"
        }
      },
      {
        "area_m2": 22.399,
        "compactness": 0.403894,
        "excluded": true,
        "long_side_m": 11.199,
        "reason": "explicit river/canal/stream/drain tag",
        "rectangularity": 1.0,
        "source": "way/1389224184",
        "tags": {
          "waterway": "drain"
        }
      },
      {
        "area_m2": 14.484,
        "compactness": 0.532725,
        "excluded": true,
        "long_side_m": 7.242,
        "reason": "explicit river/canal/stream/drain tag",
        "rectangularity": 1.0,
        "source": "way/1389224185",
        "tags": {
          "layer": "-1",
          "tunnel": "culvert",
          "waterway": "drain"
        }
      },
      {
        "area_m2": 6.221,
        "compactness": 0.748301,
        "excluded": true,
        "long_side_m": 3.111,
        "reason": "explicit river/canal/stream/drain tag",
        "rectangularity": 1.0,
        "source": "way/1389224186",
        "tags": {
          "waterway": "drain"
        }
      },
      {
        "area_m2": 24.441,
        "compactness": 0.379702,
        "excluded": true,
        "long_side_m": 12.22,
        "reason": "explicit river/canal/stream/drain tag",
        "rectangularity": 1.0,
        "source": "way/1389224187",
        "tags": {
          "waterway": "drain"
        }
      },
      {
        "area_m2": 19.215,
        "compactness": 0.448031,
        "excluded": true,
        "long_side_m": 9.608,
        "reason": "explicit river/canal/stream/drain tag",
        "rectangularity": 1.0,
        "source": "way/1389224188",
        "tags": {
          "layer": "-1",
          "tunnel": "culvert",
          "waterway": "drain"
        }
      },
      {
        "area_m2": 8.431,
        "compactness": 0.685597,
        "excluded": true,
        "long_side_m": 4.216,
        "reason": "explicit river/canal/stream/drain tag",
        "rectangularity": 1.0,
        "source": "way/1389224189",
        "tags": {
          "waterway": "drain"
        }
      },
      {
        "area_m2": 26.439,
        "compactness": 0.358583,
        "excluded": true,
        "long_side_m": 13.22,
        "reason": "explicit river/canal/stream/drain tag",
        "rectangularity": 1.0,
        "source": "way/1389224190",
        "tags": {
          "waterway": "drain"
        }
      },
      {
        "area_m2": 16.097,
        "compactness": 0.500833,
        "excluded": true,
        "long_side_m": 8.048,
        "reason": "explicit river/canal/stream/drain tag",
        "rectangularity": 1.0,
        "source": "way/1389224191",
        "tags": {
          "layer": "-1",
          "tunnel": "culvert",
          "waterway": "drain"
        }
      },
      {
        "area_m2": 10.207,
        "compactness": 0.635486,
        "excluded": true,
        "long_side_m": 5.103,
        "reason": "explicit river/canal/stream/drain tag",
        "rectangularity": 1.0,
        "source": "way/1389224192",
        "tags": {
          "waterway": "drain"
        }
      },
      {
        "area_m2": 29.452,
        "compactness": 0.330738,
        "excluded": true,
        "long_side_m": 14.726,
        "reason": "explicit river/canal/stream/drain tag",
        "rectangularity": 1.0,
        "source": "way/1389224193",
        "tags": {
          "waterway": "drain"
        }
      },
      {
        "area_m2": 16.604,
        "compactness": 0.491499,
        "excluded": true,
        "long_side_m": 8.302,
        "reason": "explicit river/canal/stream/drain tag",
        "rectangularity": 1.0,
        "source": "way/1389224194",
        "tags": {
          "layer": "-1",
          "tunnel": "culvert",
          "waterway": "drain"
        }
      },
      {
        "area_m2": 9.588,
        "compactness": 0.652576,
        "excluded": true,
        "long_side_m": 4.794,
        "reason": "explicit river/canal/stream/drain tag",
        "rectangularity": 1.0,
        "source": "way/1389224195",
        "tags": {
          "waterway": "drain"
        }
      },
      {
        "area_m2": 2057.018,
        "compactness": 0.006085,
        "excluded": true,
        "long_side_m": 1028.52,
        "reason": "explicit river/canal/stream/drain tag",
        "rectangularity": 0.606741,
        "source": "way/1389224199",
        "tags": {
          "name": "宜壯中興A10中排",
          "waterway": "drain"
        }
      },
      {
        "area_m2": 60.726,
        "compactness": 0.648993,
        "excluded": true,
        "long_side_m": 12.145,
        "reason": "explicit river/canal/stream/drain tag",
        "rectangularity": 1.0,
        "source": "way/1389224200",
        "tags": {
          "name": "宜壯新福A9中排",
          "waterway": "canal"
        }
      },
      {
        "area_m2": 70.636,
        "compactness": 0.60656,
        "excluded": true,
        "long_side_m": 14.127,
        "reason": "explicit river/canal/stream/drain tag",
        "rectangularity": 1.0,
        "source": "way/1389224201",
        "tags": {
          "layer": "-1",
          "name": "宜壯新福A9中排",
          "tunnel": "culvert",
          "waterway": "canal"
        }
      },
      {
        "area_m2": 6078.16,
        "compactness": 0.012816,
        "excluded": true,
        "long_side_m": 1214.459,
        "reason": "explicit river/canal/stream/drain tag",
        "rectangularity": 0.235263,
        "source": "way/1389224202",
        "tags": {
          "name": "宜壯新福A9中排",
          "waterway": "canal"
        }
      },
      {
        "area_m2": 304.73,
        "compactness": 0.040176,
        "excluded": true,
        "long_side_m": 152.383,
        "reason": "explicit river/canal/stream/drain tag",
        "rectangularity": 0.565166,
        "source": "way/1389224208",
        "tags": {
          "name": "古結特一中排",
          "waterway": "drain"
        }
      },
      {
        "area_m2": 56.565,
        "compactness": 0.193781,
        "excluded": true,
        "long_side_m": 28.283,
        "reason": "explicit river/canal/stream/drain tag",
        "rectangularity": 1.0,
        "source": "way/1389224209",
        "tags": {
          "layer": "-1",
          "name": "古結特一中排",
          "tunnel": "culvert",
          "waterway": "drain"
        }
      },
      {
        "area_m2": 1023.194,
        "compactness": 0.012186,
        "excluded": true,
        "long_side_m": 510.904,
        "reason": "explicit river/canal/stream/drain tag",
        "rectangularity": 0.28074,
        "source": "way/1389224210",
        "tags": {
          "name": "壯東D-10中排",
          "waterway": "drain"
        }
      },
      {
        "area_m2": 851.572,
        "compactness": 0.014619,
        "excluded": true,
        "long_side_m": 340.888,
        "reason": "explicit river/canal/stream/drain tag",
        "rectangularity": 0.041052,
        "source": "way/1389224211",
        "tags": {
          "name": "壯東E中排E-3-3小排",
          "waterway": "drain"
        }
      },
      {
        "area_m2": 504.91,
        "compactness": 0.024499,
        "excluded": true,
        "long_side_m": 252.455,
        "reason": "explicit river/canal/stream/drain tag",
        "rectangularity": 1.0,
        "source": "way/1389224212",
        "tags": {
          "waterway": "drain"
        }
      },
      {
        "area_m2": 519.904,
        "compactness": 0.023803,
        "excluded": true,
        "long_side_m": 259.952,
        "reason": "explicit river/canal/stream/drain tag",
        "rectangularity": 1.0,
        "source": "way/1389224213",
        "tags": {
          "name": "壯東D-9-2中排",
          "waterway": "drain"
        }
      },
      {
        "area_m2": 1003.622,
        "compactness": 0.012422,
        "excluded": true,
        "long_side_m": 501.364,
        "reason": "explicit river/canal/stream/drain tag",
        "rectangularity": 0.219122,
        "source": "way/1389224215",
        "tags": {
          "name": "壯東E中排",
          "waterway": "drain"
        }
      },
      {
        "area_m2": 120.463,
        "compactness": 0.025652,
        "excluded": true,
        "long_side_m": 113.252,
        "reason": "explicit river/canal/stream/drain tag",
        "rectangularity": 0.082971,
        "source": "way/1389224216",
        "tags": {
          "name": "壯東E中排E-3-3小排",
          "waterway": "ditch"
        }
      },
      {
        "area_m2": 1450.053,
        "compactness": 0.052343,
        "excluded": true,
        "long_side_m": 290.053,
        "reason": "explicit river/canal/stream/drain tag",
        "rectangularity": 0.990106,
        "source": "way/1389224217",
        "tags": {
          "name": "壯東第三大排",
          "waterway": "canal"
        }
      },
      {
        "area_m2": 506.151,
        "compactness": 0.02444,
        "excluded": true,
        "long_side_m": 253.078,
        "reason": "explicit river/canal/stream/drain tag",
        "rectangularity": 0.943937,
        "source": "way/1389224218",
        "tags": {
          "name": "壯東D-4中排",
          "waterway": "drain"
        }
      },
      {
        "area_m2": 13.84,
        "compactness": 0.546465,
        "excluded": true,
        "long_side_m": 6.92,
        "reason": "explicit river/canal/stream/drain tag",
        "rectangularity": 1.0,
        "source": "way/1389224219",
        "tags": {
          "layer": "-1",
          "name": "壯東D-4中排",
          "tunnel": "culvert",
          "waterway": "drain"
        }
      },
      {
        "area_m2": 12.136,
        "compactness": 0.585735,
        "excluded": true,
        "long_side_m": 6.068,
        "reason": "explicit river/canal/stream/drain tag",
        "rectangularity": 1.0,
        "source": "way/1389224220",
        "tags": {
          "bridge": "aqueduct",
          "layer": "1",
          "name": "充館圳公館支線公館分線",
          "waterway": "drain"
        }
      },
      {
        "area_m2": 557.114,
        "compactness": 0.022236,
        "excluded": true,
        "long_side_m": 278.557,
        "reason": "explicit river/canal/stream/drain tag",
        "rectangularity": 1.0,
        "source": "way/1389224221",
        "tags": {
          "name": "充館圳公館支線公館分線",
          "waterway": "drain"
        }
      },
      {
        "area_m2": 1797.179,
        "compactness": 0.006961,
        "excluded": true,
        "long_side_m": 810.679,
        "reason": "explicit river/canal/stream/drain tag",
        "rectangularity": 0.01887,
        "source": "way/1389224222",
        "tags": {
          "waterway": "drain"
        }
      },
      {
        "area_m2": 623.632,
        "compactness": 0.116418,
        "excluded": true,
        "long_side_m": 124.726,
        "reason": "explicit river/canal/stream/drain tag",
        "rectangularity": 1.0,
        "source": "way/1389224223",
        "tags": {
          "waterway": "canal"
        }
      },
      {
        "area_m2": 969.664,
        "compactness": 0.012853,
        "excluded": true,
        "long_side_m": 380.111,
        "reason": "explicit river/canal/stream/drain tag",
        "rectangularity": 0.016675,
        "source": "way/1389224224",
        "tags": {
          "name": "充館圳公館支線公館分線",
          "waterway": "drain"
        }
      },
      {
        "area_m2": 654.274,
        "compactness": 0.018974,
        "excluded": true,
        "long_side_m": 325.21,
        "reason": "explicit river/canal/stream/drain tag",
        "rectangularity": 0.161811,
        "source": "way/1389224225",
        "tags": {
          "waterway": "drain"
        }
      },
      {
        "area_m2": 96.3,
        "compactness": 0.120292,
        "excluded": true,
        "long_side_m": 48.15,
        "reason": "explicit river/canal/stream/drain tag",
        "rectangularity": 1.0,
        "source": "way/1389224226",
        "tags": {
          "bridge": "aqueduct",
          "name": "壯東E-2中排",
          "tunnel": "culvert",
          "waterway": "drain"
        }
      },
      {
        "area_m2": 167.963,
        "compactness": 0.071376,
        "excluded": true,
        "long_side_m": 83.982,
        "reason": "explicit river/canal/stream/drain tag",
        "rectangularity": 1.0,
        "source": "way/1389224227",
        "tags": {
          "name": "壯東E-2中排",
          "waterway": "drain"
        }
      },
      {
        "area_m2": 858.967,
        "compactness": 0.014494,
        "excluded": true,
        "long_side_m": 395.055,
        "reason": "explicit river/canal/stream/drain tag",
        "rectangularity": 0.061451,
        "source": "way/1389224228",
        "tags": {
          "name": "壯東E-2中排",
          "waterway": "drain"
        }
      },
      {
        "area_m2": 173.194,
        "compactness": 0.069318,
        "excluded": true,
        "long_side_m": 86.597,
        "reason": "explicit river/canal/stream/drain tag",
        "rectangularity": 1.0,
        "source": "way/1389224229",
        "tags": {
          "layer": "-1",
          "name": "金同春圳六分線",
          "tunnel": "culvert",
          "waterway": "drain"
        }
      },
      {
        "area_m2": 517.935,
        "compactness": 0.023892,
        "excluded": true,
        "long_side_m": 258.983,
        "reason": "explicit river/canal/stream/drain tag",
        "rectangularity": 0.902643,
        "source": "way/1389224230",
        "tags": {
          "name": "金同春圳六分線",
          "waterway": "drain"
        }
      },
      {
        "area_m2": 1611.902,
        "compactness": 0.007757,
        "excluded": true,
        "long_side_m": 805.951,
        "reason": "explicit river/canal/stream/drain tag",
        "rectangularity": 0.999514,
        "source": "way/1389224231",
        "tags": {
          "name": "充館圳公館支線公館分線",
          "waterway": "drain"
        }
      },
      {
        "area_m2": 516.254,
        "compactness": 0.023969,
        "excluded": true,
        "long_side_m": 258.133,
        "reason": "explicit river/canal/stream/drain tag",
        "rectangularity": 0.811881,
        "source": "way/1389224232",
        "tags": {
          "name": "壯東D-8-2中排",
          "waterway": "drain"
        }
      },
      {
        "area_m2": 539.135,
        "compactness": 0.022966,
        "excluded": true,
        "long_side_m": 269.572,
        "reason": "explicit river/canal/stream/drain tag",
        "rectangularity": 0.833146,
        "source": "way/1389224233",
        "tags": {
          "name": "壯東D-8-2中排",
          "waterway": "drain"
        }
      },
      {
        "area_m2": 513.961,
        "compactness": 0.024074,
        "excluded": true,
        "long_side_m": 256.983,
        "reason": "explicit river/canal/stream/drain tag",
        "rectangularity": 0.923469,
        "source": "way/1389224234",
        "tags": {
          "name": "壯東D-9-1中排",
          "waterway": "drain"
        }
      },
      {
        "area_m2": 893.407,
        "compactness": 0.013941,
        "excluded": true,
        "long_side_m": 446.705,
        "reason": "explicit river/canal/stream/drain tag",
        "rectangularity": 0.92763,
        "source": "way/1389224235",
        "tags": {
          "waterway": "drain"
        }
      },
      {
        "area_m2": 208.351,
        "compactness": 0.058063,
        "excluded": true,
        "long_side_m": 104.176,
        "reason": "explicit river/canal/stream/drain tag",
        "rectangularity": 1.0,
        "source": "way/1389224236",
        "tags": {
          "name": "壯東D-7中排",
          "waterway": "drain"
        }
      },
      {
        "area_m2": 17.182,
        "compactness": 0.481227,
        "excluded": true,
        "long_side_m": 8.591,
        "reason": "explicit river/canal/stream/drain tag",
        "rectangularity": 1.0,
        "source": "way/1389224237",
        "tags": {
          "layer": "-1",
          "name": "壯東D-7中排",
          "tunnel": "culvert",
          "waterway": "drain"
        }
      },
      {
        "area_m2": 250.761,
        "compactness": 0.048552,
        "excluded": true,
        "long_side_m": 125.38,
        "reason": "explicit river/canal/stream/drain tag",
        "rectangularity": 1.0,
        "source": "way/1389224238",
        "tags": {
          "name": "壯東D-7中排",
          "waterway": "drain"
        }
      },
      {
        "area_m2": 524.406,
        "compactness": 0.023602,
        "excluded": true,
        "long_side_m": 262.213,
        "reason": "explicit river/canal/stream/drain tag",
        "rectangularity": 0.749715,
        "source": "way/1389224239",
        "tags": {
          "waterway": "drain"
        }
      },
      {
        "area_m2": 630.088,
        "compactness": 0.019693,
        "excluded": true,
        "long_side_m": 315.049,
        "reason": "explicit river/canal/stream/drain tag",
        "rectangularity": 0.815285,
        "source": "way/1389224240",
        "tags": {
          "name": "壯東D-3中排",
          "waterway": "drain"
        }
      },
      {
        "area_m2": 25.858,
        "compactness": 0.364492,
        "excluded": true,
        "long_side_m": 12.929,
        "reason": "explicit river/canal/stream/drain tag",
        "rectangularity": 1.0,
        "source": "way/1389224241",
        "tags": {
          "layer": "-1",
          "name": "壯東D-3中排",
          "tunnel": "culvert",
          "waterway": "drain"
        }
      },
      {
        "area_m2": 92.837,
        "compactness": 0.525107,
        "excluded": true,
        "long_side_m": 18.567,
        "reason": "explicit river/canal/stream/drain tag",
        "rectangularity": 1.0,
        "source": "way/1389224242",
        "tags": {
          "name": "壯西七輪一中排",
          "waterway": "canal"
        }
      },
      {
        "area_m2": 350.489,
        "compactness": 0.035049,
        "excluded": true,
        "long_side_m": 175.245,
        "reason": "explicit river/canal/stream/drain tag",
        "rectangularity": 1.0,
        "source": "way/1389224243",
        "tags": {
          "name": "壯西七輪一中排",
          "waterway": "drain"
        }
      },
      {
        "area_m2": 701.252,
        "compactness": 0.017717,
        "excluded": true,
        "long_side_m": 350.626,
        "reason": "explicit river/canal/stream/drain tag",
        "rectangularity": 1.0,
        "source": "way/1389224244",
        "tags": {
          "waterway": "drain"
        }
      },
      {
        "area_m2": 564.971,
        "compactness": 0.127484,
        "excluded": true,
        "long_side_m": 112.994,
        "reason": "explicit river/canal/stream/drain tag",
        "rectangularity": 1.0,
        "source": "way/1389224245",
        "tags": {
          "waterway": "canal"
        }
      },
      {
        "area_m2": 279.766,
        "compactness": 0.236566,
        "excluded": true,
        "long_side_m": 55.953,
        "reason": "explicit river/canal/stream/drain tag",
        "rectangularity": 1.0,
        "source": "way/1389224246",
        "tags": {
          "name": "壯西七輪一中排",
          "waterway": "canal"
        }
      },
      {
        "area_m2": 1313.391,
        "compactness": 0.057586,
        "excluded": true,
        "long_side_m": 254.12,
        "reason": "explicit river/canal/stream/drain tag",
        "rectangularity": 0.379854,
        "source": "way/1389224247",
        "tags": {
          "name": "壯西三輪二中排",
          "waterway": "canal"
        }
      },
      {
        "area_m2": 1613.049,
        "compactness": 0.047215,
        "excluded": true,
        "long_side_m": 322.61,
        "reason": "explicit river/canal/stream/drain tag",
        "rectangularity": 1.0,
        "source": "way/1389224248",
        "tags": {
          "name": "壯西三輪中排",
          "waterway": "canal"
        }
      },
      {
        "area_m2": 509.927,
        "compactness": 0.024261,
        "excluded": true,
        "long_side_m": 254.963,
        "reason": "explicit river/canal/stream/drain tag",
        "rectangularity": 1.0,
        "source": "way/1389224317",
        "tags": {
          "name": "壯東A-3中排",
          "waterway": "drain"
        }
      },
      {
        "area_m2": 501.644,
        "compactness": 0.024656,
        "excluded": true,
        "long_side_m": 250.847,
        "reason": "explicit river/canal/stream/drain tag",
        "rectangularity": 0.828991,
        "source": "way/1389224318",
        "tags": {
          "waterway": "drain"
        }
      },
      {
        "area_m2": 548.484,
        "compactness": 0.022581,
        "excluded": true,
        "long_side_m": 274.235,
        "reason": "explicit river/canal/stream/drain tag",
        "rectangularity": 0.521352,
        "source": "way/1389224319",
        "tags": {
          "alt_name": "壯西五輪一中排",
          "name": "壯西二中排",
          "waterway": "drain"
        }
      },
      {
        "area_m2": 73.249,
        "compactness": 0.15425,
        "excluded": true,
        "long_side_m": 36.713,
        "reason": "explicit river/canal/stream/drain tag",
        "rectangularity": 0.768738,
        "source": "way/1389224320",
        "tags": {
          "waterway": "drain"
        }
      },
      {
        "area_m2": 27.208,
        "compactness": 0.351058,
        "excluded": true,
        "long_side_m": 13.604,
        "reason": "explicit river/canal/stream/drain tag",
        "rectangularity": 1.0,
        "source": "way/1389224323",
        "tags": {
          "layer": "-1",
          "tunnel": "culvert",
          "waterway": "drain"
        }
      },
      {
        "area_m2": 1245.914,
        "compactness": 0.010022,
        "excluded": true,
        "long_side_m": 622.957,
        "reason": "explicit river/canal/stream/drain tag",
        "rectangularity": 1.0,
        "source": "way/1389224324",
        "tags": {
          "name": "淇武蘭二中排2-2小排",
          "waterway": "drain"
        }
      },
      {
        "area_m2": 1128.369,
        "compactness": 0.011058,
        "excluded": true,
        "long_side_m": 564.185,
        "reason": "explicit river/canal/stream/drain tag",
        "rectangularity": 1.0,
        "source": "way/1389224427",
        "tags": {
          "waterway": "drain"
        }
      },
      {
        "area_m2": 3.216,
        "compactness": 0.776131,
        "excluded": true,
        "long_side_m": 2.0,
        "reason": "explicit river/canal/stream/drain tag",
        "rectangularity": 1.0,
        "source": "way/1389224431",
        "tags": {
          "waterway": "drain"
        }
      },
      {
        "area_m2": 13.086,
        "compactness": 0.563301,
        "excluded": true,
        "long_side_m": 6.543,
        "reason": "explicit river/canal/stream/drain tag",
        "rectangularity": 1.0,
        "source": "way/1389224432",
        "tags": {
          "layer": "-1",
          "tunnel": "culvert",
          "waterway": "drain"
        }
      },
      {
        "area_m2": 111.914,
        "compactness": 0.468899,
        "excluded": true,
        "long_side_m": 18.79,
        "reason": "explicit river/canal/stream/drain tag",
        "rectangularity": 0.548844,
        "source": "way/1389224433",
        "tags": {
          "layer": "-1",
          "name": "壯東第三大排",
          "tunnel": "culvert",
          "waterway": "canal"
        }
      },
      {
        "area_m2": 1406.928,
        "compactness": 0.008881,
        "excluded": true,
        "long_side_m": 702.855,
        "reason": "explicit river/canal/stream/drain tag",
        "rectangularity": 0.184575,
        "source": "way/1389224434",
        "tags": {
          "waterway": "drain"
        }
      },
      {
        "area_m2": 802.871,
        "compactness": 0.015497,
        "excluded": true,
        "long_side_m": 401.034,
        "reason": "explicit river/canal/stream/drain tag",
        "rectangularity": 0.249438,
        "source": "way/1389224435",
        "tags": {
          "waterway": "drain"
        }
      },
      {
        "area_m2": 14.746,
        "compactness": 0.527318,
        "excluded": true,
        "long_side_m": 7.373,
        "reason": "explicit river/canal/stream/drain tag",
        "rectangularity": 1.0,
        "source": "way/1389224436",
        "tags": {
          "layer": "-1",
          "tunnel": "culvert",
          "waterway": "drain"
        }
      },
      {
        "area_m2": 10.314,
        "compactness": 0.632592,
        "excluded": true,
        "long_side_m": 5.157,
        "reason": "explicit river/canal/stream/drain tag",
        "rectangularity": 1.0,
        "source": "way/1389224437",
        "tags": {
          "bridge": "aqueduct",
          "layer": "1",
          "waterway": "drain"
        }
      },
      {
        "area_m2": 971.35,
        "compactness": 0.012831,
        "excluded": true,
        "long_side_m": 485.675,
        "reason": "explicit river/canal/stream/drain tag",
        "rectangularity": 1.0,
        "source": "way/1389224444",
        "tags": {
          "name": "茅埔排水",
          "waterway": "drain"
        }
      },
      {
        "area_m2": 489.822,
        "compactness": 0.025241,
        "excluded": true,
        "long_side_m": 244.911,
        "reason": "explicit river/canal/stream/drain tag",
        "rectangularity": 1.0,
        "source": "way/1389224529",
        "tags": {
          "name": "淇武蘭一中排",
          "waterway": "drain"
        }
      },
      {
        "area_m2": 17.255,
        "compactness": 0.479962,
        "excluded": true,
        "long_side_m": 8.627,
        "reason": "explicit river/canal/stream/drain tag",
        "rectangularity": 1.0,
        "source": "way/1389224530",
        "tags": {
          "layer": "-1",
          "name": "淇武蘭一中排",
          "tunnel": "culvert",
          "waterway": "drain"
        }
      },
      {
        "area_m2": 1075.555,
        "compactness": 0.011597,
        "excluded": true,
        "long_side_m": 416.7,
        "reason": "explicit river/canal/stream/drain tag",
        "rectangularity": 0.02221,
        "source": "way/1389224531",
        "tags": {
          "waterway": "drain"
        }
      },
      {
        "area_m2": 37.817,
        "compactness": 0.7527,
        "excluded": true,
        "long_side_m": 7.563,
        "reason": "explicit river/canal/stream/drain tag",
        "rectangularity": 1.0,
        "source": "way/1389224532",
        "tags": {
          "name": "充館圳充公支線茅埔分線",
          "waterway": "canal"
        }
      },
      {
        "area_m2": 65.812,
        "compactness": 0.626769,
        "excluded": true,
        "long_side_m": 13.162,
        "reason": "explicit river/canal/stream/drain tag",
        "rectangularity": 1.0,
        "source": "way/1389224533",
        "tags": {
          "layer": "-1",
          "name": "充館圳充公支線茅埔分線",
          "tunnel": "culvert",
          "waterway": "canal"
        }
      },
      {
        "area_m2": 69.423,
        "compactness": 0.611557,
        "excluded": true,
        "long_side_m": 13.885,
        "reason": "explicit river/canal/stream/drain tag",
        "rectangularity": 1.0,
        "source": "way/1389224534",
        "tags": {
          "layer": "-1",
          "name": "充館圳充公支線茅埔分線",
          "tunnel": "culvert",
          "waterway": "canal"
        }
      },
      {
        "area_m2": 1612.773,
        "compactness": 0.047223,
        "excluded": true,
        "long_side_m": 322.038,
        "reason": "explicit river/canal/stream/drain tag",
        "rectangularity": 0.412102,
        "source": "way/1389224535",
        "tags": {
          "name": "充館圳充公支線茅埔分線",
          "waterway": "canal"
        }
      },
      {
        "area_m2": 531.604,
        "compactness": 0.023287,
        "excluded": true,
        "long_side_m": 263.97,
        "reason": "explicit river/canal/stream/drain tag",
        "rectangularity": 0.225559,
        "source": "way/1389224536",
        "tags": {
          "waterway": "drain"
        }
      },
      {
        "area_m2": 213.051,
        "compactness": 0.29528,
        "excluded": true,
        "long_side_m": 42.693,
        "reason": "explicit river/canal/stream/drain tag",
        "rectangularity": 0.958997,
        "source": "way/1389224537",
        "tags": {
          "waterway": "canal"
        }
      },
      {
        "area_m2": 483.074,
        "compactness": 0.025588,
        "excluded": true,
        "long_side_m": 241.538,
        "reason": "explicit river/canal/stream/drain tag",
        "rectangularity": 0.969003,
        "source": "way/1389224538",
        "tags": {
          "waterway": "drain"
        }
      },
      {
        "area_m2": 18.762,
        "compactness": 0.455055,
        "excluded": true,
        "long_side_m": 9.381,
        "reason": "explicit river/canal/stream/drain tag",
        "rectangularity": 1.0,
        "source": "way/1389224539",
        "tags": {
          "layer": "-1",
          "tunnel": "culvert",
          "waterway": "drain"
        }
      },
      {
        "area_m2": 65.088,
        "compactness": 0.629877,
        "excluded": true,
        "long_side_m": 13.02,
        "reason": "explicit river/canal/stream/drain tag",
        "rectangularity": 0.999312,
        "source": "way/1389224540",
        "tags": {
          "layer": "-1",
          "tunnel": "culvert",
          "waterway": "canal"
        }
      },
      {
        "area_m2": 350.613,
        "compactness": 0.035037,
        "excluded": true,
        "long_side_m": 175.308,
        "reason": "explicit river/canal/stream/drain tag",
        "rectangularity": 0.977161,
        "source": "way/1389224549",
        "tags": {
          "name": "淇武蘭一中排",
          "waterway": "drain"
        }
      },
      {
        "area_m2": 742.705,
        "compactness": 0.016739,
        "excluded": true,
        "long_side_m": 349.05,
        "reason": "explicit river/canal/stream/drain tag",
        "rectangularity": 0.034455,
        "source": "way/1389224551",
        "tags": {
          "waterway": "drain"
        }
      },
      {
        "area_m2": 485.418,
        "compactness": 0.025466,
        "excluded": true,
        "long_side_m": 242.713,
        "reason": "explicit river/canal/stream/drain tag",
        "rectangularity": 0.957123,
        "source": "way/1389224552",
        "tags": {
          "waterway": "drain"
        }
      },
      {
        "area_m2": 463.117,
        "compactness": 0.026672,
        "excluded": true,
        "long_side_m": 231.608,
        "reason": "explicit river/canal/stream/drain tag",
        "rectangularity": 0.986898,
        "source": "way/1389224555",
        "tags": {
          "name": "淇武蘭三中排",
          "waterway": "drain"
        }
      },
      {
        "area_m2": 1136.392,
        "compactness": 0.010981,
        "excluded": true,
        "long_side_m": 568.138,
        "reason": "explicit river/canal/stream/drain tag",
        "rectangularity": 0.331153,
        "source": "way/1389224556",
        "tags": {
          "waterway": "drain"
        }
      },
      {
        "area_m2": 480.138,
        "compactness": 0.025742,
        "excluded": true,
        "long_side_m": 240.078,
        "reason": "explicit river/canal/stream/drain tag",
        "rectangularity": 0.665395,
        "source": "way/1389224557",
        "tags": {
          "name": "淇武蘭二中排",
          "waterway": "drain"
        }
      },
      {
        "area_m2": 1250.823,
        "compactness": 0.009983,
        "excluded": true,
        "long_side_m": 625.418,
        "reason": "explicit river/canal/stream/drain tag",
        "rectangularity": 0.70833,
        "source": "way/1389224558",
        "tags": {
          "name": "淇武蘭二中排2-3小排",
          "waterway": "drain"
        }
      },
      {
        "area_m2": 491.526,
        "compactness": 0.025155,
        "excluded": true,
        "long_side_m": 245.763,
        "reason": "explicit river/canal/stream/drain tag",
        "rectangularity": 1.0,
        "source": "way/1389224559",
        "tags": {
          "name": "淇武蘭九中排",
          "waterway": "drain"
        }
      },
      {
        "area_m2": 488.581,
        "compactness": 0.025304,
        "excluded": true,
        "long_side_m": 244.292,
        "reason": "explicit river/canal/stream/drain tag",
        "rectangularity": 0.958441,
        "source": "way/1389224560",
        "tags": {
          "name": "淇武蘭十一中排",
          "waterway": "drain"
        }
      },
      {
        "area_m2": 1914.685,
        "compactness": 0.039969,
        "excluded": true,
        "long_side_m": 382.937,
        "reason": "explicit river/canal/stream/drain tag",
        "rectangularity": 1.0,
        "source": "way/1389224617",
        "tags": {
          "waterway": "canal"
        }
      },
      {
        "area_m2": 102.777,
        "compactness": 0.494402,
        "excluded": true,
        "long_side_m": 20.555,
        "reason": "explicit river/canal/stream/drain tag",
        "rectangularity": 1.0,
        "source": "way/1389224618",
        "tags": {
          "layer": "-1",
          "tunnel": "culvert",
          "waterway": "canal"
        }
      },
      {
        "area_m2": 612.224,
        "compactness": 0.118418,
        "excluded": true,
        "long_side_m": 122.468,
        "reason": "explicit river/canal/stream/drain tag",
        "rectangularity": 0.998827,
        "source": "way/1389224620",
        "tags": {
          "waterway": "canal"
        }
      },
      {
        "area_m2": 506.266,
        "compactness": 0.024434,
        "excluded": true,
        "long_side_m": 253.135,
        "reason": "explicit river/canal/stream/drain tag",
        "rectangularity": 0.939717,
        "source": "way/1389224633",
        "tags": {
          "name": "壯東A-2中排",
          "waterway": "drain"
        }
      },
      {
        "area_m2": 187.098,
        "compactness": 0.064382,
        "excluded": true,
        "long_side_m": 93.549,
        "reason": "explicit river/canal/stream/drain tag",
        "rectangularity": 1.0,
        "source": "way/1389224634",
        "tags": {
          "waterway": "drain"
        }
      },
      {
        "area_m2": 1975.505,
        "compactness": 0.038769,
        "excluded": true,
        "long_side_m": 395.129,
        "reason": "explicit river/canal/stream/drain tag",
        "rectangularity": 0.762324,
        "source": "way/1389224635",
        "tags": {
          "waterway": "canal"
        }
      },
      {
        "area_m2": 47.239,
        "compactness": 0.710964,
        "excluded": true,
        "long_side_m": 9.448,
        "reason": "explicit river/canal/stream/drain tag",
        "rectangularity": 1.0,
        "source": "way/1389224639",
        "tags": {
          "layer": "-1",
          "tunnel": "culvert",
          "waterway": "canal"
        }
      },
      {
        "area_m2": 143.813,
        "compactness": 0.396348,
        "excluded": true,
        "long_side_m": 28.763,
        "reason": "explicit river/canal/stream/drain tag",
        "rectangularity": 1.0,
        "source": "way/1389224640",
        "tags": {
          "waterway": "canal"
        }
      },
      {
        "area_m2": 38.039,
        "compactness": 0.751796,
        "excluded": true,
        "long_side_m": 7.608,
        "reason": "explicit river/canal/stream/drain tag",
        "rectangularity": 1.0,
        "source": "way/1389224641",
        "tags": {
          "layer": "-1",
          "tunnel": "culvert",
          "waterway": "canal"
        }
      },
      {
        "area_m2": 1914.771,
        "compactness": 0.039967,
        "excluded": true,
        "long_side_m": 380.742,
        "reason": "explicit river/canal/stream/drain tag",
        "rectangularity": 0.20519,
        "source": "way/1389224642",
        "tags": {
          "waterway": "canal"
        }
      },
      {
        "area_m2": 422.825,
        "compactness": 0.16559,
        "excluded": true,
        "long_side_m": 84.709,
        "reason": "explicit river/canal/stream/drain tag",
        "rectangularity": 0.705471,
        "source": "way/1389224643",
        "tags": {
          "layer": "-1",
          "tunnel": "culvert",
          "waterway": "canal"
        }
      },
      {
        "area_m2": 1355.552,
        "compactness": 0.05586,
        "excluded": true,
        "long_side_m": 260.888,
        "reason": "explicit river/canal/stream/drain tag",
        "rectangularity": 0.119508,
        "source": "way/1389224644",
        "tags": {
          "waterway": "canal"
        }
      },
      {
        "area_m2": 125.64,
        "compactness": 0.434849,
        "excluded": true,
        "long_side_m": 25.128,
        "reason": "explicit river/canal/stream/drain tag",
        "rectangularity": 1.0,
        "source": "way/1389224645",
        "tags": {
          "layer": "-1",
          "tunnel": "culvert",
          "waterway": "canal"
        }
      },
      {
        "area_m2": 2033.08,
        "compactness": 0.037698,
        "excluded": true,
        "long_side_m": 402.183,
        "reason": "explicit river/canal/stream/drain tag",
        "rectangularity": 0.20106,
        "source": "way/1389224646",
        "tags": {
          "waterway": "canal"
        }
      },
      {
        "area_m2": 50.825,
        "compactness": 0.694293,
        "excluded": true,
        "long_side_m": 10.165,
        "reason": "explicit river/canal/stream/drain tag",
        "rectangularity": 1.0,
        "source": "way/1389224647",
        "tags": {
          "layer": "-1",
          "tunnel": "culvert",
          "waterway": "canal"
        }
      },
      {
        "area_m2": 598.281,
        "compactness": 0.120956,
        "excluded": true,
        "long_side_m": 119.687,
        "reason": "explicit river/canal/stream/drain tag",
        "rectangularity": 0.737472,
        "source": "way/1389224648",
        "tags": {
          "waterway": "canal"
        }
      },
      {
        "area_m2": 25.149,
        "compactness": 0.785391,
        "excluded": true,
        "long_side_m": 5.03,
        "reason": "explicit river/canal/stream/drain tag",
        "rectangularity": 1.0,
        "source": "way/1389224649",
        "tags": {
          "layer": "-1",
          "tunnel": "culvert",
          "waterway": "canal"
        }
      },
      {
        "area_m2": 622.564,
        "compactness": 0.116603,
        "excluded": true,
        "long_side_m": 124.653,
        "reason": "explicit river/canal/stream/drain tag",
        "rectangularity": 0.640731,
        "source": "way/1389224650",
        "tags": {
          "waterway": "canal"
        }
      },
      {
        "area_m2": 35.74,
        "compactness": 0.760844,
        "excluded": true,
        "long_side_m": 7.148,
        "reason": "explicit river/canal/stream/drain tag",
        "rectangularity": 1.0,
        "source": "way/1389224651",
        "tags": {
          "layer": "-1",
          "tunnel": "culvert",
          "waterway": "canal"
        }
      },
      {
        "area_m2": 1262.896,
        "compactness": 0.059799,
        "excluded": true,
        "long_side_m": 252.617,
        "reason": "explicit river/canal/stream/drain tag",
        "rectangularity": 0.54046,
        "source": "way/1389224652",
        "tags": {
          "waterway": "canal"
        }
      },
      {
        "area_m2": 44.86,
        "compactness": 0.721924,
        "excluded": true,
        "long_side_m": 8.972,
        "reason": "explicit river/canal/stream/drain tag",
        "rectangularity": 1.0,
        "source": "way/1389224653",
        "tags": {
          "layer": "-1",
          "tunnel": "culvert",
          "waterway": "canal"
        }
      },
      {
        "area_m2": 921.69,
        "compactness": 0.080772,
        "excluded": true,
        "long_side_m": 184.363,
        "reason": "explicit river/canal/stream/drain tag",
        "rectangularity": 0.484364,
        "source": "way/1389224654",
        "tags": {
          "waterway": "canal"
        }
      },
      {
        "area_m2": 186.46,
        "compactness": 0.327506,
        "excluded": true,
        "long_side_m": 37.292,
        "reason": "explicit river/canal/stream/drain tag",
        "rectangularity": 1.0,
        "source": "way/1389224655",
        "tags": {
          "layer": "-1",
          "tunnel": "culvert",
          "waterway": "canal"
        }
      },
      {
        "area_m2": 1473.36,
        "compactness": 0.051543,
        "excluded": true,
        "long_side_m": 292.166,
        "reason": "explicit river/canal/stream/drain tag",
        "rectangularity": 0.201101,
        "source": "way/1389224656",
        "tags": {
          "waterway": "canal"
        }
      },
      {
        "area_m2": 27.239,
        "compactness": 0.783955,
        "excluded": true,
        "long_side_m": 5.448,
        "reason": "explicit river/canal/stream/drain tag",
        "rectangularity": 1.0,
        "source": "way/1389224657",
        "tags": {
          "layer": "-1",
          "tunnel": "culvert",
          "waterway": "canal"
        }
      },
      {
        "area_m2": 634.186,
        "compactness": 0.114628,
        "excluded": true,
        "long_side_m": 120.573,
        "reason": "explicit river/canal/stream/drain tag",
        "rectangularity": 0.237352,
        "source": "way/1389224658",
        "tags": {
          "waterway": "canal"
        }
      },
      {
        "area_m2": 195.692,
        "compactness": 0.061668,
        "excluded": true,
        "long_side_m": 97.846,
        "reason": "explicit river/canal/stream/drain tag",
        "rectangularity": 1.0,
        "source": "way/1389224659",
        "tags": {
          "waterway": "drain"
        }
      },
      {
        "area_m2": 12.543,
        "compactness": 0.575944,
        "excluded": true,
        "long_side_m": 6.272,
        "reason": "explicit river/canal/stream/drain tag",
        "rectangularity": 1.0,
        "source": "way/1389224660",
        "tags": {
          "layer": "-1",
          "tunnel": "culvert",
          "waterway": "drain"
        }
      },
      {
        "area_m2": 135.018,
        "compactness": 0.087793,
        "excluded": true,
        "long_side_m": 67.509,
        "reason": "explicit river/canal/stream/drain tag",
        "rectangularity": 1.0,
        "source": "way/1389224661",
        "tags": {
          "waterway": "drain"
        }
      },
      {
        "area_m2": 18.723,
        "compactness": 0.455678,
        "excluded": true,
        "long_side_m": 7.107,
        "reason": "explicit river/canal/stream/drain tag",
        "rectangularity": 0.53417,
        "source": "way/1389224662",
        "tags": {
          "waterway": "drain"
        }
      },
      {
        "area_m2": 32.192,
        "compactness": 0.772977,
        "excluded": true,
        "long_side_m": 6.438,
        "reason": "explicit river/canal/stream/drain tag",
        "rectangularity": 1.0,
        "source": "way/1389224663",
        "tags": {
          "layer": "-1",
          "tunnel": "culvert",
          "waterway": "canal"
        }
      },
      {
        "area_m2": 784.843,
        "compactness": 0.093988,
        "excluded": true,
        "long_side_m": 157.115,
        "reason": "explicit river/canal/stream/drain tag",
        "rectangularity": 0.759148,
        "source": "way/1389224664",
        "tags": {
          "waterway": "canal"
        }
      },
      {
        "area_m2": 13.25,
        "compactness": 0.559571,
        "excluded": true,
        "long_side_m": 6.625,
        "reason": "explicit river/canal/stream/drain tag",
        "rectangularity": 1.0,
        "source": "way/1389224671",
        "tags": {
          "bridge": "aqueduct",
          "layer": "1",
          "name": "金同春圳六分線",
          "waterway": "drain"
        }
      },
      {
        "area_m2": 15.313,
        "compactness": 0.515907,
        "excluded": true,
        "long_side_m": 7.656,
        "reason": "explicit river/canal/stream/drain tag",
        "rectangularity": 1.0,
        "source": "way/1389224672",
        "tags": {
          "layer": "-1",
          "name": "金同春圳六分線",
          "tunnel": "culvert",
          "waterway": "drain"
        }
      },
      {
        "area_m2": 222.02,
        "compactness": 0.054614,
        "excluded": true,
        "long_side_m": 111.01,
        "reason": "explicit river/canal/stream/drain tag",
        "rectangularity": 1.0,
        "source": "way/1389224673",
        "tags": {
          "waterway": "drain"
        }
      },
      {
        "area_m2": 860.584,
        "compactness": 0.014467,
        "excluded": true,
        "long_side_m": 428.929,
        "reason": "explicit river/canal/stream/drain tag",
        "rectangularity": 0.218939,
        "source": "way/1389224674",
        "tags": {
          "waterway": "drain"
        }
      },
      {
        "area_m2": 883.978,
        "compactness": 0.014088,
        "excluded": true,
        "long_side_m": 441.975,
        "reason": "explicit river/canal/stream/drain tag",
        "rectangularity": 0.518996,
        "source": "way/1389224675",
        "tags": {
          "name": "金同春圳六分線",
          "waterway": "drain"
        }
      },
      {
        "area_m2": 42.584,
        "compactness": 0.732233,
        "excluded": true,
        "long_side_m": 8.517,
        "reason": "explicit river/canal/stream/drain tag",
        "rectangularity": 1.0,
        "source": "way/1389224676",
        "tags": {
          "waterway": "canal"
        }
      },
      {
        "area_m2": 33.823,
        "compactness": 0.767728,
        "excluded": true,
        "long_side_m": 6.765,
        "reason": "explicit river/canal/stream/drain tag",
        "rectangularity": 1.0,
        "source": "way/1389224677",
        "tags": {
          "layer": "-1",
          "tunnel": "culvert",
          "waterway": "canal"
        }
      },
      {
        "area_m2": 33.833,
        "compactness": 0.767695,
        "excluded": true,
        "long_side_m": 6.767,
        "reason": "explicit river/canal/stream/drain tag",
        "rectangularity": 1.0,
        "source": "way/1389224678",
        "tags": {
          "layer": "-1",
          "tunnel": "culvert",
          "waterway": "canal"
        }
      },
      {
        "area_m2": 33.996,
        "compactness": 0.767135,
        "excluded": true,
        "long_side_m": 6.799,
        "reason": "explicit river/canal/stream/drain tag",
        "rectangularity": 1.0,
        "source": "way/1389224679",
        "tags": {
          "waterway": "canal"
        }
      },
      {
        "area_m2": 42.829,
        "compactness": 0.731133,
        "excluded": true,
        "long_side_m": 8.566,
        "reason": "explicit river/canal/stream/drain tag",
        "rectangularity": 1.0,
        "source": "way/1389224680",
        "tags": {
          "waterway": "canal"
        }
      },
      {
        "area_m2": 26.918,
        "compactness": 0.784326,
        "excluded": true,
        "long_side_m": 5.384,
        "reason": "explicit river/canal/stream/drain tag",
        "rectangularity": 1.0,
        "source": "way/1389224681",
        "tags": {
          "layer": "-1",
          "tunnel": "culvert",
          "waterway": "canal"
        }
      },
      {
        "area_m2": 2635.252,
        "compactness": 0.029246,
        "excluded": true,
        "long_side_m": 525.01,
        "reason": "explicit river/canal/stream/drain tag",
        "rectangularity": 0.21742,
        "source": "way/1389224682",
        "tags": {
          "waterway": "canal"
        }
      },
      {
        "area_m2": 48.483,
        "compactness": 0.70519,
        "excluded": true,
        "long_side_m": 9.697,
        "reason": "explicit river/canal/stream/drain tag",
        "rectangularity": 1.0,
        "source": "way/1389224683",
        "tags": {
          "layer": "-1",
          "tunnel": "culvert",
          "waterway": "canal"
        }
      },
      {
        "area_m2": 23.905,
        "compactness": 0.785005,
        "excluded": true,
        "long_side_m": 5.0,
        "reason": "explicit river/canal/stream/drain tag",
        "rectangularity": 1.0,
        "source": "way/1389224684",
        "tags": {
          "waterway": "canal"
        }
      },
      {
        "area_m2": 19.916,
        "compactness": 0.775337,
        "excluded": true,
        "long_side_m": 5.0,
        "reason": "explicit river/canal/stream/drain tag",
        "rectangularity": 1.0,
        "source": "way/1389224685",
        "tags": {
          "waterway": "canal"
        }
      },
      {
        "area_m2": 38.39,
        "compactness": 0.750353,
        "excluded": true,
        "long_side_m": 7.678,
        "reason": "explicit river/canal/stream/drain tag",
        "rectangularity": 1.0,
        "source": "way/1389224686",
        "tags": {
          "layer": "-1",
          "tunnel": "culvert",
          "waterway": "canal"
        }
      },
      {
        "area_m2": 3082.034,
        "compactness": 0.025075,
        "excluded": true,
        "long_side_m": 580.781,
        "reason": "explicit river/canal/stream/drain tag",
        "rectangularity": 0.05052,
        "source": "way/1389224687",
        "tags": {
          "waterway": "canal"
        }
      },
      {
        "area_m2": 26.421,
        "compactness": 0.358767,
        "excluded": true,
        "long_side_m": 13.211,
        "reason": "explicit river/canal/stream/drain tag",
        "rectangularity": 1.0,
        "source": "way/1389224688",
        "tags": {
          "bridge": "aqueduct",
          "layer": "1",
          "waterway": "drain"
        }
      },
      {
        "area_m2": 45.864,
        "compactness": 0.717315,
        "excluded": true,
        "long_side_m": 9.173,
        "reason": "explicit river/canal/stream/drain tag",
        "rectangularity": 1.0,
        "source": "way/1389224689",
        "tags": {
          "bridge": "aqueduct",
          "layer": "1",
          "waterway": "canal"
        }
      },
      {
        "area_m2": 38.92,
        "compactness": 0.748149,
        "excluded": true,
        "long_side_m": 7.784,
        "reason": "explicit river/canal/stream/drain tag",
        "rectangularity": 1.0,
        "source": "way/1389224690",
        "tags": {
          "layer": "-1",
          "tunnel": "culvert",
          "waterway": "canal"
        }
      },
      {
        "area_m2": 3161.619,
        "compactness": 0.024453,
        "excluded": true,
        "long_side_m": 623.777,
        "reason": "explicit river/canal/stream/drain tag",
        "rectangularity": 0.093254,
        "source": "way/1389224691",
        "tags": {
          "waterway": "canal"
        }
      },
      {
        "area_m2": 3645.602,
        "compactness": 0.021251,
        "excluded": true,
        "long_side_m": 690.754,
        "reason": "explicit river/canal/stream/drain tag",
        "rectangularity": 0.064526,
        "source": "way/1389224692",
        "tags": {
          "waterway": "canal"
        }
      },
      {
        "area_m2": 451.541,
        "compactness": 0.156166,
        "excluded": true,
        "long_side_m": 90.425,
        "reason": "explicit river/canal/stream/drain tag",
        "rectangularity": 0.798414,
        "source": "way/1389265250",
        "tags": {
          "waterway": "canal"
        }
      },
      {
        "area_m2": 255.314,
        "compactness": 0.255196,
        "excluded": true,
        "long_side_m": 51.063,
        "reason": "explicit river/canal/stream/drain tag",
        "rectangularity": 1.0,
        "source": "way/1389265251",
        "tags": {
          "layer": "-1",
          "tunnel": "culvert",
          "waterway": "canal"
        }
      },
      {
        "area_m2": 51.774,
        "compactness": 0.68988,
        "excluded": true,
        "long_side_m": 10.355,
        "reason": "explicit river/canal/stream/drain tag",
        "rectangularity": 1.0,
        "source": "way/1389265252",
        "tags": {
          "layer": "-1",
          "tunnel": "culvert",
          "waterway": "canal"
        }
      },
      {
        "area_m2": 113.098,
        "compactness": 0.465769,
        "excluded": true,
        "long_side_m": 22.62,
        "reason": "explicit river/canal/stream/drain tag",
        "rectangularity": 1.0,
        "source": "way/1389265253",
        "tags": {
          "waterway": "canal"
        }
      },
      {
        "area_m2": 214.05,
        "compactness": 0.29419,
        "excluded": true,
        "long_side_m": 42.81,
        "reason": "explicit river/canal/stream/drain tag",
        "rectangularity": 1.0,
        "source": "way/1389265254",
        "tags": {
          "layer": "-1",
          "tunnel": "culvert",
          "waterway": "canal"
        }
      },
      {
        "area_m2": 516.232,
        "compactness": 0.02397,
        "excluded": true,
        "long_side_m": 258.127,
        "reason": "explicit river/canal/stream/drain tag",
        "rectangularity": 0.63319,
        "source": "way/1391148359",
        "tags": {
          "name": "三鬮圳新興支線A16分線",
          "waterway": "drain"
        }
      },
      {
        "area_m2": 31.649,
        "compactness": 0.31295,
        "excluded": true,
        "long_side_m": 15.825,
        "reason": "explicit river/canal/stream/drain tag",
        "rectangularity": 1.0,
        "source": "way/1391148360",
        "tags": {
          "layer": "-1",
          "name": "三鬮圳古結支線",
          "tunnel": "culvert",
          "waterway": "drain"
        }
      },
      {
        "area_m2": 130.091,
        "compactness": 0.09092,
        "excluded": true,
        "long_side_m": 65.046,
        "reason": "explicit river/canal/stream/drain tag",
        "rectangularity": 1.0,
        "source": "way/1391148361",
        "tags": {
          "waterway": "drain"
        }
      },
      {
        "area_m2": 5.624,
        "compactness": 0.763023,
        "excluded": true,
        "long_side_m": 2.812,
        "reason": "explicit river/canal/stream/drain tag",
        "rectangularity": 1.0,
        "source": "way/1391148362",
        "tags": {
          "waterway": "drain"
        }
      },
      {
        "area_m2": 304.409,
        "compactness": 0.040217,
        "excluded": true,
        "long_side_m": 152.291,
        "reason": "explicit river/canal/stream/drain tag",
        "rectangularity": 0.903311,
        "source": "way/1391148363",
        "tags": {
          "waterway": "drain"
        }
      },
      {
        "area_m2": 518.757,
        "compactness": 0.137798,
        "excluded": true,
        "long_side_m": 103.751,
        "reason": "explicit river/canal/stream/drain tag",
        "rectangularity": 1.0,
        "source": "way/1391148364",
        "tags": {
          "layer": "-1",
          "tunnel": "culvert",
          "waterway": "canal"
        }
      },
      {
        "area_m2": 69.536,
        "compactness": 0.611088,
        "excluded": true,
        "long_side_m": 13.907,
        "reason": "explicit river/canal/stream/drain tag",
        "rectangularity": 1.0,
        "source": "way/1391148365",
        "tags": {
          "layer": "-1",
          "tunnel": "culvert",
          "waterway": "canal"
        }
      },
      {
        "area_m2": 1411.774,
        "compactness": 0.008851,
        "excluded": true,
        "long_side_m": 704.021,
        "reason": "explicit river/canal/stream/drain tag",
        "rectangularity": 0.23235,
        "source": "way/1391148366",
        "tags": {
          "name": "三鬮圳古結支線",
          "waterway": "drain"
        }
      },
      {
        "area_m2": 202.549,
        "compactness": 0.307235,
        "excluded": true,
        "long_side_m": 40.51,
        "reason": "explicit river/canal/stream/drain tag",
        "rectangularity": 1.0,
        "source": "way/1391148367",
        "tags": {
          "layer": "-1",
          "tunnel": "culvert",
          "waterway": "canal"
        }
      },
      {
        "area_m2": 3216.073,
        "compactness": 0.024046,
        "excluded": true,
        "long_side_m": 643.215,
        "reason": "explicit river/canal/stream/drain tag",
        "rectangularity": 1.0,
        "source": "way/1391148368",
        "tags": {
          "waterway": "canal"
        }
      },
      {
        "area_m2": 807.796,
        "compactness": 0.015403,
        "excluded": true,
        "long_side_m": 317.908,
        "reason": "explicit river/canal/stream/drain tag",
        "rectangularity": 0.029102,
        "source": "way/1391148369",
        "tags": {
          "name": "三鬮圳壯五支線",
          "waterway": "drain"
        }
      },
      {
        "area_m2": 5117.423,
        "compactness": 0.015199,
        "excluded": true,
        "long_side_m": 936.621,
        "reason": "explicit river/canal/stream/drain tag",
        "rectangularity": 0.039428,
        "source": "way/1391148370",
        "tags": {
          "layer": "-1",
          "tunnel": "culvert",
          "waterway": "canal"
        }
      },
      {
        "area_m2": 1374.309,
        "compactness": 0.055125,
        "excluded": true,
        "long_side_m": 274.862,
        "reason": "explicit river/canal/stream/drain tag",
        "rectangularity": 1.0,
        "source": "way/1391148415",
        "tags": {
          "waterway": "canal"
        }
      },
      {
        "area_m2": 105.6,
        "compactness": 0.486258,
        "excluded": true,
        "long_side_m": 21.12,
        "reason": "explicit river/canal/stream/drain tag",
        "rectangularity": 1.0,
        "source": "way/1391148416",
        "tags": {
          "layer": "-1",
          "tunnel": "culvert",
          "waterway": "canal"
        }
      },
      {
        "area_m2": 946.226,
        "compactness": 0.013169,
        "excluded": true,
        "long_side_m": 463.261,
        "reason": "explicit river/canal/stream/drain tag",
        "rectangularity": 0.097461,
        "source": "way/1391148417",
        "tags": {
          "waterway": "drain"
        }
      },
      {
        "area_m2": 1037.662,
        "compactness": 0.012017,
        "excluded": true,
        "long_side_m": 509.247,
        "reason": "explicit river/canal/stream/drain tag",
        "rectangularity": 0.095953,
        "source": "way/1391148418",
        "tags": {
          "waterway": "drain"
        }
      },
      {
        "area_m2": 3334.175,
        "compactness": 0.00376,
        "excluded": true,
        "long_side_m": 1238.885,
        "reason": "explicit river/canal/stream/drain tag",
        "rectangularity": 0.005449,
        "source": "way/1391148419",
        "tags": {
          "waterway": "drain"
        }
      },
      {
        "area_m2": 2985.951,
        "compactness": 0.004197,
        "excluded": true,
        "long_side_m": 1476.069,
        "reason": "explicit river/canal/stream/drain tag",
        "rectangularity": 0.029483,
        "source": "way/1391148420",
        "tags": {
          "waterway": "drain"
        }
      },
      {
        "area_m2": 299.6,
        "compactness": 0.223324,
        "excluded": true,
        "long_side_m": 60.126,
        "reason": "explicit river/canal/stream/drain tag",
        "rectangularity": 0.714114,
        "source": "way/1391148421",
        "tags": {
          "waterway": "canal"
        }
      },
      {
        "area_m2": 109.294,
        "compactness": 0.475962,
        "excluded": true,
        "long_side_m": 21.859,
        "reason": "explicit river/canal/stream/drain tag",
        "rectangularity": 1.0,
        "source": "way/1391148422",
        "tags": {
          "waterway": "canal"
        }
      },
      {
        "area_m2": 24.916,
        "compactness": 0.785396,
        "excluded": true,
        "long_side_m": 5.0,
        "reason": "explicit river/canal/stream/drain tag",
        "rectangularity": 1.0,
        "source": "way/1391148423",
        "tags": {
          "layer": "-1",
          "tunnel": "culvert",
          "waterway": "canal"
        }
      },
      {
        "area_m2": 83.394,
        "compactness": 0.557462,
        "excluded": true,
        "long_side_m": 16.679,
        "reason": "explicit river/canal/stream/drain tag",
        "rectangularity": 1.0,
        "source": "way/1391148424",
        "tags": {
          "waterway": "canal"
        }
      },
      {
        "area_m2": 68.742,
        "compactness": 0.614388,
        "excluded": true,
        "long_side_m": 13.751,
        "reason": "explicit river/canal/stream/drain tag",
        "rectangularity": 0.999124,
        "source": "way/1391148425",
        "tags": {
          "layer": "-1",
          "tunnel": "culvert",
          "waterway": "canal"
        }
      },
      {
        "area_m2": 980.759,
        "compactness": 0.012709,
        "excluded": true,
        "long_side_m": 490.259,
        "reason": "explicit river/canal/stream/drain tag",
        "rectangularity": 0.401909,
        "source": "way/1391148427",
        "tags": {
          "name": "三鬮圳新興支線",
          "waterway": "drain"
        }
      },
      {
        "area_m2": 620.863,
        "compactness": 0.116897,
        "excluded": true,
        "long_side_m": 120.825,
        "reason": "explicit river/canal/stream/drain tag",
        "rectangularity": 0.234303,
        "source": "way/1391148428",
        "tags": {
          "layer": "-1",
          "tunnel": "culvert",
          "waterway": "canal"
        }
      },
      {
        "area_m2": 26.574,
        "compactness": 0.784667,
        "excluded": true,
        "long_side_m": 5.315,
        "reason": "explicit river/canal/stream/drain tag",
        "rectangularity": 1.0,
        "source": "way/1391148430",
        "tags": {
          "waterway": "canal"
        }
      },
      {
        "area_m2": 281.292,
        "compactness": 0.235492,
        "excluded": true,
        "long_side_m": 52.904,
        "reason": "explicit river/canal/stream/drain tag",
        "rectangularity": 0.326855,
        "source": "way/1391148433",
        "tags": {
          "layer": "-1",
          "tunnel": "culvert",
          "waterway": "canal"
        }
      },
      {
        "area_m2": 162.719,
        "compactness": 0.36267,
        "excluded": true,
        "long_side_m": 32.571,
        "reason": "explicit river/canal/stream/drain tag",
        "rectangularity": 0.981689,
        "source": "way/1391148436",
        "tags": {
          "waterway": "canal"
        }
      },
      {
        "area_m2": 157.734,
        "compactness": 0.371002,
        "excluded": true,
        "long_side_m": 31.547,
        "reason": "explicit river/canal/stream/drain tag",
        "rectangularity": 1.0,
        "source": "way/1391148439",
        "tags": {
          "layer": "-1",
          "name": "溪洲圳新南支線",
          "tunnel": "culvert",
          "waterway": "canal"
        }
      },
      {
        "area_m2": 3952.743,
        "compactness": 0.019621,
        "excluded": true,
        "long_side_m": 736.675,
        "reason": "explicit river/canal/stream/drain tag",
        "rectangularity": 0.062091,
        "source": "way/1391148440",
        "tags": {
          "name": "溪洲圳新南支線",
          "waterway": "canal"
        }
      },
      {
        "area_m2": 610.296,
        "compactness": 0.118762,
        "excluded": true,
        "long_side_m": 122.059,
        "reason": "explicit river/canal/stream/drain tag",
        "rectangularity": 1.0,
        "source": "way/1391148441",
        "tags": {
          "waterway": "canal"
        }
      },
      {
        "area_m2": 2497.804,
        "compactness": 0.030823,
        "excluded": true,
        "long_side_m": 480.623,
        "reason": "explicit river/canal/stream/drain tag",
        "rectangularity": 0.212226,
        "source": "way/1391148442",
        "tags": {
          "waterway": "canal"
        }
      },
      {
        "area_m2": 266.258,
        "compactness": 0.246511,
        "excluded": true,
        "long_side_m": 52.03,
        "reason": "explicit river/canal/stream/drain tag",
        "rectangularity": 0.399171,
        "source": "way/1391148447",
        "tags": {
          "waterway": "canal"
        }
      },
      {
        "area_m2": 290.858,
        "compactness": 0.04204,
        "excluded": true,
        "long_side_m": 145.429,
        "reason": "explicit river/canal/stream/drain tag",
        "rectangularity": 1.0,
        "source": "way/1391148452",
        "tags": {
          "name": "宜壯中興B9中排B-9-6小排",
          "waterway": "drain"
        }
      },
      {
        "area_m2": 2174.547,
        "compactness": 0.035301,
        "excluded": true,
        "long_side_m": 434.97,
        "reason": "explicit river/canal/stream/drain tag",
        "rectangularity": 0.859026,
        "source": "way/1391148453",
        "tags": {
          "name": "宜壯中興B9中排B-9-6小排",
          "waterway": "canal"
        }
      },
      {
        "area_m2": 957.09,
        "compactness": 0.077936,
        "excluded": true,
        "long_side_m": 191.384,
        "reason": "explicit river/canal/stream/drain tag",
        "rectangularity": 0.775085,
        "source": "way/1391148456",
        "tags": {
          "name": "宜壯新福B5中排",
          "waterway": "canal"
        }
      },
      {
        "area_m2": 288.683,
        "compactness": 0.230425,
        "excluded": true,
        "long_side_m": 57.737,
        "reason": "explicit river/canal/stream/drain tag",
        "rectangularity": 1.0,
        "source": "way/1391148457",
        "tags": {
          "layer": "-1",
          "name": "宜壯新福B5中排",
          "tunnel": "culvert",
          "waterway": "canal"
        }
      },
      {
        "area_m2": 5706.813,
        "compactness": 0.013643,
        "excluded": true,
        "long_side_m": 1138.131,
        "reason": "explicit river/canal/stream/drain tag",
        "rectangularity": 0.120492,
        "source": "way/1391148458",
        "tags": {
          "name": "宜壯新福B5中排",
          "waterway": "canal"
        }
      },
      {
        "area_m2": 247.889,
        "compactness": 0.261441,
        "excluded": true,
        "long_side_m": 49.696,
        "reason": "explicit river/canal/stream/drain tag",
        "rectangularity": 0.53516,
        "source": "way/1391148459",
        "tags": {
          "layer": "-1",
          "name": "宜壯新福B5中排",
          "tunnel": "culvert",
          "waterway": "canal"
        }
      },
      {
        "area_m2": 904.731,
        "compactness": 0.082204,
        "excluded": true,
        "long_side_m": 143.209,
        "reason": "explicit river/canal/stream/drain tag",
        "rectangularity": 0.174219,
        "source": "way/1391148460",
        "tags": {
          "name": "宜壯新福B5中排",
          "waterway": "canal"
        }
      },
      {
        "area_m2": 95.639,
        "compactness": 0.516118,
        "excluded": true,
        "long_side_m": 19.281,
        "reason": "explicit river/canal/stream/drain tag",
        "rectangularity": 0.678548,
        "source": "way/1391148461",
        "tags": {
          "layer": "-1",
          "name": "宜壯新福B5中排",
          "tunnel": "culvert",
          "waterway": "canal"
        }
      },
      {
        "area_m2": 200.367,
        "compactness": 0.309839,
        "excluded": true,
        "long_side_m": 40.073,
        "reason": "explicit river/canal/stream/drain tag",
        "rectangularity": 1.0,
        "source": "way/1391148462",
        "tags": {
          "layer": "-1",
          "name": "宜壯中興B10中排",
          "tunnel": "culvert",
          "waterway": "canal"
        }
      },
      {
        "area_m2": 33.457,
        "compactness": 0.768961,
        "excluded": true,
        "long_side_m": 6.691,
        "reason": "explicit river/canal/stream/drain tag",
        "rectangularity": 1.0,
        "source": "way/1391148463",
        "tags": {
          "name": "宜壯中興B10中排",
          "waterway": "canal"
        }
      },
      {
        "area_m2": 1196.395,
        "compactness": 0.062987,
        "excluded": true,
        "long_side_m": 239.31,
        "reason": "explicit river/canal/stream/drain tag",
        "rectangularity": 0.853501,
        "source": "way/1391148464",
        "tags": {
          "name": "宜壯中興B10中排",
          "waterway": "canal"
        }
      },
      {
        "area_m2": 53.725,
        "compactness": 0.680833,
        "excluded": true,
        "long_side_m": 10.745,
        "reason": "explicit river/canal/stream/drain tag",
        "rectangularity": 1.0,
        "source": "way/1391148465",
        "tags": {
          "layer": "-1",
          "name": "宜壯中興B10中排",
          "tunnel": "culvert",
          "waterway": "canal"
        }
      },
      {
        "area_m2": 93.134,
        "compactness": 0.524141,
        "excluded": true,
        "long_side_m": 18.627,
        "reason": "explicit river/canal/stream/drain tag",
        "rectangularity": 1.0,
        "source": "way/1391148466",
        "tags": {
          "waterway": "canal"
        }
      },
      {
        "area_m2": 19.957,
        "compactness": 0.775515,
        "excluded": true,
        "long_side_m": 5.0,
        "reason": "explicit river/canal/stream/drain tag",
        "rectangularity": 1.0,
        "source": "way/1391148467",
        "tags": {
          "waterway": "canal"
        }
      },
      {
        "area_m2": 42.813,
        "compactness": 0.731208,
        "excluded": true,
        "long_side_m": 8.563,
        "reason": "explicit river/canal/stream/drain tag",
        "rectangularity": 0.999805,
        "source": "way/1391148468",
        "tags": {
          "layer": "-1",
          "tunnel": "culvert",
          "waterway": "canal"
        }
      },
      {
        "area_m2": 111.4,
        "compactness": 0.470268,
        "excluded": true,
        "long_side_m": 22.28,
        "reason": "explicit river/canal/stream/drain tag",
        "rectangularity": 1.0,
        "source": "way/1391148471",
        "tags": {
          "layer": "-1",
          "tunnel": "culvert",
          "waterway": "canal"
        }
      },
      {
        "area_m2": 133.202,
        "compactness": 0.418001,
        "excluded": true,
        "long_side_m": 26.842,
        "reason": "explicit river/canal/stream/drain tag",
        "rectangularity": 0.534823,
        "source": "way/1391148472",
        "tags": {
          "waterway": "canal"
        }
      },
      {
        "area_m2": 352.503,
        "compactness": 0.194273,
        "excluded": true,
        "long_side_m": 70.298,
        "reason": "explicit river/canal/stream/drain tag",
        "rectangularity": 0.423491,
        "source": "way/1391148473",
        "tags": {
          "waterway": "canal"
        }
      },
      {
        "area_m2": 1201.396,
        "compactness": 0.01039,
        "excluded": true,
        "long_side_m": 600.823,
        "reason": "explicit river/canal/stream/drain tag",
        "rectangularity": 0.82659,
        "source": "way/1391148485",
        "tags": {
          "name": "吉祥二A8中排2",
          "waterway": "drain"
        }
      },
      {
        "area_m2": 10.843,
        "compactness": 0.61846,
        "excluded": true,
        "long_side_m": 5.422,
        "reason": "explicit river/canal/stream/drain tag",
        "rectangularity": 1.0,
        "source": "way/1391148486",
        "tags": {
          "waterway": "drain"
        }
      },
      {
        "area_m2": 757.688,
        "compactness": 0.016411,
        "excluded": true,
        "long_side_m": 378.844,
        "reason": "explicit river/canal/stream/drain tag",
        "rectangularity": 1.0,
        "source": "way/1391148487",
        "tags": {
          "waterway": "drain"
        }
      },
      {
        "area_m2": 53.051,
        "compactness": 0.204823,
        "excluded": true,
        "long_side_m": 26.525,
        "reason": "explicit river/canal/stream/drain tag",
        "rectangularity": 1.0,
        "source": "way/1391148488",
        "tags": {
          "waterway": "drain"
        }
      },
      {
        "area_m2": 2982.019,
        "compactness": 0.004203,
        "excluded": true,
        "long_side_m": 1288.192,
        "reason": "explicit river/canal/stream/drain tag",
        "rectangularity": 0.012544,
        "source": "way/1391148489",
        "tags": {
          "name": "三鬮圳壯五支線A12分線",
          "waterway": "drain"
        }
      },
      {
        "area_m2": 1310.56,
        "compactness": 0.057706,
        "excluded": true,
        "long_side_m": 262.379,
        "reason": "explicit river/canal/stream/drain tag",
        "rectangularity": 0.805042,
        "source": "way/1391148499",
        "tags": {
          "name": "宜壯新福B7中排",
          "waterway": "canal"
        }
      },
      {
        "area_m2": 751.973,
        "compactness": 0.016535,
        "excluded": true,
        "long_side_m": 376.012,
        "reason": "explicit river/canal/stream/drain tag",
        "rectangularity": 0.716367,
        "source": "way/1391148511",
        "tags": {
          "name": "三鬮圳壯七支線A8分線",
          "waterway": "drain"
        }
      },
      {
        "area_m2": 2450.087,
        "compactness": 0.031412,
        "excluded": true,
        "long_side_m": 490.369,
        "reason": "explicit river/canal/stream/drain tag",
        "rectangularity": 0.665536,
        "source": "way/1391148528",
        "tags": {
          "waterway": "canal"
        }
      },
      {
        "area_m2": 3806.931,
        "compactness": 0.020362,
        "excluded": true,
        "long_side_m": 761.262,
        "reason": "explicit river/canal/stream/drain tag",
        "rectangularity": 0.405256,
        "source": "way/1391148529",
        "tags": {
          "waterway": "canal"
        }
      },
      {
        "area_m2": 264.901,
        "compactness": 0.046037,
        "excluded": true,
        "long_side_m": 130.554,
        "reason": "explicit river/canal/stream/drain tag",
        "rectangularity": 0.17121,
        "source": "way/1391513786",
        "tags": {
          "name": "充館圳充公支線壯西五輪主給5-6小給",
          "waterway": "drain"
        }
      },
      {
        "area_m2": 1096.93,
        "compactness": 0.011373,
        "excluded": true,
        "long_side_m": 546.216,
        "reason": "explicit river/canal/stream/drain tag",
        "rectangularity": 0.21759,
        "source": "way/1391513787",
        "tags": {
          "name": "壯西四輪中排",
          "waterway": "drain"
        }
      },
      {
        "area_m2": 1488.665,
        "compactness": 0.008396,
        "excluded": true,
        "long_side_m": 689.877,
        "reason": "explicit river/canal/stream/drain tag",
        "rectangularity": 0.033636,
        "source": "way/1391959853",
        "tags": {
          "name": "溪洲圳中興一支線B-9分線",
          "waterway": "drain"
        }
      },
      {
        "area_m2": 1017.713,
        "compactness": 0.012251,
        "excluded": true,
        "long_side_m": 448.12,
        "reason": "explicit river/canal/stream/drain tag",
        "rectangularity": 0.038603,
        "source": "way/1391959854",
        "tags": {
          "name": "溪洲圳中興一支線",
          "waterway": "drain"
        }
      },
      {
        "area_m2": 636.864,
        "compactness": 0.114182,
        "excluded": true,
        "long_side_m": 127.374,
        "reason": "explicit river/canal/stream/drain tag",
        "rectangularity": 0.999354,
        "source": "way/1391959867",
        "tags": {
          "name": "壯東A-2中排",
          "waterway": "canal"
        }
      },
      {
        "area_m2": 756.143,
        "compactness": 0.016445,
        "excluded": true,
        "long_side_m": 374.006,
        "reason": "explicit river/canal/stream/drain tag",
        "rectangularity": 0.096408,
        "source": "way/1391959868",
        "tags": {
          "name": "壯東A-5中排",
          "waterway": "drain"
        }
      },
      {
        "area_m2": 862.509,
        "compactness": 0.014435,
        "excluded": true,
        "long_side_m": 429.272,
        "reason": "explicit river/canal/stream/drain tag",
        "rectangularity": 0.200597,
        "source": "way/1391959883",
        "tags": {
          "name": "溪洲圳新南支線B-12分線",
          "waterway": "drain"
        }
      },
      {
        "area_m2": 2740.81,
        "compactness": 0.02814,
        "excluded": true,
        "long_side_m": 547.711,
        "reason": "explicit river/canal/stream/drain tag",
        "rectangularity": 0.446,
        "source": "way/1391959884",
        "tags": {
          "name": "宜壯新南B11中排",
          "waterway": "canal"
        }
      },
      {
        "area_m2": 407.577,
        "compactness": 0.030235,
        "excluded": true,
        "long_side_m": 203.812,
        "reason": "explicit river/canal/stream/drain tag",
        "rectangularity": 0.627156,
        "source": "way/1391959885",
        "tags": {
          "name": "溪洲圳新南支線B-11分線",
          "waterway": "drain"
        }
      },
      {
        "area_m2": 434.895,
        "compactness": 0.028371,
        "excluded": true,
        "long_side_m": 217.174,
        "reason": "explicit river/canal/stream/drain tag",
        "rectangularity": 0.323803,
        "source": "way/1391959886",
        "tags": {
          "waterway": "drain"
        }
      },
      {
        "area_m2": 908.886,
        "compactness": 0.013705,
        "excluded": true,
        "long_side_m": 445.944,
        "reason": "explicit river/canal/stream/drain tag",
        "rectangularity": 0.102078,
        "source": "way/1391959887",
        "tags": {
          "name": "宜壯中興B8中排B-8-5小排",
          "waterway": "drain"
        }
      },
      {
        "area_m2": 1061.291,
        "compactness": 0.011752,
        "excluded": true,
        "long_side_m": 464.09,
        "reason": "explicit river/canal/stream/drain tag",
        "rectangularity": 0.037698,
        "source": "way/1391959888",
        "tags": {
          "name": "溪洲圳中興二支線",
          "waterway": "drain"
        }
      },
      {
        "area_m2": 1667.208,
        "compactness": 0.045727,
        "excluded": true,
        "long_side_m": 333.447,
        "reason": "explicit river/canal/stream/drain tag",
        "rectangularity": 0.973284,
        "source": "way/1391959900",
        "tags": {
          "name": "舊港排水",
          "waterway": "canal"
        }
      },
      {
        "area_m2": 1042.23,
        "compactness": 0.011965,
        "excluded": true,
        "long_side_m": 521.047,
        "reason": "explicit river/canal/stream/drain tag",
        "rectangularity": 0.334827,
        "source": "way/1391959924",
        "tags": {
          "name": "三鬮圳古結支線",
          "waterway": "drain"
        }
      },
      {
        "area_m2": 240.037,
        "compactness": 0.05065,
        "excluded": true,
        "long_side_m": 119.87,
        "reason": "explicit river/canal/stream/drain tag",
        "rectangularity": 0.330633,
        "source": "way/1391959925",
        "tags": {
          "layer": "-1",
          "name": "三鬮圳古結支線",
          "tunnel": "culvert",
          "waterway": "drain"
        }
      },
      {
        "area_m2": 2610.708,
        "compactness": 0.029516,
        "excluded": true,
        "long_side_m": 522.336,
        "reason": "explicit river/canal/stream/drain tag",
        "rectangularity": 0.53743,
        "source": "way/1391959926",
        "tags": {
          "waterway": "canal"
        }
      },
      {
        "area_m2": 598.152,
        "compactness": 0.12098,
        "excluded": true,
        "long_side_m": 119.694,
        "reason": "explicit river/canal/stream/drain tag",
        "rectangularity": 0.562831,
        "source": "way/1391959927",
        "tags": {
          "layer": "-1",
          "tunnel": "culvert",
          "waterway": "canal"
        }
      },
      {
        "area_m2": 2436.578,
        "compactness": 0.031582,
        "excluded": true,
        "long_side_m": 487.316,
        "reason": "explicit river/canal/stream/drain tag",
        "rectangularity": 1.0,
        "source": "way/1391960103",
        "tags": {
          "waterway": "canal"
        }
      },
      {
        "area_m2": 121.247,
        "compactness": 0.445233,
        "excluded": true,
        "long_side_m": 24.249,
        "reason": "explicit river/canal/stream/drain tag",
        "rectangularity": 1.0,
        "source": "way/1391960104",
        "tags": {
          "layer": "-1",
          "tunnel": "culvert",
          "waterway": "canal"
        }
      },
      {
        "area_m2": 161.504,
        "compactness": 0.364667,
        "excluded": true,
        "long_side_m": 32.301,
        "reason": "explicit river/canal/stream/drain tag",
        "rectangularity": 1.0,
        "source": "way/1391960113",
        "tags": {
          "waterway": "canal"
        }
      },
      {
        "area_m2": 38.035,
        "compactness": 0.751811,
        "excluded": true,
        "long_side_m": 7.607,
        "reason": "explicit river/canal/stream/drain tag",
        "rectangularity": 1.0,
        "source": "way/1391960114",
        "tags": {
          "waterway": "canal"
        }
      },
      {
        "area_m2": 288.842,
        "compactness": 0.230318,
        "excluded": true,
        "long_side_m": 56.315,
        "reason": "explicit river/canal/stream/drain tag",
        "rectangularity": 0.561888,
        "source": "way/1391960115",
        "tags": {
          "layer": "-1",
          "tunnel": "culvert",
          "waterway": "canal"
        }
      },
      {
        "area_m2": 1511.625,
        "compactness": 0.05028,
        "excluded": true,
        "long_side_m": 278.037,
        "reason": "explicit river/canal/stream/drain tag",
        "rectangularity": 0.114252,
        "source": "way/1391960116",
        "tags": {
          "waterway": "canal"
        }
      },
      {
        "area_m2": 191.959,
        "compactness": 0.320289,
        "excluded": true,
        "long_side_m": 38.392,
        "reason": "explicit river/canal/stream/drain tag",
        "rectangularity": 1.0,
        "source": "way/1391960117",
        "tags": {
          "waterway": "canal"
        }
      },
      {
        "area_m2": 316.161,
        "compactness": 0.213344,
        "excluded": true,
        "long_side_m": 63.232,
        "reason": "explicit river/canal/stream/drain tag",
        "rectangularity": 1.0,
        "source": "way/1391960122",
        "tags": {
          "layer": "-1",
          "tunnel": "culvert",
          "waterway": "canal"
        }
      },
      {
        "area_m2": 406.892,
        "compactness": 0.171324,
        "excluded": true,
        "long_side_m": 81.378,
        "reason": "explicit river/canal/stream/drain tag",
        "rectangularity": 1.0,
        "source": "way/1391960152",
        "tags": {
          "waterway": "canal"
        }
      },
      {
        "area_m2": 915.475,
        "compactness": 0.081291,
        "excluded": true,
        "long_side_m": 183.095,
        "reason": "explicit river/canal/stream/drain tag",
        "rectangularity": 1.0,
        "source": "way/1391960154",
        "tags": {
          "name": "錦眾一中排",
          "waterway": "canal"
        }
      },
      {
        "area_m2": 443.014,
        "compactness": 0.02786,
        "excluded": true,
        "long_side_m": 192.238,
        "reason": "explicit river/canal/stream/drain tag",
        "rectangularity": 0.070508,
        "source": "way/1391960155",
        "tags": {
          "name": "錦眾一中排",
          "waterway": "drain"
        }
      },
      {
        "area_m2": 1089.366,
        "compactness": 0.011451,
        "excluded": true,
        "long_side_m": 544.723,
        "reason": "explicit river/canal/stream/drain tag",
        "rectangularity": 0.646485,
        "source": "way/1391960157",
        "tags": {
          "name": "中興D-6小排",
          "waterway": "drain"
        }
      },
      {
        "area_m2": 1531.414,
        "compactness": 0.049651,
        "excluded": true,
        "long_side_m": 301.655,
        "reason": "explicit river/canal/stream/drain tag",
        "rectangularity": 0.503995,
        "source": "way/1391960158",
        "tags": {
          "waterway": "canal"
        }
      },
      {
        "area_m2": 3145.334,
        "compactness": 0.024578,
        "excluded": true,
        "long_side_m": 458.722,
        "reason": "explicit river/canal/stream/drain tag",
        "rectangularity": 0.036,
        "source": "way/1391960159",
        "tags": {
          "name": "錦眾二中排",
          "waterway": "canal"
        }
      },
      {
        "area_m2": 56.811,
        "compactness": 0.66665,
        "excluded": true,
        "long_side_m": 11.362,
        "reason": "explicit river/canal/stream/drain tag",
        "rectangularity": 1.0,
        "source": "way/1391960162",
        "tags": {
          "layer": "-1",
          "tunnel": "culvert",
          "waterway": "canal"
        }
      },
      {
        "area_m2": 1217.616,
        "compactness": 0.010253,
        "excluded": true,
        "long_side_m": 600.897,
        "reason": "explicit river/canal/stream/drain tag",
        "rectangularity": 0.044191,
        "source": "way/1391960164",
        "tags": {
          "waterway": "drain"
        }
      },
      {
        "area_m2": 162.885,
        "compactness": 0.3624,
        "excluded": true,
        "long_side_m": 32.655,
        "reason": "explicit river/canal/stream/drain tag",
        "rectangularity": 0.89277,
        "source": "way/1391960165",
        "tags": {
          "layer": "-1",
          "tunnel": "culvert",
          "waterway": "canal"
        }
      },
      {
        "area_m2": 50.616,
        "compactness": 0.695264,
        "excluded": true,
        "long_side_m": 10.123,
        "reason": "explicit river/canal/stream/drain tag",
        "rectangularity": 1.0,
        "source": "way/1391960166",
        "tags": {
          "waterway": "canal"
        }
      },
      {
        "area_m2": 284.045,
        "compactness": 0.233579,
        "excluded": true,
        "long_side_m": 55.636,
        "reason": "explicit river/canal/stream/drain tag",
        "rectangularity": 0.822198,
        "source": "way/1391960167",
        "tags": {
          "layer": "-1",
          "tunnel": "culvert",
          "waterway": "canal"
        }
      },
      {
        "area_m2": 401.331,
        "compactness": 0.17342,
        "excluded": true,
        "long_side_m": 80.266,
        "reason": "explicit river/canal/stream/drain tag",
        "rectangularity": 1.0,
        "source": "way/1391960168",
        "tags": {
          "waterway": "canal"
        }
      },
      {
        "area_m2": 47.699,
        "compactness": 0.708832,
        "excluded": true,
        "long_side_m": 9.54,
        "reason": "explicit river/canal/stream/drain tag",
        "rectangularity": 1.0,
        "source": "way/1391960169",
        "tags": {
          "waterway": "canal"
        }
      },
      {
        "area_m2": 471.333,
        "compactness": 0.149644,
        "excluded": true,
        "long_side_m": 94.498,
        "reason": "explicit river/canal/stream/drain tag",
        "rectangularity": 0.996342,
        "source": "way/1391960170",
        "tags": {
          "layer": "-2",
          "tunnel": "culvert",
          "waterway": "canal"
        }
      },
      {
        "area_m2": 118.948,
        "compactness": 0.450854,
        "excluded": true,
        "long_side_m": 23.799,
        "reason": "explicit river/canal/stream/drain tag",
        "rectangularity": 0.99531,
        "source": "way/1391960172",
        "tags": {
          "waterway": "canal"
        }
      },
      {
        "area_m2": 302.126,
        "compactness": 0.040513,
        "excluded": true,
        "long_side_m": 151.078,
        "reason": "explicit river/canal/stream/drain tag",
        "rectangularity": 0.751535,
        "source": "way/1394073267",
        "tags": {
          "name": "中興五中排",
          "waterway": "drain"
        }
      },
      {
        "area_m2": 780.512,
        "compactness": 0.094477,
        "excluded": true,
        "long_side_m": 156.103,
        "reason": "explicit river/canal/stream/drain tag",
        "rectangularity": 0.999906,
        "source": "way/1394073268",
        "tags": {
          "name": "中興D-2中排",
          "waterway": "canal"
        }
      },
      {
        "area_m2": 1315.626,
        "compactness": 0.057492,
        "excluded": true,
        "long_side_m": 263.129,
        "reason": "explicit river/canal/stream/drain tag",
        "rectangularity": 0.94829,
        "source": "way/1394073269",
        "tags": {
          "name": "中興四中排",
          "waterway": "canal"
        }
      },
      {
        "area_m2": 82.37,
        "compactness": 0.561169,
        "excluded": true,
        "long_side_m": 16.474,
        "reason": "explicit river/canal/stream/drain tag",
        "rectangularity": 1.0,
        "source": "way/1394073487",
        "tags": {
          "layer": "-1",
          "tunnel": "culvert",
          "waterway": "canal"
        }
      },
      {
        "area_m2": 814.728,
        "compactness": 0.090746,
        "excluded": true,
        "long_side_m": 162.946,
        "reason": "explicit river/canal/stream/drain tag",
        "rectangularity": 1.0,
        "source": "way/1394073488",
        "tags": {
          "waterway": "canal"
        }
      },
      {
        "area_m2": 644.955,
        "compactness": 0.112857,
        "excluded": true,
        "long_side_m": 128.991,
        "reason": "explicit river/canal/stream/drain tag",
        "rectangularity": 1.0,
        "source": "way/1394073489",
        "tags": {
          "waterway": "canal"
        }
      },
      {
        "area_m2": 52.015,
        "compactness": 0.68876,
        "excluded": true,
        "long_side_m": 10.403,
        "reason": "explicit river/canal/stream/drain tag",
        "rectangularity": 1.0,
        "source": "way/1394073490",
        "tags": {
          "layer": "-1",
          "tunnel": "culvert",
          "waterway": "canal"
        }
      },
      {
        "area_m2": 186.214,
        "compactness": 0.327836,
        "excluded": true,
        "long_side_m": 37.243,
        "reason": "explicit river/canal/stream/drain tag",
        "rectangularity": 1.0,
        "source": "way/1394073491",
        "tags": {
          "waterway": "canal"
        }
      },
      {
        "area_m2": 40.004,
        "compactness": 0.743556,
        "excluded": true,
        "long_side_m": 8.001,
        "reason": "explicit river/canal/stream/drain tag",
        "rectangularity": 1.0,
        "source": "way/1394073492",
        "tags": {
          "layer": "-1",
          "tunnel": "culvert",
          "waterway": "canal"
        }
      },
      {
        "area_m2": 1164.42,
        "compactness": 0.064644,
        "excluded": true,
        "long_side_m": 219.435,
        "reason": "explicit river/canal/stream/drain tag",
        "rectangularity": 0.129972,
        "source": "way/1394073493",
        "tags": {
          "waterway": "canal"
        }
      },
      {
        "area_m2": 72.372,
        "compactness": 0.599505,
        "excluded": true,
        "long_side_m": 14.474,
        "reason": "explicit river/canal/stream/drain tag",
        "rectangularity": 1.0,
        "source": "way/1394073494",
        "tags": {
          "bridge": "aqueduct",
          "layer": "1",
          "waterway": "canal"
        }
      },
      {
        "area_m2": 139.025,
        "compactness": 0.085404,
        "excluded": true,
        "long_side_m": 69.424,
        "reason": "explicit river/canal/stream/drain tag",
        "rectangularity": 0.462133,
        "source": "way/1394073495",
        "tags": {
          "name": "中興D-9中排",
          "waterway": "drain"
        }
      },
      {
        "area_m2": 18.386,
        "compactness": 0.461048,
        "excluded": true,
        "long_side_m": 9.193,
        "reason": "explicit river/canal/stream/drain tag",
        "rectangularity": 1.0,
        "source": "way/1394073496",
        "tags": {
          "layer": "-1",
          "name": "中興D-9中排",
          "tunnel": "culvert",
          "waterway": "drain"
        }
      },
      {
        "area_m2": 7.533,
        "compactness": 0.711692,
        "excluded": true,
        "long_side_m": 3.767,
        "reason": "explicit river/canal/stream/drain tag",
        "rectangularity": 1.0,
        "source": "way/1394073497",
        "tags": {
          "waterway": "drain"
        }
      },
      {
        "area_m2": 85.042,
        "compactness": 0.134789,
        "excluded": true,
        "long_side_m": 41.377,
        "reason": "explicit river/canal/stream/drain tag",
        "rectangularity": 0.487704,
        "source": "way/1394073498",
        "tags": {
          "name": "中興D-9中排",
          "waterway": "drain"
        }
      },
      {
        "area_m2": 3140.503,
        "compactness": 0.024615,
        "excluded": true,
        "long_side_m": 619.929,
        "reason": "explicit river/canal/stream/drain tag",
        "rectangularity": 0.095163,
        "source": "way/1394073499",
        "tags": {
          "waterway": "canal"
        }
      },
      {
        "area_m2": 48.203,
        "compactness": 0.706492,
        "excluded": true,
        "long_side_m": 9.641,
        "reason": "explicit river/canal/stream/drain tag",
        "rectangularity": 1.0,
        "source": "way/1394073500",
        "tags": {
          "layer": "-1",
          "tunnel": "culvert",
          "waterway": "canal"
        }
      },
      {
        "area_m2": 19.836,
        "compactness": 0.438728,
        "excluded": true,
        "long_side_m": 9.918,
        "reason": "explicit river/canal/stream/drain tag",
        "rectangularity": 1.0,
        "source": "way/1394073501",
        "tags": {
          "layer": "-1",
          "tunnel": "culvert",
          "waterway": "drain"
        }
      },
      {
        "area_m2": 2747.909,
        "compactness": 0.028069,
        "excluded": true,
        "long_side_m": 549.589,
        "reason": "explicit river/canal/stream/drain tag",
        "rectangularity": 0.935209,
        "source": "way/1394073502",
        "tags": {
          "waterway": "canal"
        }
      },
      {
        "area_m2": 387.297,
        "compactness": 0.031786,
        "excluded": true,
        "long_side_m": 184.153,
        "reason": "explicit river/canal/stream/drain tag",
        "rectangularity": 0.064785,
        "source": "way/1394073503",
        "tags": {
          "waterway": "drain"
        }
      },
      {
        "area_m2": 39.614,
        "compactness": 0.745223,
        "excluded": true,
        "long_side_m": 7.923,
        "reason": "explicit river/canal/stream/drain tag",
        "rectangularity": 1.0,
        "source": "way/1394073504",
        "tags": {
          "layer": "-1",
          "tunnel": "culvert",
          "waterway": "canal"
        }
      },
      {
        "area_m2": 19.788,
        "compactness": 0.439443,
        "excluded": true,
        "long_side_m": 9.894,
        "reason": "explicit river/canal/stream/drain tag",
        "rectangularity": 1.0,
        "source": "way/1394073505",
        "tags": {
          "layer": "-1",
          "tunnel": "culvert",
          "waterway": "drain"
        }
      },
      {
        "area_m2": 394.622,
        "compactness": 0.031208,
        "excluded": true,
        "long_side_m": 197.319,
        "reason": "explicit river/canal/stream/drain tag",
        "rectangularity": 0.788581,
        "source": "way/1394073506",
        "tags": {
          "waterway": "drain"
        }
      },
      {
        "area_m2": 613.23,
        "compactness": 0.020227,
        "excluded": true,
        "long_side_m": 291.308,
        "reason": "explicit river/canal/stream/drain tag",
        "rectangularity": 0.053162,
        "source": "way/1394073507",
        "tags": {
          "waterway": "drain"
        }
      },
      {
        "area_m2": 26.356,
        "compactness": 0.359417,
        "excluded": true,
        "long_side_m": 13.178,
        "reason": "explicit river/canal/stream/drain tag",
        "rectangularity": 1.0,
        "source": "way/1394073508",
        "tags": {
          "layer": "-1",
          "tunnel": "culvert",
          "waterway": "drain"
        }
      },
      {
        "area_m2": 1218.946,
        "compactness": 0.010242,
        "excluded": true,
        "long_side_m": 609.474,
        "reason": "explicit river/canal/stream/drain tag",
        "rectangularity": 0.766801,
        "source": "way/1394073509",
        "tags": {
          "waterway": "drain"
        }
      },
      {
        "area_m2": 32.725,
        "compactness": 0.304909,
        "excluded": true,
        "long_side_m": 16.362,
        "reason": "explicit river/canal/stream/drain tag",
        "rectangularity": 1.0,
        "source": "way/1394073510",
        "tags": {
          "layer": "-1",
          "tunnel": "culvert",
          "waterway": "drain"
        }
      },
      {
        "area_m2": 676.909,
        "compactness": 0.018347,
        "excluded": true,
        "long_side_m": 338.457,
        "reason": "explicit river/canal/stream/drain tag",
        "rectangularity": 0.759805,
        "source": "way/1394073590",
        "tags": {
          "name": "溪洲圳宜壯新福支線B-7分線",
          "waterway": "drain"
        }
      },
      {
        "area_m2": 119.592,
        "compactness": 0.098385,
        "excluded": true,
        "long_side_m": 59.823,
        "reason": "explicit river/canal/stream/drain tag",
        "rectangularity": 0.808648,
        "source": "way/1435599106",
        "tags": {
          "waterway": "drain"
        }
      },
      {
        "area_m2": 10.895,
        "compactness": 0.617091,
        "excluded": true,
        "long_side_m": 5.448,
        "reason": "explicit river/canal/stream/drain tag",
        "rectangularity": 1.0,
        "source": "way/1435599107",
        "tags": {
          "layer": "-1",
          "tunnel": "culvert",
          "waterway": "drain"
        }
      },
      {
        "area_m2": 639.37,
        "compactness": 0.019411,
        "excluded": true,
        "long_side_m": 319.721,
        "reason": "explicit river/canal/stream/drain tag",
        "rectangularity": 0.769411,
        "source": "way/1435599108",
        "tags": {
          "waterway": "drain"
        }
      },
      {
        "area_m2": 15.055,
        "compactness": 0.521035,
        "excluded": true,
        "long_side_m": 7.528,
        "reason": "explicit river/canal/stream/drain tag",
        "rectangularity": 1.0,
        "source": "way/1435599109",
        "tags": {
          "layer": "-1",
          "tunnel": "culvert",
          "waterway": "drain"
        }
      },
      {
        "area_m2": 302.48,
        "compactness": 0.040467,
        "excluded": true,
        "long_side_m": 151.24,
        "reason": "explicit river/canal/stream/drain tag",
        "rectangularity": 1.0,
        "source": "way/1435599110",
        "tags": {
          "waterway": "drain"
        }
      },
      {
        "area_m2": 19.464,
        "compactness": 0.444257,
        "excluded": true,
        "long_side_m": 9.732,
        "reason": "explicit river/canal/stream/drain tag",
        "rectangularity": 1.0,
        "source": "way/1435599111",
        "tags": {
          "layer": "-1",
          "tunnel": "culvert",
          "waterway": "drain"
        }
      },
      {
        "area_m2": 16.986,
        "compactness": 0.484673,
        "excluded": true,
        "long_side_m": 8.493,
        "reason": "explicit river/canal/stream/drain tag",
        "rectangularity": 1.0,
        "source": "way/1435599112",
        "tags": {
          "layer": "-1",
          "tunnel": "culvert",
          "waterway": "drain"
        }
      },
      {
        "area_m2": 1.098,
        "compactness": 0.530806,
        "excluded": true,
        "long_side_m": 2.0,
        "reason": "explicit river/canal/stream/drain tag",
        "rectangularity": 1.0,
        "source": "way/1435599113",
        "tags": {
          "waterway": "drain"
        }
      },
      {
        "area_m2": 18.978,
        "compactness": 0.451692,
        "excluded": true,
        "long_side_m": 9.489,
        "reason": "explicit river/canal/stream/drain tag",
        "rectangularity": 1.0,
        "source": "way/1435599114",
        "tags": {
          "layer": "-1",
          "tunnel": "culvert",
          "waterway": "drain"
        }
      },
      {
        "area_m2": 38.613,
        "compactness": 0.749433,
        "excluded": true,
        "long_side_m": 7.723,
        "reason": "explicit river/canal/stream/drain tag",
        "rectangularity": 1.0,
        "source": "way/1435599115",
        "tags": {
          "waterway": "canal"
        }
      },
      {
        "area_m2": 79.481,
        "compactness": 0.571846,
        "excluded": true,
        "long_side_m": 15.896,
        "reason": "explicit river/canal/stream/drain tag",
        "rectangularity": 1.0,
        "source": "way/1435599116",
        "tags": {
          "layer": "-1",
          "tunnel": "culvert",
          "waterway": "canal"
        }
      },
      {
        "area_m2": 181.573,
        "compactness": 0.066257,
        "excluded": true,
        "long_side_m": 90.787,
        "reason": "explicit river/canal/stream/drain tag",
        "rectangularity": 1.0,
        "source": "way/1435599117",
        "tags": {
          "waterway": "drain"
        }
      },
      {
        "area_m2": 21.472,
        "compactness": 0.415873,
        "excluded": true,
        "long_side_m": 10.736,
        "reason": "explicit river/canal/stream/drain tag",
        "rectangularity": 1.0,
        "source": "way/1435599118",
        "tags": {
          "layer": "-1",
          "tunnel": "culvert",
          "waterway": "drain"
        }
      },
      {
        "area_m2": 18.247,
        "compactness": 0.463299,
        "excluded": true,
        "long_side_m": 9.123,
        "reason": "explicit river/canal/stream/drain tag",
        "rectangularity": 1.0,
        "source": "way/1435599119",
        "tags": {
          "layer": "-1",
          "tunnel": "culvert",
          "waterway": "drain"
        }
      },
      {
        "area_m2": 1.11,
        "compactness": 0.534209,
        "excluded": true,
        "long_side_m": 2.0,
        "reason": "explicit river/canal/stream/drain tag",
        "rectangularity": 1.0,
        "source": "way/1435599120",
        "tags": {
          "waterway": "drain"
        }
      },
      {
        "area_m2": 17.467,
        "compactness": 0.476306,
        "excluded": true,
        "long_side_m": 8.733,
        "reason": "explicit river/canal/stream/drain tag",
        "rectangularity": 1.0,
        "source": "way/1435599121",
        "tags": {
          "layer": "-1",
          "tunnel": "culvert",
          "waterway": "drain"
        }
      },
      {
        "area_m2": 1.11,
        "compactness": 0.534209,
        "excluded": true,
        "long_side_m": 2.0,
        "reason": "explicit river/canal/stream/drain tag",
        "rectangularity": 1.0,
        "source": "way/1435599122",
        "tags": {
          "waterway": "drain"
        }
      },
      {
        "area_m2": 287.878,
        "compactness": 0.042464,
        "excluded": true,
        "long_side_m": 143.656,
        "reason": "explicit river/canal/stream/drain tag",
        "rectangularity": 0.276834,
        "source": "way/1435599123",
        "tags": {
          "waterway": "drain"
        }
      },
      {
        "area_m2": 22.033,
        "compactness": 0.408536,
        "excluded": true,
        "long_side_m": 11.017,
        "reason": "explicit river/canal/stream/drain tag",
        "rectangularity": 1.0,
        "source": "way/1435599124",
        "tags": {
          "layer": "-1",
          "tunnel": "culvert",
          "waterway": "drain"
        }
      },
      {
        "area_m2": 48.711,
        "compactness": 0.704129,
        "excluded": true,
        "long_side_m": 9.742,
        "reason": "explicit river/canal/stream/drain tag",
        "rectangularity": 1.0,
        "source": "way/1435599125",
        "tags": {
          "layer": "-1",
          "name": "壯東第二大排",
          "source:name": "NLSC",
          "tunnel": "culvert",
          "waterway": "canal"
        }
      },
      {
        "area_m2": 2.783,
        "compactness": 0.283206,
        "excluded": true,
        "long_side_m": 5.0,
        "reason": "explicit river/canal/stream/drain tag",
        "rectangularity": 1.0,
        "source": "way/1435599126",
        "tags": {
          "name": "壯東第二大排",
          "source:name": "NLSC",
          "waterway": "canal"
        }
      },
      {
        "area_m2": 517.122,
        "compactness": 0.023929,
        "excluded": true,
        "long_side_m": 258.569,
        "reason": "explicit river/canal/stream/drain tag",
        "rectangularity": 0.777868,
        "source": "way/1435599127",
        "tags": {
          "name": "壯東D-9-1中排",
          "waterway": "drain"
        }
      },
      {
        "area_m2": 18.767,
        "compactness": 0.454978,
        "excluded": true,
        "long_side_m": 9.384,
        "reason": "explicit river/canal/stream/drain tag",
        "rectangularity": 1.0,
        "source": "way/1435599128",
        "tags": {
          "layer": "-1",
          "name": "壯東D-9-1中排",
          "tunnel": "culvert",
          "waterway": "drain"
        }
      },
      {
        "area_m2": 238.819,
        "compactness": 0.050899,
        "excluded": true,
        "long_side_m": 119.41,
        "reason": "explicit river/canal/stream/drain tag",
        "rectangularity": 1.0,
        "source": "way/1435599129",
        "tags": {
          "waterway": "drain"
        }
      },
      {
        "area_m2": 20.07,
        "compactness": 0.435312,
        "excluded": true,
        "long_side_m": 10.035,
        "reason": "explicit river/canal/stream/drain tag",
        "rectangularity": 1.0,
        "source": "way/1435599130",
        "tags": {
          "layer": "-1",
          "tunnel": "culvert",
          "waterway": "drain"
        }
      },
      {
        "area_m2": 667.146,
        "compactness": 0.018612,
        "excluded": true,
        "long_side_m": 333.573,
        "reason": "explicit river/canal/stream/drain tag",
        "rectangularity": 1.0,
        "source": "way/1435599131",
        "tags": {
          "waterway": "drain"
        }
      },
      {
        "area_m2": 14.058,
        "compactness": 0.541751,
        "excluded": true,
        "long_side_m": 7.029,
        "reason": "explicit river/canal/stream/drain tag",
        "rectangularity": 1.0,
        "source": "way/1435599132",
        "tags": {
          "layer": "-1",
          "tunnel": "culvert",
          "waterway": "drain"
        }
      },
      {
        "area_m2": 1295.893,
        "compactness": 0.058334,
        "excluded": true,
        "long_side_m": 258.432,
        "reason": "explicit river/canal/stream/drain tag",
        "rectangularity": 0.359051,
        "source": "way/1435599133",
        "tags": {
          "waterway": "canal"
        }
      },
      {
        "area_m2": 56.669,
        "compactness": 0.667299,
        "excluded": true,
        "long_side_m": 11.334,
        "reason": "explicit river/canal/stream/drain tag",
        "rectangularity": 1.0,
        "source": "way/1435599134",
        "tags": {
          "layer": "-1",
          "tunnel": "culvert",
          "waterway": "canal"
        }
      },
      {
        "area_m2": 587.593,
        "compactness": 0.122977,
        "excluded": true,
        "long_side_m": 117.521,
        "reason": "explicit river/canal/stream/drain tag",
        "rectangularity": 0.999887,
        "source": "way/1435599135",
        "tags": {
          "waterway": "canal"
        }
      },
      {
        "area_m2": 44.721,
        "compactness": 0.722562,
        "excluded": true,
        "long_side_m": 8.944,
        "reason": "explicit river/canal/stream/drain tag",
        "rectangularity": 1.0,
        "source": "way/1435599136",
        "tags": {
          "layer": "-1",
          "tunnel": "culvert",
          "waterway": "canal"
        }
      },
      {
        "area_m2": 568.331,
        "compactness": 0.126794,
        "excluded": true,
        "long_side_m": 113.854,
        "reason": "explicit river/canal/stream/drain tag",
        "rectangularity": 0.670514,
        "source": "way/1435599137",
        "tags": {
          "waterway": "canal"
        }
      },
      {
        "area_m2": 55.04,
        "compactness": 0.674767,
        "excluded": true,
        "long_side_m": 11.008,
        "reason": "explicit river/canal/stream/drain tag",
        "rectangularity": 1.0,
        "source": "way/1435599138",
        "tags": {
          "layer": "-1",
          "tunnel": "culvert",
          "waterway": "canal"
        }
      },
      {
        "area_m2": 335.316,
        "compactness": 0.036598,
        "excluded": true,
        "long_side_m": 167.658,
        "reason": "explicit river/canal/stream/drain tag",
        "rectangularity": 1.0,
        "source": "way/1435599139",
        "tags": {
          "name": "充館圳公館支線公館分線",
          "waterway": "drain"
        }
      },
      {
        "area_m2": 22.079,
        "compactness": 0.407948,
        "excluded": true,
        "long_side_m": 11.04,
        "reason": "explicit river/canal/stream/drain tag",
        "rectangularity": 1.0,
        "source": "way/1435599140",
        "tags": {
          "layer": "-1",
          "name": "充館圳公館支線公館分線",
          "tunnel": "culvert",
          "waterway": "drain"
        }
      },
      {
        "area_m2": 502.746,
        "compactness": 0.024602,
        "excluded": true,
        "long_side_m": 251.375,
        "reason": "explicit river/canal/stream/drain tag",
        "rectangularity": 0.999349,
        "source": "way/1435599141",
        "tags": {
          "waterway": "drain"
        }
      },
      {
        "area_m2": 21.995,
        "compactness": 0.40903,
        "excluded": true,
        "long_side_m": 10.997,
        "reason": "explicit river/canal/stream/drain tag",
        "rectangularity": 1.0,
        "source": "way/1435599142",
        "tags": {
          "layer": "-1",
          "tunnel": "culvert",
          "waterway": "drain"
        }
      },
      {
        "area_m2": 121.245,
        "compactness": 0.09713,
        "excluded": true,
        "long_side_m": 60.623,
        "reason": "explicit river/canal/stream/drain tag",
        "rectangularity": 1.0,
        "source": "way/1435599143",
        "tags": {
          "waterway": "drain"
        }
      },
      {
        "area_m2": 22.785,
        "compactness": 0.399098,
        "excluded": true,
        "long_side_m": 11.392,
        "reason": "explicit river/canal/stream/drain tag",
        "rectangularity": 1.0,
        "source": "way/1435599144",
        "tags": {
          "layer": "-1",
          "tunnel": "culvert",
          "waterway": "drain"
        }
      },
      {
        "area_m2": 96.528,
        "compactness": 0.12003,
        "excluded": true,
        "long_side_m": 48.264,
        "reason": "explicit river/canal/stream/drain tag",
        "rectangularity": 1.0,
        "source": "way/1435599145",
        "tags": {
          "waterway": "drain"
        }
      },
      {
        "area_m2": 22.189,
        "compactness": 0.406542,
        "excluded": true,
        "long_side_m": 11.095,
        "reason": "explicit river/canal/stream/drain tag",
        "rectangularity": 1.0,
        "source": "way/1435599146",
        "tags": {
          "layer": "-1",
          "tunnel": "culvert",
          "waterway": "drain"
        }
      },
      {
        "area_m2": 212.974,
        "compactness": 0.056849,
        "excluded": true,
        "long_side_m": 106.494,
        "reason": "explicit river/canal/stream/drain tag",
        "rectangularity": 0.949738,
        "source": "way/1435599147",
        "tags": {
          "name": "壯東D-3中排",
          "waterway": "drain"
        }
      },
      {
        "area_m2": 23.881,
        "compactness": 0.386053,
        "excluded": true,
        "long_side_m": 11.94,
        "reason": "explicit river/canal/stream/drain tag",
        "rectangularity": 1.0,
        "source": "way/1435599148",
        "tags": {
          "layer": "-1",
          "name": "壯東D-3中排",
          "tunnel": "culvert",
          "waterway": "drain"
        }
      },
      {
        "area_m2": 141.449,
        "compactness": 0.084021,
        "excluded": true,
        "long_side_m": 70.724,
        "reason": "explicit river/canal/stream/drain tag",
        "rectangularity": 1.0,
        "source": "way/1435599149",
        "tags": {
          "waterway": "drain"
        }
      },
      {
        "area_m2": 20.402,
        "compactness": 0.430555,
        "excluded": true,
        "long_side_m": 10.201,
        "reason": "explicit river/canal/stream/drain tag",
        "rectangularity": 1.0,
        "source": "way/1435599150",
        "tags": {
          "layer": "-1",
          "tunnel": "culvert",
          "waterway": "drain"
        }
      },
      {
        "area_m2": 381.609,
        "compactness": 0.03225,
        "excluded": true,
        "long_side_m": 190.805,
        "reason": "explicit river/canal/stream/drain tag",
        "rectangularity": 1.0,
        "source": "way/1435599151",
        "tags": {
          "waterway": "drain"
        }
      },
      {
        "area_m2": 22.062,
        "compactness": 0.408168,
        "excluded": true,
        "long_side_m": 11.031,
        "reason": "explicit river/canal/stream/drain tag",
        "rectangularity": 1.0,
        "source": "way/1435599152",
        "tags": {
          "layer": "-1",
          "tunnel": "culvert",
          "waterway": "drain"
        }
      },
      {
        "area_m2": 212.244,
        "compactness": 0.057037,
        "excluded": true,
        "long_side_m": 106.136,
        "reason": "explicit river/canal/stream/drain tag",
        "rectangularity": 0.969715,
        "source": "way/1435599153",
        "tags": {
          "waterway": "drain"
        }
      },
      {
        "area_m2": 25.421,
        "compactness": 0.369056,
        "excluded": true,
        "long_side_m": 12.71,
        "reason": "explicit river/canal/stream/drain tag",
        "rectangularity": 1.0,
        "source": "way/1435599154",
        "tags": {
          "layer": "-1",
          "tunnel": "culvert",
          "waterway": "drain"
        }
      },
      {
        "area_m2": 21.268,
        "compactness": 0.41859,
        "excluded": true,
        "long_side_m": 10.634,
        "reason": "explicit river/canal/stream/drain tag",
        "rectangularity": 1.0,
        "source": "way/1435599155",
        "tags": {
          "layer": "-1",
          "tunnel": "culvert",
          "waterway": "drain"
        }
      },
      {
        "area_m2": 230.843,
        "compactness": 0.052598,
        "excluded": true,
        "long_side_m": 115.421,
        "reason": "explicit river/canal/stream/drain tag",
        "rectangularity": 1.0,
        "source": "way/1435599156",
        "tags": {
          "waterway": "drain"
        }
      },
      {
        "area_m2": 25.305,
        "compactness": 0.370282,
        "excluded": true,
        "long_side_m": 12.653,
        "reason": "explicit river/canal/stream/drain tag",
        "rectangularity": 1.0,
        "source": "way/1435599157",
        "tags": {
          "layer": "-1",
          "tunnel": "culvert",
          "waterway": "drain"
        }
      },
      {
        "area_m2": 581.984,
        "compactness": 0.021299,
        "excluded": true,
        "long_side_m": 288.203,
        "reason": "explicit river/canal/stream/drain tag",
        "rectangularity": 0.13659,
        "source": "way/1435599158",
        "tags": {
          "name": "壯西排水",
          "waterway": "drain"
        }
      },
      {
        "area_m2": 23.836,
        "compactness": 0.386575,
        "excluded": true,
        "long_side_m": 11.918,
        "reason": "explicit river/canal/stream/drain tag",
        "rectangularity": 1.0,
        "source": "way/1435599159",
        "tags": {
          "layer": "-1",
          "name": "壯西排水",
          "tunnel": "culvert",
          "waterway": "drain"
        }
      },
      {
        "area_m2": 794.595,
        "compactness": 0.015657,
        "excluded": true,
        "long_side_m": 387.763,
        "reason": "explicit river/canal/stream/drain tag",
        "rectangularity": 0.073128,
        "source": "way/1435599160",
        "tags": {
          "name": "壯西排水",
          "waterway": "drain"
        }
      },
      {
        "area_m2": 24.03,
        "compactness": 0.384347,
        "excluded": true,
        "long_side_m": 12.015,
        "reason": "explicit river/canal/stream/drain tag",
        "rectangularity": 1.0,
        "source": "way/1435599161",
        "tags": {
          "layer": "-1",
          "name": "壯西排水",
          "tunnel": "culvert",
          "waterway": "drain"
        }
      },
      {
        "area_m2": 282.392,
        "compactness": 0.043265,
        "excluded": true,
        "long_side_m": 141.224,
        "reason": "explicit river/canal/stream/drain tag",
        "rectangularity": 0.476237,
        "source": "way/1435599162",
        "tags": {
          "waterway": "drain"
        }
      },
      {
        "area_m2": 18.126,
        "compactness": 0.465277,
        "excluded": true,
        "long_side_m": 9.063,
        "reason": "explicit river/canal/stream/drain tag",
        "rectangularity": 1.0,
        "source": "way/1435599163",
        "tags": {
          "layer": "-1",
          "tunnel": "culvert",
          "waterway": "drain"
        }
      },
      {
        "area_m2": 227.381,
        "compactness": 0.053371,
        "excluded": true,
        "long_side_m": 113.814,
        "reason": "explicit river/canal/stream/drain tag",
        "rectangularity": 0.512234,
        "source": "way/1435599164",
        "tags": {
          "waterway": "drain"
        }
      },
      {
        "area_m2": 24.0,
        "compactness": 0.38468,
        "excluded": true,
        "long_side_m": 12.0,
        "reason": "explicit river/canal/stream/drain tag",
        "rectangularity": 1.0,
        "source": "way/1435599165",
        "tags": {
          "layer": "-1",
          "tunnel": "culvert",
          "waterway": "drain"
        }
      },
      {
        "area_m2": 457.487,
        "compactness": 0.026989,
        "excluded": true,
        "long_side_m": 212.46,
        "reason": "explicit river/canal/stream/drain tag",
        "rectangularity": 0.08903,
        "source": "way/1435599166",
        "tags": {
          "name": "壯西排水",
          "waterway": "drain"
        }
      },
      {
        "area_m2": 22.006,
        "compactness": 0.408881,
        "excluded": true,
        "long_side_m": 11.003,
        "reason": "explicit river/canal/stream/drain tag",
        "rectangularity": 1.0,
        "source": "way/1435599167",
        "tags": {
          "layer": "-1",
          "name": "壯西排水",
          "tunnel": "culvert",
          "waterway": "drain"
        }
      },
      {
        "area_m2": 493.953,
        "compactness": 0.025033,
        "excluded": true,
        "long_side_m": 246.982,
        "reason": "explicit river/canal/stream/drain tag",
        "rectangularity": 0.953296,
        "source": "way/1435599168",
        "tags": {
          "waterway": "drain"
        }
      },
      {
        "area_m2": 22.011,
        "compactness": 0.408821,
        "excluded": true,
        "long_side_m": 11.006,
        "reason": "explicit river/canal/stream/drain tag",
        "rectangularity": 1.0,
        "source": "way/1435599169",
        "tags": {
          "layer": "-1",
          "tunnel": "culvert",
          "waterway": "drain"
        }
      },
      {
        "area_m2": 497.109,
        "compactness": 0.024877,
        "excluded": true,
        "long_side_m": 248.567,
        "reason": "explicit river/canal/stream/drain tag",
        "rectangularity": 0.806132,
        "source": "way/1435599170",
        "tags": {
          "name": "壯西排水",
          "waterway": "drain"
        }
      },
      {
        "area_m2": 21.998,
        "compactness": 0.408996,
        "excluded": true,
        "long_side_m": 10.999,
        "reason": "explicit river/canal/stream/drain tag",
        "rectangularity": 1.0,
        "source": "way/1435599171",
        "tags": {
          "layer": "-1",
          "name": "壯西排水",
          "tunnel": "culvert",
          "waterway": "drain"
        }
      },
      {
        "area_m2": 405.42,
        "compactness": 0.030393,
        "excluded": true,
        "long_side_m": 202.71,
        "reason": "explicit river/canal/stream/drain tag",
        "rectangularity": 1.0,
        "source": "way/1435599172",
        "tags": {
          "waterway": "drain"
        }
      },
      {
        "area_m2": 22.011,
        "compactness": 0.408821,
        "excluded": true,
        "long_side_m": 11.006,
        "reason": "explicit river/canal/stream/drain tag",
        "rectangularity": 1.0,
        "source": "way/1435599173",
        "tags": {
          "layer": "-1",
          "tunnel": "culvert",
          "waterway": "drain"
        }
      },
      {
        "area_m2": 273.465,
        "compactness": 0.044637,
        "excluded": true,
        "long_side_m": 136.734,
        "reason": "explicit river/canal/stream/drain tag",
        "rectangularity": 0.976666,
        "source": "way/1435599174",
        "tags": {
          "waterway": "drain"
        }
      },
      {
        "area_m2": 24.018,
        "compactness": 0.384479,
        "excluded": true,
        "long_side_m": 12.009,
        "reason": "explicit river/canal/stream/drain tag",
        "rectangularity": 1.0,
        "source": "way/1435599175",
        "tags": {
          "layer": "-1",
          "tunnel": "culvert",
          "waterway": "drain"
        }
      },
      {
        "area_m2": 260.655,
        "compactness": 0.046764,
        "excluded": true,
        "long_side_m": 130.328,
        "reason": "explicit river/canal/stream/drain tag",
        "rectangularity": 1.0,
        "source": "way/1435599176",
        "tags": {
          "name": "壯西排水",
          "waterway": "drain"
        }
      },
      {
        "area_m2": 24.001,
        "compactness": 0.38467,
        "excluded": true,
        "long_side_m": 12.001,
        "reason": "explicit river/canal/stream/drain tag",
        "rectangularity": 1.0,
        "source": "way/1435599177",
        "tags": {
          "layer": "-1",
          "name": "壯西排水",
          "tunnel": "culvert",
          "waterway": "drain"
        }
      },
      {
        "area_m2": 9.411,
        "compactness": 0.657552,
        "excluded": true,
        "long_side_m": 4.705,
        "reason": "explicit river/canal/stream/drain tag",
        "rectangularity": 1.0,
        "source": "way/1435599178",
        "tags": {
          "name": "壯西排水",
          "waterway": "drain"
        }
      },
      {
        "area_m2": 22.827,
        "compactness": 0.398581,
        "excluded": true,
        "long_side_m": 11.413,
        "reason": "explicit river/canal/stream/drain tag",
        "rectangularity": 1.0,
        "source": "way/1435599179",
        "tags": {
          "layer": "-1",
          "name": "壯西排水",
          "tunnel": "culvert",
          "waterway": "drain"
        }
      },
      {
        "area_m2": 9.248,
        "compactness": 0.662149,
        "excluded": true,
        "long_side_m": 4.624,
        "reason": "explicit river/canal/stream/drain tag",
        "rectangularity": 1.0,
        "source": "way/1435599180",
        "tags": {
          "waterway": "drain"
        }
      },
      {
        "area_m2": 22.705,
        "compactness": 0.400083,
        "excluded": true,
        "long_side_m": 11.352,
        "reason": "explicit river/canal/stream/drain tag",
        "rectangularity": 1.0,
        "source": "way/1435599181",
        "tags": {
          "layer": "-1",
          "tunnel": "culvert",
          "waterway": "drain"
        }
      },
      {
        "area_m2": 7729.089,
        "compactness": 0.010096,
        "excluded": true,
        "long_side_m": 1354.297,
        "reason": "explicit river/canal/stream/drain tag",
        "rectangularity": 0.017643,
        "source": "way/1435599182",
        "tags": {
          "waterway": "canal"
        }
      },
      {
        "area_m2": 89.406,
        "compactness": 0.536488,
        "excluded": true,
        "long_side_m": 17.881,
        "reason": "explicit river/canal/stream/drain tag",
        "rectangularity": 1.0,
        "source": "way/1435599183",
        "tags": {
          "layer": "-1",
          "tunnel": "culvert",
          "waterway": "canal"
        }
      },
      {
        "area_m2": 13.871,
        "compactness": 0.545791,
        "excluded": true,
        "long_side_m": 6.935,
        "reason": "explicit river/canal/stream/drain tag",
        "rectangularity": 1.0,
        "source": "way/1435599184",
        "tags": {
          "layer": "-1",
          "tunnel": "culvert",
          "waterway": "drain"
        }
      },
      {
        "area_m2": 46.693,
        "compactness": 0.713492,
        "excluded": true,
        "long_side_m": 9.339,
        "reason": "explicit river/canal/stream/drain tag",
        "rectangularity": 1.0,
        "source": "way/1435599185",
        "tags": {
          "layer": "-1",
          "tunnel": "culvert",
          "waterway": "canal"
        }
      },
      {
        "area_m2": 14.013,
        "compactness": 0.723108,
        "excluded": true,
        "long_side_m": 5.0,
        "reason": "explicit river/canal/stream/drain tag",
        "rectangularity": 1.0,
        "source": "way/1435599186",
        "tags": {
          "waterway": "canal"
        }
      },
      {
        "area_m2": 50.233,
        "compactness": 0.697048,
        "excluded": true,
        "long_side_m": 10.047,
        "reason": "explicit river/canal/stream/drain tag",
        "rectangularity": 1.0,
        "source": "way/1435599187",
        "tags": {
          "layer": "-1",
          "tunnel": "culvert",
          "waterway": "canal"
        }
      },
      {
        "area_m2": 2744.997,
        "compactness": 0.028098,
        "excluded": true,
        "long_side_m": 426.71,
        "reason": "explicit river/canal/stream/drain tag",
        "rectangularity": 0.050398,
        "source": "way/1435599188",
        "tags": {
          "waterway": "canal"
        }
      },
      {
        "area_m2": 55.196,
        "compactness": 0.674049,
        "excluded": true,
        "long_side_m": 11.039,
        "reason": "explicit river/canal/stream/drain tag",
        "rectangularity": 1.0,
        "source": "way/1435599189",
        "tags": {
          "layer": "-1",
          "tunnel": "culvert",
          "waterway": "canal"
        }
      },
      {
        "area_m2": 573.855,
        "compactness": 0.021596,
        "excluded": true,
        "long_side_m": 286.945,
        "reason": "explicit river/canal/stream/drain tag",
        "rectangularity": 0.873676,
        "source": "way/1435599190",
        "tags": {
          "waterway": "drain"
        }
      },
      {
        "area_m2": 26.314,
        "compactness": 0.35984,
        "excluded": true,
        "long_side_m": 13.157,
        "reason": "explicit river/canal/stream/drain tag",
        "rectangularity": 1.0,
        "source": "way/1435599191",
        "tags": {
          "layer": "-1",
          "tunnel": "culvert",
          "waterway": "drain"
        }
      },
      {
        "area_m2": 508.563,
        "compactness": 0.024325,
        "excluded": true,
        "long_side_m": 254.289,
        "reason": "explicit river/canal/stream/drain tag",
        "rectangularity": 0.692146,
        "source": "way/1435599192",
        "tags": {
          "waterway": "drain"
        }
      },
      {
        "area_m2": 22.057,
        "compactness": 0.408229,
        "excluded": true,
        "long_side_m": 11.029,
        "reason": "explicit river/canal/stream/drain tag",
        "rectangularity": 1.0,
        "source": "way/1435599193",
        "tags": {
          "layer": "-1",
          "tunnel": "culvert",
          "waterway": "drain"
        }
      },
      {
        "area_m2": 172.401,
        "compactness": 0.069622,
        "excluded": true,
        "long_side_m": 85.858,
        "reason": "explicit river/canal/stream/drain tag",
        "rectangularity": 0.299592,
        "source": "way/1435599194",
        "tags": {
          "waterway": "drain"
        }
      },
      {
        "area_m2": 25.108,
        "compactness": 0.372395,
        "excluded": true,
        "long_side_m": 12.554,
        "reason": "explicit river/canal/stream/drain tag",
        "rectangularity": 1.0,
        "source": "way/1435599195",
        "tags": {
          "layer": "-1",
          "tunnel": "culvert",
          "waterway": "drain"
        }
      },
      {
        "area_m2": 231.815,
        "compactness": 0.052385,
        "excluded": true,
        "long_side_m": 115.914,
        "reason": "explicit river/canal/stream/drain tag",
        "rectangularity": 0.955251,
        "source": "way/1435599196",
        "tags": {
          "waterway": "drain"
        }
      },
      {
        "area_m2": 14.289,
        "compactness": 0.536828,
        "excluded": true,
        "long_side_m": 7.144,
        "reason": "explicit river/canal/stream/drain tag",
        "rectangularity": 1.0,
        "source": "way/1435599197",
        "tags": {
          "layer": "-1",
          "tunnel": "culvert",
          "waterway": "drain"
        }
      },
      {
        "area_m2": 403.784,
        "compactness": 0.030514,
        "excluded": true,
        "long_side_m": 201.903,
        "reason": "explicit river/canal/stream/drain tag",
        "rectangularity": 0.936539,
        "source": "way/1435599198",
        "tags": {
          "waterway": "drain"
        }
      },
      {
        "area_m2": 31.832,
        "compactness": 0.311551,
        "excluded": true,
        "long_side_m": 15.916,
        "reason": "explicit river/canal/stream/drain tag",
        "rectangularity": 1.0,
        "source": "way/1435599199",
        "tags": {
          "layer": "-1",
          "tunnel": "culvert",
          "waterway": "drain"
        }
      },
      {
        "area_m2": 541.517,
        "compactness": 0.022867,
        "excluded": true,
        "long_side_m": 270.136,
        "reason": "explicit river/canal/stream/drain tag",
        "rectangularity": 0.255799,
        "source": "way/1435599200",
        "tags": {
          "waterway": "drain"
        }
      },
      {
        "area_m2": 20.076,
        "compactness": 0.435235,
        "excluded": true,
        "long_side_m": 10.038,
        "reason": "explicit river/canal/stream/drain tag",
        "rectangularity": 1.0,
        "source": "way/1435599201",
        "tags": {
          "layer": "-1",
          "tunnel": "culvert",
          "waterway": "drain"
        }
      },
      {
        "area_m2": 335.238,
        "compactness": 0.036606,
        "excluded": true,
        "long_side_m": 167.619,
        "reason": "explicit river/canal/stream/drain tag",
        "rectangularity": 1.0,
        "source": "way/1435599202",
        "tags": {
          "waterway": "drain"
        }
      },
      {
        "area_m2": 18.586,
        "compactness": 0.457848,
        "excluded": true,
        "long_side_m": 9.293,
        "reason": "explicit river/canal/stream/drain tag",
        "rectangularity": 1.0,
        "source": "way/1435599203",
        "tags": {
          "layer": "-1",
          "tunnel": "culvert",
          "waterway": "drain"
        }
      },
      {
        "area_m2": 148.795,
        "compactness": 0.08009,
        "excluded": true,
        "long_side_m": 74.442,
        "reason": "explicit river/canal/stream/drain tag",
        "rectangularity": 0.928282,
        "source": "way/1435599204",
        "tags": {
          "waterway": "drain"
        }
      },
      {
        "area_m2": 20.143,
        "compactness": 0.434267,
        "excluded": true,
        "long_side_m": 10.071,
        "reason": "explicit river/canal/stream/drain tag",
        "rectangularity": 1.0,
        "source": "way/1435599205",
        "tags": {
          "layer": "-1",
          "tunnel": "culvert",
          "waterway": "drain"
        }
      },
      {
        "area_m2": 183.403,
        "compactness": 0.065624,
        "excluded": true,
        "long_side_m": 91.72,
        "reason": "explicit river/canal/stream/drain tag",
        "rectangularity": 0.791291,
        "source": "way/1435599206",
        "tags": {
          "waterway": "drain"
        }
      },
      {
        "area_m2": 20.207,
        "compactness": 0.433339,
        "excluded": true,
        "long_side_m": 10.104,
        "reason": "explicit river/canal/stream/drain tag",
        "rectangularity": 1.0,
        "source": "way/1435599207",
        "tags": {
          "layer": "-1",
          "tunnel": "culvert",
          "waterway": "drain"
        }
      },
      {
        "area_m2": 176.044,
        "compactness": 0.068246,
        "excluded": true,
        "long_side_m": 87.726,
        "reason": "explicit river/canal/stream/drain tag",
        "rectangularity": 0.311287,
        "source": "way/1435599208",
        "tags": {
          "waterway": "drain"
        }
      },
      {
        "area_m2": 22.134,
        "compactness": 0.40725,
        "excluded": true,
        "long_side_m": 11.067,
        "reason": "explicit river/canal/stream/drain tag",
        "rectangularity": 1.0,
        "source": "way/1435599209",
        "tags": {
          "layer": "-1",
          "tunnel": "culvert",
          "waterway": "drain"
        }
      },
      {
        "area_m2": 98.21,
        "compactness": 0.118135,
        "excluded": true,
        "long_side_m": 49.105,
        "reason": "explicit river/canal/stream/drain tag",
        "rectangularity": 1.0,
        "source": "way/1435599210",
        "tags": {
          "waterway": "drain"
        }
      },
      {
        "area_m2": 19.339,
        "compactness": 0.446141,
        "excluded": true,
        "long_side_m": 9.67,
        "reason": "explicit river/canal/stream/drain tag",
        "rectangularity": 1.0,
        "source": "way/1435599211",
        "tags": {
          "layer": "-1",
          "tunnel": "culvert",
          "waterway": "drain"
        }
      },
      {
        "area_m2": 102.107,
        "compactness": 0.113967,
        "excluded": true,
        "long_side_m": 51.053,
        "reason": "explicit river/canal/stream/drain tag",
        "rectangularity": 1.0,
        "source": "way/1435599212",
        "tags": {
          "waterway": "drain"
        }
      },
      {
        "area_m2": 22.306,
        "compactness": 0.405057,
        "excluded": true,
        "long_side_m": 11.153,
        "reason": "explicit river/canal/stream/drain tag",
        "rectangularity": 1.0,
        "source": "way/1435599213",
        "tags": {
          "layer": "-1",
          "tunnel": "culvert",
          "waterway": "drain"
        }
      },
      {
        "area_m2": 144.572,
        "compactness": 0.082304,
        "excluded": true,
        "long_side_m": 72.289,
        "reason": "explicit river/canal/stream/drain tag",
        "rectangularity": 0.989433,
        "source": "way/1435599214",
        "tags": {
          "waterway": "drain"
        }
      },
      {
        "area_m2": 22.057,
        "compactness": 0.408229,
        "excluded": true,
        "long_side_m": 11.029,
        "reason": "explicit river/canal/stream/drain tag",
        "rectangularity": 1.0,
        "source": "way/1435599215",
        "tags": {
          "layer": "-1",
          "tunnel": "culvert",
          "waterway": "drain"
        }
      },
      {
        "area_m2": 301.337,
        "compactness": 0.040617,
        "excluded": true,
        "long_side_m": 150.671,
        "reason": "explicit river/canal/stream/drain tag",
        "rectangularity": 0.507405,
        "source": "way/1435599216",
        "tags": {
          "waterway": "drain"
        }
      },
      {
        "area_m2": 24.066,
        "compactness": 0.383926,
        "excluded": true,
        "long_side_m": 12.033,
        "reason": "explicit river/canal/stream/drain tag",
        "rectangularity": 1.0,
        "source": "way/1435599217",
        "tags": {
          "layer": "-1",
          "tunnel": "culvert",
          "waterway": "drain"
        }
      },
      {
        "area_m2": 550.924,
        "compactness": 0.022482,
        "excluded": true,
        "long_side_m": 275.557,
        "reason": "explicit river/canal/stream/drain tag",
        "rectangularity": 0.707935,
        "source": "way/1435599218",
        "tags": {
          "waterway": "drain"
        }
      },
      {
        "area_m2": 23.619,
        "compactness": 0.389098,
        "excluded": true,
        "long_side_m": 11.809,
        "reason": "explicit river/canal/stream/drain tag",
        "rectangularity": 1.0,
        "source": "way/1435599219",
        "tags": {
          "layer": "-1",
          "tunnel": "culvert",
          "waterway": "drain"
        }
      },
      {
        "area_m2": 269.126,
        "compactness": 0.045336,
        "excluded": true,
        "long_side_m": 134.572,
        "reason": "explicit river/canal/stream/drain tag",
        "rectangularity": 0.855928,
        "source": "way/1435599220",
        "tags": {
          "waterway": "drain"
        }
      },
      {
        "area_m2": 23.537,
        "compactness": 0.390055,
        "excluded": true,
        "long_side_m": 11.769,
        "reason": "explicit river/canal/stream/drain tag",
        "rectangularity": 1.0,
        "source": "way/1435599221",
        "tags": {
          "layer": "-1",
          "tunnel": "culvert",
          "waterway": "drain"
        }
      },
      {
        "area_m2": 342.504,
        "compactness": 0.035848,
        "excluded": true,
        "long_side_m": 171.29,
        "reason": "explicit river/canal/stream/drain tag",
        "rectangularity": 0.786213,
        "source": "way/1435599222",
        "tags": {
          "waterway": "drain"
        }
      },
      {
        "area_m2": 17.981,
        "compactness": 0.467657,
        "excluded": true,
        "long_side_m": 8.991,
        "reason": "explicit river/canal/stream/drain tag",
        "rectangularity": 1.0,
        "source": "way/1435599223",
        "tags": {
          "layer": "-1",
          "tunnel": "culvert",
          "waterway": "drain"
        }
      },
      {
        "area_m2": 20.039,
        "compactness": 0.435771,
        "excluded": true,
        "long_side_m": 10.019,
        "reason": "explicit river/canal/stream/drain tag",
        "rectangularity": 1.0,
        "source": "way/1435599224",
        "tags": {
          "layer": "-1",
          "tunnel": "culvert",
          "waterway": "drain"
        }
      },
      {
        "area_m2": 14.869,
        "compactness": 0.52481,
        "excluded": true,
        "long_side_m": 7.479,
        "reason": "explicit river/canal/stream/drain tag",
        "rectangularity": 0.952564,
        "source": "way/1435599225",
        "tags": {
          "waterway": "drain"
        }
      },
      {
        "area_m2": 232.436,
        "compactness": 0.05225,
        "excluded": true,
        "long_side_m": 116.218,
        "reason": "explicit river/canal/stream/drain tag",
        "rectangularity": 1.0,
        "source": "way/1435599226",
        "tags": {
          "waterway": "drain"
        }
      },
      {
        "area_m2": 20.953,
        "compactness": 0.422875,
        "excluded": true,
        "long_side_m": 10.476,
        "reason": "explicit river/canal/stream/drain tag",
        "rectangularity": 1.0,
        "source": "way/1435599227",
        "tags": {
          "layer": "-1",
          "tunnel": "culvert",
          "waterway": "drain"
        }
      },
      {
        "area_m2": 290.587,
        "compactness": 0.042078,
        "excluded": true,
        "long_side_m": 140.76,
        "reason": "explicit river/canal/stream/drain tag",
        "rectangularity": 0.118079,
        "source": "way/1435599228",
        "tags": {
          "waterway": "drain"
        }
      },
      {
        "area_m2": 13.717,
        "compactness": 0.549144,
        "excluded": true,
        "long_side_m": 6.859,
        "reason": "explicit river/canal/stream/drain tag",
        "rectangularity": 1.0,
        "source": "way/1435599229",
        "tags": {
          "layer": "-1",
          "tunnel": "culvert",
          "waterway": "drain"
        }
      },
      {
        "area_m2": 506.925,
        "compactness": 0.024403,
        "excluded": true,
        "long_side_m": 253.462,
        "reason": "explicit river/canal/stream/drain tag",
        "rectangularity": 1.0,
        "source": "way/1435599230",
        "tags": {
          "waterway": "drain"
        }
      },
      {
        "area_m2": 9.201,
        "compactness": 0.663493,
        "excluded": true,
        "long_side_m": 4.6,
        "reason": "explicit river/canal/stream/drain tag",
        "rectangularity": 1.0,
        "source": "way/1435599231",
        "tags": {
          "layer": "-1",
          "tunnel": "culvert",
          "waterway": "drain"
        }
      },
      {
        "area_m2": 234.316,
        "compactness": 0.051845,
        "excluded": true,
        "long_side_m": 117.18,
        "reason": "explicit river/canal/stream/drain tag",
        "rectangularity": 0.957776,
        "source": "way/1435599232",
        "tags": {
          "waterway": "drain"
        }
      },
      {
        "area_m2": 19.668,
        "compactness": 0.441205,
        "excluded": true,
        "long_side_m": 9.834,
        "reason": "explicit river/canal/stream/drain tag",
        "rectangularity": 1.0,
        "source": "way/1435599233",
        "tags": {
          "layer": "-1",
          "tunnel": "culvert",
          "waterway": "drain"
        }
      },
      {
        "area_m2": 19.551,
        "compactness": 0.442951,
        "excluded": true,
        "long_side_m": 9.776,
        "reason": "explicit river/canal/stream/drain tag",
        "rectangularity": 1.0,
        "source": "way/1435599234",
        "tags": {
          "alt_name": "壯西五輪一中排",
          "layer": "-1",
          "name": "壯西二中排",
          "tunnel": "culvert",
          "waterway": "drain"
        }
      },
      {
        "area_m2": 369.899,
        "compactness": 0.033249,
        "excluded": true,
        "long_side_m": 174.488,
        "reason": "explicit river/canal/stream/drain tag",
        "rectangularity": 0.102329,
        "source": "way/1435599235",
        "tags": {
          "waterway": "drain"
        }
      },
      {
        "area_m2": 22.007,
        "compactness": 0.408881,
        "excluded": true,
        "long_side_m": 11.003,
        "reason": "explicit river/canal/stream/drain tag",
        "rectangularity": 1.0,
        "source": "way/1435599236",
        "tags": {
          "layer": "-1",
          "tunnel": "culvert",
          "waterway": "drain"
        }
      },
      {
        "area_m2": 589.194,
        "compactness": 0.021041,
        "excluded": true,
        "long_side_m": 290.453,
        "reason": "explicit river/canal/stream/drain tag",
        "rectangularity": 0.203496,
        "source": "way/1435599237",
        "tags": {
          "waterway": "drain"
        }
      },
      {
        "area_m2": 22.009,
        "compactness": 0.408853,
        "excluded": true,
        "long_side_m": 11.004,
        "reason": "explicit river/canal/stream/drain tag",
        "rectangularity": 1.0,
        "source": "way/1435599238",
        "tags": {
          "layer": "-1",
          "tunnel": "culvert",
          "waterway": "drain"
        }
      },
      {
        "area_m2": 1.093,
        "compactness": 0.529545,
        "excluded": true,
        "long_side_m": 2.0,
        "reason": "explicit river/canal/stream/drain tag",
        "rectangularity": 1.0,
        "source": "way/1435599239",
        "tags": {
          "alt_name": "壯西五輪一中排",
          "name": "壯西二中排",
          "waterway": "drain"
        }
      },
      {
        "area_m2": 21.713,
        "compactness": 0.412684,
        "excluded": true,
        "long_side_m": 10.857,
        "reason": "explicit river/canal/stream/drain tag",
        "rectangularity": 1.0,
        "source": "way/1435599240",
        "tags": {
          "alt_name": "壯西五輪一中排",
          "layer": "-1",
          "name": "壯西二中排",
          "tunnel": "culvert",
          "waterway": "drain"
        }
      },
      {
        "area_m2": 407.583,
        "compactness": 0.030235,
        "excluded": true,
        "long_side_m": 203.792,
        "reason": "explicit river/canal/stream/drain tag",
        "rectangularity": 0.999023,
        "source": "way/1435599241",
        "tags": {
          "waterway": "drain"
        }
      },
      {
        "area_m2": 13.999,
        "compactness": 0.543022,
        "excluded": true,
        "long_side_m": 6.999,
        "reason": "explicit river/canal/stream/drain tag",
        "rectangularity": 1.0,
        "source": "way/1435599242",
        "tags": {
          "layer": "-1",
          "tunnel": "culvert",
          "waterway": "drain"
        }
      },
      {
        "area_m2": 92.701,
        "compactness": 0.124576,
        "excluded": true,
        "long_side_m": 46.35,
        "reason": "explicit river/canal/stream/drain tag",
        "rectangularity": 1.0,
        "source": "way/1435599243",
        "tags": {
          "waterway": "drain"
        }
      },
      {
        "area_m2": 21.954,
        "compactness": 0.409562,
        "excluded": true,
        "long_side_m": 10.977,
        "reason": "explicit river/canal/stream/drain tag",
        "rectangularity": 1.0,
        "source": "way/1435599244",
        "tags": {
          "layer": "-1",
          "tunnel": "culvert",
          "waterway": "drain"
        }
      },
      {
        "area_m2": 354.643,
        "compactness": 0.034648,
        "excluded": true,
        "long_side_m": 177.324,
        "reason": "explicit river/canal/stream/drain tag",
        "rectangularity": 0.951971,
        "source": "way/1435599245",
        "tags": {
          "waterway": "drain"
        }
      },
      {
        "area_m2": 22.009,
        "compactness": 0.408853,
        "excluded": true,
        "long_side_m": 11.004,
        "reason": "explicit river/canal/stream/drain tag",
        "rectangularity": 1.0,
        "source": "way/1435599246",
        "tags": {
          "layer": "-1",
          "tunnel": "culvert",
          "waterway": "drain"
        }
      },
      {
        "area_m2": 44.264,
        "compactness": 0.724646,
        "excluded": true,
        "long_side_m": 8.853,
        "reason": "explicit river/canal/stream/drain tag",
        "rectangularity": 1.0,
        "source": "way/1435599247",
        "tags": {
          "alt_name": "古亭排水",
          "layer": "-1",
          "name": "古亭中排",
          "tunnel": "culvert",
          "waterway": "canal"
        }
      },
      {
        "area_m2": 2.772,
        "compactness": 0.282237,
        "excluded": true,
        "long_side_m": 5.0,
        "reason": "explicit river/canal/stream/drain tag",
        "rectangularity": 1.0,
        "source": "way/1435599248",
        "tags": {
          "alt_name": "古亭排水",
          "name": "古亭中排",
          "waterway": "canal"
        }
      },
      {
        "area_m2": 226.436,
        "compactness": 0.053586,
        "excluded": true,
        "long_side_m": 113.23,
        "reason": "explicit river/canal/stream/drain tag",
        "rectangularity": 0.923373,
        "source": "way/1435599249",
        "tags": {
          "waterway": "drain"
        }
      },
      {
        "area_m2": 16.886,
        "compactness": 0.48644,
        "excluded": true,
        "long_side_m": 8.443,
        "reason": "explicit river/canal/stream/drain tag",
        "rectangularity": 1.0,
        "source": "way/1435599250",
        "tags": {
          "layer": "-1",
          "tunnel": "culvert",
          "waterway": "drain"
        }
      },
      {
        "area_m2": 250.29,
        "compactness": 0.04864,
        "excluded": true,
        "long_side_m": 125.14,
        "reason": "explicit river/canal/stream/drain tag",
        "rectangularity": 0.678781,
        "source": "way/1435599251",
        "tags": {
          "waterway": "drain"
        }
      },
      {
        "area_m2": 16.33,
        "compactness": 0.496497,
        "excluded": true,
        "long_side_m": 8.165,
        "reason": "explicit river/canal/stream/drain tag",
        "rectangularity": 1.0,
        "source": "way/1435599252",
        "tags": {
          "layer": "-1",
          "tunnel": "culvert",
          "waterway": "drain"
        }
      },
      {
        "area_m2": 430.273,
        "compactness": 0.02867,
        "excluded": true,
        "long_side_m": 215.155,
        "reason": "explicit river/canal/stream/drain tag",
        "rectangularity": 0.890209,
        "source": "way/1435599253",
        "tags": {
          "name": "壯西九輪中排",
          "waterway": "drain"
        }
      },
      {
        "area_m2": 16.866,
        "compactness": 0.486793,
        "excluded": true,
        "long_side_m": 8.433,
        "reason": "explicit river/canal/stream/drain tag",
        "rectangularity": 1.0,
        "source": "way/1435599254",
        "tags": {
          "layer": "-1",
          "name": "壯西九輪中排",
          "tunnel": "culvert",
          "waterway": "drain"
        }
      },
      {
        "area_m2": 619.682,
        "compactness": 0.020019,
        "excluded": true,
        "long_side_m": 309.837,
        "reason": "explicit river/canal/stream/drain tag",
        "rectangularity": 0.543062,
        "source": "way/1435599255",
        "tags": {
          "waterway": "drain"
        }
      },
      {
        "area_m2": 22.971,
        "compactness": 0.396821,
        "excluded": true,
        "long_side_m": 11.486,
        "reason": "explicit river/canal/stream/drain tag",
        "rectangularity": 1.0,
        "source": "way/1435599256",
        "tags": {
          "layer": "-1",
          "tunnel": "culvert",
          "waterway": "drain"
        }
      },
      {
        "area_m2": 621.257,
        "compactness": 0.019969,
        "excluded": true,
        "long_side_m": 307.386,
        "reason": "explicit river/canal/stream/drain tag",
        "rectangularity": 0.093961,
        "source": "way/1435599257",
        "tags": {
          "waterway": "drain"
        }
      },
      {
        "area_m2": 18.666,
        "compactness": 0.456569,
        "excluded": true,
        "long_side_m": 9.333,
        "reason": "explicit river/canal/stream/drain tag",
        "rectangularity": 1.0,
        "source": "way/1435599258",
        "tags": {
          "layer": "-1",
          "tunnel": "culvert",
          "waterway": "drain"
        }
      },
      {
        "area_m2": 43.393,
        "compactness": 0.242774,
        "excluded": true,
        "long_side_m": 21.696,
        "reason": "explicit river/canal/stream/drain tag",
        "rectangularity": 1.0,
        "source": "way/1435599259",
        "tags": {
          "waterway": "drain"
        }
      },
      {
        "area_m2": 20.525,
        "compactness": 0.428816,
        "excluded": true,
        "long_side_m": 10.263,
        "reason": "explicit river/canal/stream/drain tag",
        "rectangularity": 1.0,
        "source": "way/1435599260",
        "tags": {
          "layer": "-1",
          "tunnel": "culvert",
          "waterway": "drain"
        }
      },
      {
        "area_m2": 143.966,
        "compactness": 0.082631,
        "excluded": true,
        "long_side_m": 71.983,
        "reason": "explicit river/canal/stream/drain tag",
        "rectangularity": 1.0,
        "source": "way/1435599261",
        "tags": {
          "waterway": "drain"
        }
      },
      {
        "area_m2": 20.576,
        "compactness": 0.428109,
        "excluded": true,
        "long_side_m": 10.288,
        "reason": "explicit river/canal/stream/drain tag",
        "rectangularity": 1.0,
        "source": "way/1435599262",
        "tags": {
          "layer": "-1",
          "tunnel": "culvert",
          "waterway": "drain"
        }
      },
      {
        "area_m2": 488.451,
        "compactness": 0.025311,
        "excluded": true,
        "long_side_m": 244.233,
        "reason": "explicit river/canal/stream/drain tag",
        "rectangularity": 0.841793,
        "source": "way/1435599263",
        "tags": {
          "waterway": "drain"
        }
      },
      {
        "area_m2": 22.413,
        "compactness": 0.403715,
        "excluded": true,
        "long_side_m": 11.206,
        "reason": "explicit river/canal/stream/drain tag",
        "rectangularity": 1.0,
        "source": "way/1435599264",
        "tags": {
          "layer": "-1",
          "tunnel": "culvert",
          "waterway": "drain"
        }
      },
      {
        "area_m2": 85.566,
        "compactness": 0.134037,
        "excluded": true,
        "long_side_m": 42.783,
        "reason": "explicit river/canal/stream/drain tag",
        "rectangularity": 1.0,
        "source": "way/1435599265",
        "tags": {
          "waterway": "drain"
        }
      },
      {
        "area_m2": 22.981,
        "compactness": 0.396705,
        "excluded": true,
        "long_side_m": 11.49,
        "reason": "explicit river/canal/stream/drain tag",
        "rectangularity": 1.0,
        "source": "way/1435599266",
        "tags": {
          "layer": "-1",
          "tunnel": "culvert",
          "waterway": "drain"
        }
      },
      {
        "area_m2": 305.338,
        "compactness": 0.040098,
        "excluded": true,
        "long_side_m": 152.669,
        "reason": "explicit river/canal/stream/drain tag",
        "rectangularity": 1.0,
        "source": "way/1435599267",
        "tags": {
          "name": "壯西七輪一中排",
          "waterway": "drain"
        }
      },
      {
        "area_m2": 24.283,
        "compactness": 0.381469,
        "excluded": true,
        "long_side_m": 12.142,
        "reason": "explicit river/canal/stream/drain tag",
        "rectangularity": 1.0,
        "source": "way/1435599268",
        "tags": {
          "layer": "-1",
          "name": "壯西七輪一中排",
          "tunnel": "culvert",
          "waterway": "drain"
        }
      },
      {
        "area_m2": 335.117,
        "compactness": 0.036619,
        "excluded": true,
        "long_side_m": 167.559,
        "reason": "explicit river/canal/stream/drain tag",
        "rectangularity": 0.996836,
        "source": "way/1435599269",
        "tags": {
          "waterway": "drain"
        }
      },
      {
        "area_m2": 23.98,
        "compactness": 0.384913,
        "excluded": true,
        "long_side_m": 11.99,
        "reason": "explicit river/canal/stream/drain tag",
        "rectangularity": 1.0,
        "source": "way/1435599270",
        "tags": {
          "layer": "-1",
          "tunnel": "culvert",
          "waterway": "drain"
        }
      },
      {
        "area_m2": 27.289,
        "compactness": 0.350282,
        "excluded": true,
        "long_side_m": 13.644,
        "reason": "explicit river/canal/stream/drain tag",
        "rectangularity": 1.0,
        "source": "way/1435599271",
        "tags": {
          "waterway": "drain"
        }
      },
      {
        "area_m2": 36.863,
        "compactness": 0.277419,
        "excluded": true,
        "long_side_m": 18.432,
        "reason": "explicit river/canal/stream/drain tag",
        "rectangularity": 1.0,
        "source": "way/1435599272",
        "tags": {
          "layer": "-1",
          "tunnel": "culvert",
          "waterway": "drain"
        }
      },
      {
        "area_m2": 34.95,
        "compactness": 0.289494,
        "excluded": true,
        "long_side_m": 17.475,
        "reason": "explicit river/canal/stream/drain tag",
        "rectangularity": 1.0,
        "source": "way/1435599273",
        "tags": {
          "waterway": "drain"
        }
      },
      {
        "area_m2": 23.776,
        "compactness": 0.38727,
        "excluded": true,
        "long_side_m": 11.888,
        "reason": "explicit river/canal/stream/drain tag",
        "rectangularity": 1.0,
        "source": "way/1435599274",
        "tags": {
          "layer": "-1",
          "tunnel": "culvert",
          "waterway": "drain"
        }
      },
      {
        "area_m2": 62.123,
        "compactness": 0.6428,
        "excluded": true,
        "long_side_m": 12.425,
        "reason": "explicit river/canal/stream/drain tag",
        "rectangularity": 1.0,
        "source": "way/1435599275",
        "tags": {
          "layer": "-1",
          "tunnel": "culvert",
          "waterway": "canal"
        }
      },
      {
        "area_m2": 582.969,
        "compactness": 0.021263,
        "excluded": true,
        "long_side_m": 291.496,
        "reason": "explicit river/canal/stream/drain tag",
        "rectangularity": 0.681161,
        "source": "way/1435599276",
        "tags": {
          "waterway": "drain"
        }
      },
      {
        "area_m2": 22.082,
        "compactness": 0.407916,
        "excluded": true,
        "long_side_m": 11.041,
        "reason": "explicit river/canal/stream/drain tag",
        "rectangularity": 1.0,
        "source": "way/1435599277",
        "tags": {
          "layer": "-1",
          "tunnel": "culvert",
          "waterway": "drain"
        }
      },
      {
        "area_m2": 148.159,
        "compactness": 0.080416,
        "excluded": true,
        "long_side_m": 74.08,
        "reason": "explicit river/canal/stream/drain tag",
        "rectangularity": 1.0,
        "source": "way/1435599284",
        "tags": {
          "waterway": "drain"
        }
      },
      {
        "area_m2": 22.09,
        "compactness": 0.407808,
        "excluded": true,
        "long_side_m": 11.045,
        "reason": "explicit river/canal/stream/drain tag",
        "rectangularity": 1.0,
        "source": "way/1435599285",
        "tags": {
          "layer": "-1",
          "tunnel": "culvert",
          "waterway": "drain"
        }
      },
      {
        "area_m2": 310.603,
        "compactness": 0.039436,
        "excluded": true,
        "long_side_m": 155.306,
        "reason": "explicit river/canal/stream/drain tag",
        "rectangularity": 0.943003,
        "source": "way/1435599286",
        "tags": {
          "waterway": "drain"
        }
      },
      {
        "area_m2": 20.009,
        "compactness": 0.436209,
        "excluded": true,
        "long_side_m": 10.004,
        "reason": "explicit river/canal/stream/drain tag",
        "rectangularity": 1.0,
        "source": "way/1435599287",
        "tags": {
          "layer": "-1",
          "tunnel": "culvert",
          "waterway": "drain"
        }
      },
      {
        "area_m2": 245.271,
        "compactness": 0.049604,
        "excluded": true,
        "long_side_m": 122.635,
        "reason": "explicit river/canal/stream/drain tag",
        "rectangularity": 1.0,
        "source": "way/1435599288",
        "tags": {
          "waterway": "drain"
        }
      },
      {
        "area_m2": 14.004,
        "compactness": 0.542912,
        "excluded": true,
        "long_side_m": 7.002,
        "reason": "explicit river/canal/stream/drain tag",
        "rectangularity": 1.0,
        "source": "way/1435599289",
        "tags": {
          "layer": "-1",
          "tunnel": "culvert",
          "waterway": "drain"
        }
      },
      {
        "area_m2": 1266.911,
        "compactness": 0.059617,
        "excluded": true,
        "long_side_m": 246.778,
        "reason": "explicit river/canal/stream/drain tag",
        "rectangularity": 0.154453,
        "source": "way/1435599312",
        "tags": {
          "waterway": "canal"
        }
      },
      {
        "area_m2": 55.141,
        "compactness": 0.674303,
        "excluded": true,
        "long_side_m": 11.028,
        "reason": "explicit river/canal/stream/drain tag",
        "rectangularity": 1.0,
        "source": "way/1435599313",
        "tags": {
          "layer": "-1",
          "tunnel": "culvert",
          "waterway": "canal"
        }
      },
      {
        "area_m2": 234.628,
        "compactness": 0.27338,
        "excluded": true,
        "long_side_m": 46.926,
        "reason": "explicit river/canal/stream/drain tag",
        "rectangularity": 1.0,
        "source": "way/1435599314",
        "tags": {
          "waterway": "canal"
        }
      },
      {
        "area_m2": 44.563,
        "compactness": 0.723283,
        "excluded": true,
        "long_side_m": 8.913,
        "reason": "explicit river/canal/stream/drain tag",
        "rectangularity": 1.0,
        "source": "way/1435599315",
        "tags": {
          "layer": "-1",
          "tunnel": "culvert",
          "waterway": "canal"
        }
      },
      {
        "area_m2": 1256.554,
        "compactness": 0.060089,
        "excluded": true,
        "long_side_m": 251.311,
        "reason": "explicit river/canal/stream/drain tag",
        "rectangularity": 1.0,
        "source": "way/1435599316",
        "tags": {
          "waterway": "canal"
        }
      },
      {
        "area_m2": 38.449,
        "compactness": 0.750112,
        "excluded": true,
        "long_side_m": 7.69,
        "reason": "explicit river/canal/stream/drain tag",
        "rectangularity": 1.0,
        "source": "way/1435599317",
        "tags": {
          "layer": "-1",
          "tunnel": "culvert",
          "waterway": "canal"
        }
      },
      {
        "area_m2": 313.509,
        "compactness": 0.039079,
        "excluded": true,
        "long_side_m": 156.767,
        "reason": "explicit river/canal/stream/drain tag",
        "rectangularity": 0.737934,
        "source": "way/1435599320",
        "tags": {
          "waterway": "drain"
        }
      },
      {
        "area_m2": 20.09,
        "compactness": 0.435026,
        "excluded": true,
        "long_side_m": 10.045,
        "reason": "explicit river/canal/stream/drain tag",
        "rectangularity": 1.0,
        "source": "way/1435599321",
        "tags": {
          "layer": "-1",
          "tunnel": "culvert",
          "waterway": "drain"
        }
      },
      {
        "area_m2": 311.727,
        "compactness": 0.039297,
        "excluded": true,
        "long_side_m": 155.878,
        "reason": "explicit river/canal/stream/drain tag",
        "rectangularity": 0.776951,
        "source": "way/1435599322",
        "tags": {
          "waterway": "drain"
        }
      },
      {
        "area_m2": 20.012,
        "compactness": 0.436161,
        "excluded": true,
        "long_side_m": 10.006,
        "reason": "explicit river/canal/stream/drain tag",
        "rectangularity": 1.0,
        "source": "way/1435599323",
        "tags": {
          "layer": "-1",
          "tunnel": "culvert",
          "waterway": "drain"
        }
      },
      {
        "area_m2": 638.208,
        "compactness": 0.019446,
        "excluded": true,
        "long_side_m": 319.129,
        "reason": "explicit river/canal/stream/drain tag",
        "rectangularity": 0.863303,
        "source": "way/1435599324",
        "tags": {
          "waterway": "drain"
        }
      },
      {
        "area_m2": 22.012,
        "compactness": 0.408816,
        "excluded": true,
        "long_side_m": 11.006,
        "reason": "explicit river/canal/stream/drain tag",
        "rectangularity": 1.0,
        "source": "way/1435599325",
        "tags": {
          "layer": "-1",
          "tunnel": "culvert",
          "waterway": "drain"
        }
      },
      {
        "area_m2": 358.628,
        "compactness": 0.034271,
        "excluded": true,
        "long_side_m": 170.112,
        "reason": "explicit river/canal/stream/drain tag",
        "rectangularity": 0.074153,
        "source": "way/1435604009",
        "tags": {
          "waterway": "drain"
        }
      },
      {
        "area_m2": 14.001,
        "compactness": 0.542965,
        "excluded": true,
        "long_side_m": 7.001,
        "reason": "explicit river/canal/stream/drain tag",
        "rectangularity": 1.0,
        "source": "way/1435604010",
        "tags": {
          "layer": "-1",
          "tunnel": "culvert",
          "waterway": "drain"
        }
      },
      {
        "area_m2": 22.077,
        "compactness": 0.78237,
        "excluded": true,
        "long_side_m": 5.004,
        "reason": "explicit river/canal/stream/drain tag",
        "rectangularity": 0.996382,
        "source": "way/1435604011",
        "tags": {
          "layer": "-1",
          "name": "充館圳充公支線茅埔分線",
          "tunnel": "culvert",
          "waterway": "canal"
        }
      },
      {
        "area_m2": 2.739,
        "compactness": 0.279563,
        "excluded": true,
        "long_side_m": 5.0,
        "reason": "explicit river/canal/stream/drain tag",
        "rectangularity": 1.0,
        "source": "way/1435604012",
        "tags": {
          "waterway": "canal"
        }
      },
      {
        "area_m2": 37.235,
        "compactness": 0.755043,
        "excluded": true,
        "long_side_m": 7.447,
        "reason": "explicit river/canal/stream/drain tag",
        "rectangularity": 1.0,
        "source": "way/1435604013",
        "tags": {
          "layer": "-1",
          "tunnel": "culvert",
          "waterway": "canal"
        }
      },
      {
        "area_m2": 88.92,
        "compactness": 0.129417,
        "excluded": true,
        "long_side_m": 44.515,
        "reason": "explicit river/canal/stream/drain tag",
        "rectangularity": 0.824708,
        "source": "way/1435604014",
        "tags": {
          "waterway": "drain"
        }
      },
      {
        "area_m2": 17.29,
        "compactness": 0.47935,
        "excluded": true,
        "long_side_m": 8.645,
        "reason": "explicit river/canal/stream/drain tag",
        "rectangularity": 1.0,
        "source": "way/1435604015",
        "tags": {
          "layer": "-1",
          "tunnel": "culvert",
          "waterway": "drain"
        }
      },
      {
        "area_m2": 206.593,
        "compactness": 0.302521,
        "excluded": true,
        "long_side_m": 41.319,
        "reason": "explicit river/canal/stream/drain tag",
        "rectangularity": 0.999789,
        "source": "way/1435604016",
        "tags": {
          "waterway": "canal"
        }
      },
      {
        "area_m2": 55.146,
        "compactness": 0.674281,
        "excluded": true,
        "long_side_m": 11.029,
        "reason": "explicit river/canal/stream/drain tag",
        "rectangularity": 1.0,
        "source": "way/1435604017",
        "tags": {
          "layer": "-1",
          "tunnel": "culvert",
          "waterway": "canal"
        }
      },
      {
        "area_m2": 472.036,
        "compactness": 0.026176,
        "excluded": true,
        "long_side_m": 236.022,
        "reason": "explicit river/canal/stream/drain tag",
        "rectangularity": 0.902237,
        "source": "way/1435604018",
        "tags": {
          "waterway": "drain"
        }
      },
      {
        "area_m2": 20.291,
        "compactness": 0.432144,
        "excluded": true,
        "long_side_m": 10.145,
        "reason": "explicit river/canal/stream/drain tag",
        "rectangularity": 1.0,
        "source": "way/1435604019",
        "tags": {
          "layer": "-1",
          "tunnel": "culvert",
          "waterway": "drain"
        }
      },
      {
        "area_m2": 1206.513,
        "compactness": 0.06248,
        "excluded": true,
        "long_side_m": 241.303,
        "reason": "explicit river/canal/stream/drain tag",
        "rectangularity": 1.0,
        "source": "way/1435604020",
        "tags": {
          "waterway": "canal"
        }
      },
      {
        "area_m2": 52.08,
        "compactness": 0.688458,
        "excluded": true,
        "long_side_m": 10.416,
        "reason": "explicit river/canal/stream/drain tag",
        "rectangularity": 1.0,
        "source": "way/1435604021",
        "tags": {
          "layer": "-1",
          "tunnel": "culvert",
          "waterway": "canal"
        }
      },
      {
        "area_m2": 12.158,
        "compactness": 0.585197,
        "excluded": true,
        "long_side_m": 6.087,
        "reason": "explicit river/canal/stream/drain tag",
        "rectangularity": 0.995699,
        "source": "way/1435604022",
        "tags": {
          "layer": "-1",
          "tunnel": "culvert",
          "waterway": "drain"
        }
      },
      {
        "area_m2": 213.449,
        "compactness": 0.056727,
        "excluded": true,
        "long_side_m": 106.724,
        "reason": "explicit river/canal/stream/drain tag",
        "rectangularity": 1.0,
        "source": "way/1435604023",
        "tags": {
          "waterway": "drain"
        }
      },
      {
        "area_m2": 21.994,
        "compactness": 0.409036,
        "excluded": true,
        "long_side_m": 10.997,
        "reason": "explicit river/canal/stream/drain tag",
        "rectangularity": 1.0,
        "source": "way/1435604024",
        "tags": {
          "layer": "-1",
          "tunnel": "culvert",
          "waterway": "drain"
        }
      },
      {
        "area_m2": 106.289,
        "compactness": 0.109808,
        "excluded": true,
        "long_side_m": 53.144,
        "reason": "explicit river/canal/stream/drain tag",
        "rectangularity": 1.0,
        "source": "way/1435604037",
        "tags": {
          "name": "淇武蘭一中排",
          "waterway": "drain"
        }
      },
      {
        "area_m2": 22.051,
        "compactness": 0.408306,
        "excluded": true,
        "long_side_m": 11.026,
        "reason": "explicit river/canal/stream/drain tag",
        "rectangularity": 1.0,
        "source": "way/1435604038",
        "tags": {
          "layer": "-1",
          "name": "淇武蘭一中排",
          "tunnel": "culvert",
          "waterway": "drain"
        }
      },
      {
        "area_m2": 1.106,
        "compactness": 0.533184,
        "excluded": true,
        "long_side_m": 2.0,
        "reason": "explicit river/canal/stream/drain tag",
        "rectangularity": 1.0,
        "source": "way/1435604039",
        "tags": {
          "name": "淇武蘭一中排",
          "waterway": "drain"
        }
      },
      {
        "area_m2": 23.033,
        "compactness": 0.396072,
        "excluded": true,
        "long_side_m": 11.516,
        "reason": "explicit river/canal/stream/drain tag",
        "rectangularity": 1.0,
        "source": "way/1435604040",
        "tags": {
          "layer": "-1",
          "name": "充館圳充公支線茅埔分線",
          "tunnel": "culvert",
          "waterway": "drain"
        }
      },
      {
        "area_m2": 16.264,
        "compactness": 0.497724,
        "excluded": true,
        "long_side_m": 8.134,
        "reason": "explicit river/canal/stream/drain tag",
        "rectangularity": 0.999053,
        "source": "way/1435604041",
        "tags": {
          "layer": "-1",
          "tunnel": "culvert",
          "waterway": "drain"
        }
      },
      {
        "area_m2": 1.106,
        "compactness": 0.533184,
        "excluded": true,
        "long_side_m": 2.0,
        "reason": "explicit river/canal/stream/drain tag",
        "rectangularity": 1.0,
        "source": "way/1435604042",
        "tags": {
          "waterway": "drain"
        }
      },
      {
        "area_m2": 150.075,
        "compactness": 0.079443,
        "excluded": true,
        "long_side_m": 75.063,
        "reason": "explicit river/canal/stream/drain tag",
        "rectangularity": 0.926022,
        "source": "way/1435604043",
        "tags": {
          "name": "充館圳充公支線茅埔分線",
          "waterway": "drain"
        }
      },
      {
        "area_m2": 20.082,
        "compactness": 0.435139,
        "excluded": true,
        "long_side_m": 10.041,
        "reason": "explicit river/canal/stream/drain tag",
        "rectangularity": 1.0,
        "source": "way/1435604044",
        "tags": {
          "layer": "-1",
          "name": "充館圳充公支線茅埔分線",
          "tunnel": "culvert",
          "waterway": "drain"
        }
      },
      {
        "area_m2": 221.762,
        "compactness": 0.286036,
        "excluded": true,
        "long_side_m": 44.42,
        "reason": "explicit river/canal/stream/drain tag",
        "rectangularity": 0.944416,
        "source": "way/1435604045",
        "tags": {
          "waterway": "canal"
        }
      },
      {
        "area_m2": 55.649,
        "compactness": 0.671968,
        "excluded": true,
        "long_side_m": 11.13,
        "reason": "explicit river/canal/stream/drain tag",
        "rectangularity": 1.0,
        "source": "way/1435604046",
        "tags": {
          "layer": "-1",
          "tunnel": "culvert",
          "waterway": "canal"
        }
      },
      {
        "area_m2": 70.74,
        "compactness": 0.606134,
        "excluded": true,
        "long_side_m": 14.204,
        "reason": "explicit river/canal/stream/drain tag",
        "rectangularity": 0.980387,
        "source": "way/1435604047",
        "tags": {
          "waterway": "canal"
        }
      },
      {
        "area_m2": 57.927,
        "compactness": 0.661574,
        "excluded": true,
        "long_side_m": 11.585,
        "reason": "explicit river/canal/stream/drain tag",
        "rectangularity": 1.0,
        "source": "way/1435604048",
        "tags": {
          "layer": "-1",
          "tunnel": "culvert",
          "waterway": "canal"
        }
      },
      {
        "area_m2": 65.633,
        "compactness": 0.627539,
        "excluded": true,
        "long_side_m": 13.127,
        "reason": "explicit river/canal/stream/drain tag",
        "rectangularity": 1.0,
        "source": "way/1435604049",
        "tags": {
          "waterway": "canal"
        }
      },
      {
        "area_m2": 55.735,
        "compactness": 0.671576,
        "excluded": true,
        "long_side_m": 11.147,
        "reason": "explicit river/canal/stream/drain tag",
        "rectangularity": 1.0,
        "source": "way/1435604050",
        "tags": {
          "layer": "-1",
          "tunnel": "culvert",
          "waterway": "canal"
        }
      },
      {
        "area_m2": 70.272,
        "compactness": 0.608054,
        "excluded": true,
        "long_side_m": 14.054,
        "reason": "explicit river/canal/stream/drain tag",
        "rectangularity": 1.0,
        "source": "way/1435604051",
        "tags": {
          "waterway": "canal"
        }
      },
      {
        "area_m2": 55.721,
        "compactness": 0.671641,
        "excluded": true,
        "long_side_m": 11.144,
        "reason": "explicit river/canal/stream/drain tag",
        "rectangularity": 1.0,
        "source": "way/1435604052",
        "tags": {
          "layer": "-1",
          "tunnel": "culvert",
          "waterway": "canal"
        }
      },
      {
        "area_m2": 267.121,
        "compactness": 0.045666,
        "excluded": true,
        "long_side_m": 133.561,
        "reason": "explicit river/canal/stream/drain tag",
        "rectangularity": 0.9992,
        "source": "way/1435604053",
        "tags": {
          "waterway": "drain"
        }
      },
      {
        "area_m2": 22.023,
        "compactness": 0.408669,
        "excluded": true,
        "long_side_m": 11.011,
        "reason": "explicit river/canal/stream/drain tag",
        "rectangularity": 1.0,
        "source": "way/1435604054",
        "tags": {
          "layer": "-1",
          "tunnel": "culvert",
          "waterway": "drain"
        }
      },
      {
        "area_m2": 27.535,
        "compactness": 0.347941,
        "excluded": true,
        "long_side_m": 13.768,
        "reason": "explicit river/canal/stream/drain tag",
        "rectangularity": 1.0,
        "source": "way/1435604055",
        "tags": {
          "waterway": "drain"
        }
      },
      {
        "area_m2": 22.023,
        "compactness": 0.408669,
        "excluded": true,
        "long_side_m": 11.011,
        "reason": "explicit river/canal/stream/drain tag",
        "rectangularity": 1.0,
        "source": "way/1435604056",
        "tags": {
          "layer": "-1",
          "tunnel": "culvert",
          "waterway": "drain"
        }
      },
      {
        "area_m2": 245.979,
        "compactness": 0.049465,
        "excluded": true,
        "long_side_m": 123.068,
        "reason": "explicit river/canal/stream/drain tag",
        "rectangularity": 0.765977,
        "source": "way/1435604057",
        "tags": {
          "name": "壯西九輪中排",
          "waterway": "drain"
        }
      },
      {
        "area_m2": 16.581,
        "compactness": 0.491913,
        "excluded": true,
        "long_side_m": 8.29,
        "reason": "explicit river/canal/stream/drain tag",
        "rectangularity": 1.0,
        "source": "way/1435604058",
        "tags": {
          "layer": "-1",
          "name": "壯西九輪中排",
          "tunnel": "culvert",
          "waterway": "drain"
        }
      },
      {
        "area_m2": 24.875,
        "compactness": 0.374914,
        "excluded": true,
        "long_side_m": 12.437,
        "reason": "explicit river/canal/stream/drain tag",
        "rectangularity": 1.0,
        "source": "way/1435604059",
        "tags": {
          "layer": "-1",
          "tunnel": "culvert",
          "waterway": "drain"
        }
      },
      {
        "area_m2": 1113.335,
        "compactness": 0.06748,
        "excluded": true,
        "long_side_m": 222.667,
        "reason": "explicit river/canal/stream/drain tag",
        "rectangularity": 1.0,
        "source": "way/1435604060",
        "tags": {
          "waterway": "canal"
        }
      },
      {
        "area_m2": 55.214,
        "compactness": 0.673967,
        "excluded": true,
        "long_side_m": 11.043,
        "reason": "explicit river/canal/stream/drain tag",
        "rectangularity": 1.0,
        "source": "way/1435604061",
        "tags": {
          "layer": "-1",
          "tunnel": "culvert",
          "waterway": "canal"
        }
      },
      {
        "area_m2": 349.448,
        "compactness": 0.195745,
        "excluded": true,
        "long_side_m": 69.908,
        "reason": "explicit river/canal/stream/drain tag",
        "rectangularity": 0.993478,
        "source": "way/1435604062",
        "tags": {
          "waterway": "canal"
        }
      },
      {
        "area_m2": 55.213,
        "compactness": 0.673972,
        "excluded": true,
        "long_side_m": 11.043,
        "reason": "explicit river/canal/stream/drain tag",
        "rectangularity": 1.0,
        "source": "way/1435604063",
        "tags": {
          "layer": "-1",
          "tunnel": "culvert",
          "waterway": "canal"
        }
      },
      {
        "area_m2": 221.318,
        "compactness": 0.054782,
        "excluded": true,
        "long_side_m": 110.663,
        "reason": "explicit river/canal/stream/drain tag",
        "rectangularity": 0.945741,
        "source": "way/1435604064",
        "tags": {
          "waterway": "drain"
        }
      },
      {
        "area_m2": 22.064,
        "compactness": 0.408141,
        "excluded": true,
        "long_side_m": 11.032,
        "reason": "explicit river/canal/stream/drain tag",
        "rectangularity": 1.0,
        "source": "way/1435604065",
        "tags": {
          "layer": "-1",
          "tunnel": "culvert",
          "waterway": "drain"
        }
      },
      {
        "area_m2": 1.098,
        "compactness": 0.531027,
        "excluded": true,
        "long_side_m": 2.0,
        "reason": "explicit river/canal/stream/drain tag",
        "rectangularity": 1.0,
        "source": "way/1435604066",
        "tags": {
          "name": "淇武蘭三中排",
          "waterway": "drain"
        }
      },
      {
        "area_m2": 12.136,
        "compactness": 0.585717,
        "excluded": true,
        "long_side_m": 6.068,
        "reason": "explicit river/canal/stream/drain tag",
        "rectangularity": 1.0,
        "source": "way/1435604067",
        "tags": {
          "layer": "-1",
          "name": "淇武蘭三中排",
          "tunnel": "culvert",
          "waterway": "drain"
        }
      },
      {
        "area_m2": 3711.339,
        "compactness": 0.02088,
        "excluded": true,
        "long_side_m": 610.843,
        "reason": "explicit river/canal/stream/drain tag",
        "rectangularity": 0.099037,
        "source": "way/1435604068",
        "tags": {
          "alt_name": "淇武蘭土圍中排",
          "name": "塭底排水",
          "waterway": "canal"
        }
      },
      {
        "area_m2": 35.461,
        "compactness": 0.761886,
        "excluded": true,
        "long_side_m": 7.092,
        "reason": "explicit river/canal/stream/drain tag",
        "rectangularity": 1.0,
        "source": "way/1435604069",
        "tags": {
          "alt_name": "淇武蘭土圍中排",
          "layer": "-1",
          "name": "塭底排水",
          "tunnel": "culvert",
          "waterway": "canal"
        }
      },
      {
        "area_m2": 970.736,
        "compactness": 0.012839,
        "excluded": true,
        "long_side_m": 485.449,
        "reason": "explicit river/canal/stream/drain tag",
        "rectangularity": 0.696484,
        "source": "way/1435604088",
        "tags": {
          "name": "充館圳充公支線茅埔分線",
          "waterway": "drain"
        }
      },
      {
        "area_m2": 18.729,
        "compactness": 0.455576,
        "excluded": true,
        "long_side_m": 9.365,
        "reason": "explicit river/canal/stream/drain tag",
        "rectangularity": 1.0,
        "source": "way/1435604089",
        "tags": {
          "layer": "-1",
          "name": "充館圳充公支線茅埔分線",
          "tunnel": "culvert",
          "waterway": "drain"
        }
      },
      {
        "area_m2": 16.627,
        "compactness": 0.491081,
        "excluded": true,
        "long_side_m": 8.313,
        "reason": "explicit river/canal/stream/drain tag",
        "rectangularity": 1.0,
        "source": "way/1435604090",
        "tags": {
          "layer": "-1",
          "tunnel": "culvert",
          "waterway": "drain"
        }
      },
      {
        "area_m2": 1.112,
        "compactness": 0.534664,
        "excluded": true,
        "long_side_m": 2.0,
        "reason": "explicit river/canal/stream/drain tag",
        "rectangularity": 1.0,
        "source": "way/1435604091",
        "tags": {
          "waterway": "drain"
        }
      },
      {
        "area_m2": 1.105,
        "compactness": 0.532737,
        "excluded": true,
        "long_side_m": 2.0,
        "reason": "explicit river/canal/stream/drain tag",
        "rectangularity": 1.0,
        "source": "way/1435604092",
        "tags": {
          "name": "淇武蘭二中排",
          "waterway": "drain"
        }
      },
      {
        "area_m2": 18.118,
        "compactness": 0.465409,
        "excluded": true,
        "long_side_m": 9.059,
        "reason": "explicit river/canal/stream/drain tag",
        "rectangularity": 1.0,
        "source": "way/1435604093",
        "tags": {
          "layer": "-1",
          "name": "淇武蘭二中排",
          "tunnel": "culvert",
          "waterway": "drain"
        }
      },
      {
        "area_m2": 11.946,
        "compactness": 0.590375,
        "excluded": true,
        "long_side_m": 5.973,
        "reason": "explicit river/canal/stream/drain tag",
        "rectangularity": 1.0,
        "source": "way/1435604094",
        "tags": {
          "layer": "-1",
          "name": "茅埔排水",
          "tunnel": "culvert",
          "waterway": "drain"
        }
      },
      {
        "area_m2": 1.109,
        "compactness": 0.533824,
        "excluded": true,
        "long_side_m": 2.0,
        "reason": "explicit river/canal/stream/drain tag",
        "rectangularity": 1.0,
        "source": "way/1435604095",
        "tags": {
          "name": "茅埔排水",
          "waterway": "drain"
        }
      },
      {
        "area_m2": 98.182,
        "compactness": 0.118167,
        "excluded": true,
        "long_side_m": 49.091,
        "reason": "explicit river/canal/stream/drain tag",
        "rectangularity": 1.0,
        "source": "way/1435604503",
        "tags": {
          "waterway": "drain"
        }
      },
      {
        "area_m2": 22.09,
        "compactness": 0.407816,
        "excluded": true,
        "long_side_m": 11.045,
        "reason": "explicit river/canal/stream/drain tag",
        "rectangularity": 1.0,
        "source": "way/1435604504",
        "tags": {
          "layer": "-1",
          "tunnel": "culvert",
          "waterway": "drain"
        }
      },
      {
        "area_m2": 119.803,
        "compactness": 0.098223,
        "excluded": true,
        "long_side_m": 59.902,
        "reason": "explicit river/canal/stream/drain tag",
        "rectangularity": 1.0,
        "source": "way/1435604505",
        "tags": {
          "waterway": "drain"
        }
      },
      {
        "area_m2": 20.041,
        "compactness": 0.435732,
        "excluded": true,
        "long_side_m": 10.021,
        "reason": "explicit river/canal/stream/drain tag",
        "rectangularity": 1.0,
        "source": "way/1435604506",
        "tags": {
          "layer": "-1",
          "tunnel": "culvert",
          "waterway": "drain"
        }
      },
      {
        "area_m2": 327.634,
        "compactness": 0.037435,
        "excluded": true,
        "long_side_m": 163.754,
        "reason": "explicit river/canal/stream/drain tag",
        "rectangularity": 0.426581,
        "source": "way/1435604519",
        "tags": {
          "name": "壯東A-1中排",
          "waterway": "drain"
        }
      },
      {
        "area_m2": 16.201,
        "compactness": 0.498893,
        "excluded": true,
        "long_side_m": 8.1,
        "reason": "explicit river/canal/stream/drain tag",
        "rectangularity": 1.0,
        "source": "way/1435604520",
        "tags": {
          "layer": "-1",
          "name": "壯東A-1中排",
          "tunnel": "culvert",
          "waterway": "drain"
        }
      },
      {
        "area_m2": 1.107,
        "compactness": 0.533489,
        "excluded": true,
        "long_side_m": 2.0,
        "reason": "explicit river/canal/stream/drain tag",
        "rectangularity": 1.0,
        "source": "way/1435604523",
        "tags": {
          "waterway": "drain"
        }
      },
      {
        "area_m2": 13.527,
        "compactness": 0.553349,
        "excluded": true,
        "long_side_m": 6.763,
        "reason": "explicit river/canal/stream/drain tag",
        "rectangularity": 1.0,
        "source": "way/1435604524",
        "tags": {
          "layer": "-1",
          "tunnel": "culvert",
          "waterway": "drain"
        }
      },
      {
        "area_m2": 323.989,
        "compactness": 0.037846,
        "excluded": true,
        "long_side_m": 162.068,
        "reason": "explicit river/canal/stream/drain tag",
        "rectangularity": 0.750197,
        "source": "way/1435604525",
        "tags": {
          "waterway": "drain"
        }
      },
      {
        "area_m2": 322.945,
        "compactness": 0.037966,
        "excluded": true,
        "long_side_m": 161.269,
        "reason": "explicit river/canal/stream/drain tag",
        "rectangularity": 0.378912,
        "source": "way/1435604558",
        "tags": {
          "name": "壯東A-5中排",
          "waterway": "drain"
        }
      },
      {
        "area_m2": 19.172,
        "compactness": 0.448696,
        "excluded": true,
        "long_side_m": 9.586,
        "reason": "explicit river/canal/stream/drain tag",
        "rectangularity": 1.0,
        "source": "way/1435604559",
        "tags": {
          "layer": "-1",
          "name": "壯東A-5中排",
          "tunnel": "culvert",
          "waterway": "drain"
        }
      },
      {
        "area_m2": 240.362,
        "compactness": 0.050583,
        "excluded": true,
        "long_side_m": 117.329,
        "reason": "explicit river/canal/stream/drain tag",
        "rectangularity": 0.131048,
        "source": "way/1435604560",
        "tags": {
          "name": "壯東A-1中排",
          "waterway": "drain"
        }
      },
      {
        "area_m2": 11.665,
        "compactness": 0.597353,
        "excluded": true,
        "long_side_m": 5.833,
        "reason": "explicit river/canal/stream/drain tag",
        "rectangularity": 1.0,
        "source": "way/1435604561",
        "tags": {
          "layer": "-1",
          "name": "壯東A-1中排",
          "tunnel": "culvert",
          "waterway": "drain"
        }
      },
      {
        "area_m2": 248.545,
        "compactness": 0.048971,
        "excluded": true,
        "long_side_m": 124.273,
        "reason": "explicit river/canal/stream/drain tag",
        "rectangularity": 1.0,
        "source": "way/1435604562",
        "tags": {
          "name": "壯東A-1中排",
          "waterway": "drain"
        }
      },
      {
        "area_m2": 19.346,
        "compactness": 0.446049,
        "excluded": true,
        "long_side_m": 9.673,
        "reason": "explicit river/canal/stream/drain tag",
        "rectangularity": 1.0,
        "source": "way/1435604563",
        "tags": {
          "layer": "-1",
          "name": "壯東A-1中排",
          "tunnel": "culvert",
          "waterway": "drain"
        }
      },
      {
        "area_m2": 256.268,
        "compactness": 0.04754,
        "excluded": true,
        "long_side_m": 128.134,
        "reason": "explicit river/canal/stream/drain tag",
        "rectangularity": 1.0,
        "source": "way/1435604572",
        "tags": {
          "name": "壯東A-3中排",
          "waterway": "drain"
        }
      },
      {
        "area_m2": 14.313,
        "compactness": 0.536327,
        "excluded": true,
        "long_side_m": 7.156,
        "reason": "explicit river/canal/stream/drain tag",
        "rectangularity": 1.0,
        "source": "way/1435604573",
        "tags": {
          "layer": "-1",
          "name": "壯東A-3中排",
          "tunnel": "culvert",
          "waterway": "drain"
        }
      },
      {
        "area_m2": 535.767,
        "compactness": 0.023109,
        "excluded": true,
        "long_side_m": 259.593,
        "reason": "explicit river/canal/stream/drain tag",
        "rectangularity": 0.195714,
        "source": "way/1435604576",
        "tags": {
          "waterway": "drain"
        }
      },
      {
        "area_m2": 20.553,
        "compactness": 0.42843,
        "excluded": true,
        "long_side_m": 10.276,
        "reason": "explicit river/canal/stream/drain tag",
        "rectangularity": 1.0,
        "source": "way/1435604577",
        "tags": {
          "layer": "-1",
          "tunnel": "culvert",
          "waterway": "drain"
        }
      },
      {
        "area_m2": 294.343,
        "compactness": 0.041556,
        "excluded": true,
        "long_side_m": 137.985,
        "reason": "explicit river/canal/stream/drain tag",
        "rectangularity": 0.121721,
        "source": "way/1435604578",
        "tags": {
          "waterway": "drain"
        }
      },
      {
        "area_m2": 27.133,
        "compactness": 0.35178,
        "excluded": true,
        "long_side_m": 13.566,
        "reason": "explicit river/canal/stream/drain tag",
        "rectangularity": 1.0,
        "source": "way/1435604579",
        "tags": {
          "layer": "-1",
          "tunnel": "culvert",
          "waterway": "drain"
        }
      },
      {
        "area_m2": 119.346,
        "compactness": 0.098575,
        "excluded": true,
        "long_side_m": 59.997,
        "reason": "explicit river/canal/stream/drain tag",
        "rectangularity": 0.93251,
        "source": "way/1435604580",
        "tags": {
          "waterway": "drain"
        }
      },
      {
        "area_m2": 369.906,
        "compactness": 0.033249,
        "excluded": true,
        "long_side_m": 184.955,
        "reason": "explicit river/canal/stream/drain tag",
        "rectangularity": 0.96677,
        "source": "way/1435604586",
        "tags": {
          "name": "壯東A-2中排",
          "waterway": "drain"
        }
      },
      {
        "area_m2": 15.634,
        "compactness": 0.509637,
        "excluded": true,
        "long_side_m": 7.817,
        "reason": "explicit river/canal/stream/drain tag",
        "rectangularity": 1.0,
        "source": "way/1435604587",
        "tags": {
          "layer": "-1",
          "name": "壯東A-2中排",
          "tunnel": "culvert",
          "waterway": "drain"
        }
      },
      {
        "area_m2": 13.999,
        "compactness": 0.543005,
        "excluded": true,
        "long_side_m": 7.0,
        "reason": "explicit river/canal/stream/drain tag",
        "rectangularity": 1.0,
        "source": "way/1435604588",
        "tags": {
          "layer": "-1",
          "name": "壯東A-2中排",
          "tunnel": "culvert",
          "waterway": "drain"
        }
      },
      {
        "area_m2": 383.494,
        "compactness": 0.032095,
        "excluded": true,
        "long_side_m": 191.783,
        "reason": "explicit river/canal/stream/drain tag",
        "rectangularity": 0.982279,
        "source": "way/1435604593",
        "tags": {
          "name": "淇武蘭五中排",
          "waterway": "drain"
        }
      },
      {
        "area_m2": 975.75,
        "compactness": 0.012774,
        "excluded": true,
        "long_side_m": 487.899,
        "reason": "explicit river/canal/stream/drain tag",
        "rectangularity": 0.993497,
        "source": "way/1435604599",
        "tags": {
          "name": "淇武蘭十四中排14-1小排",
          "waterway": "drain"
        }
      },
      {
        "area_m2": 1605.74,
        "compactness": 0.047424,
        "excluded": true,
        "long_side_m": 321.149,
        "reason": "explicit river/canal/stream/drain tag",
        "rectangularity": 0.999684,
        "source": "way/1435604602",
        "tags": {
          "name": "壯西三輪中排",
          "waterway": "canal"
        }
      },
      {
        "area_m2": 50.021,
        "compactness": 0.698033,
        "excluded": true,
        "long_side_m": 10.004,
        "reason": "explicit river/canal/stream/drain tag",
        "rectangularity": 1.0,
        "source": "way/1435604603",
        "tags": {
          "layer": "-1",
          "name": "壯西三輪中排",
          "tunnel": "culvert",
          "waterway": "canal"
        }
      },
      {
        "area_m2": 10.765,
        "compactness": 0.620529,
        "excluded": true,
        "long_side_m": 5.382,
        "reason": "explicit river/canal/stream/drain tag",
        "rectangularity": 1.0,
        "source": "way/1435604607",
        "tags": {
          "layer": "-1",
          "tunnel": "culvert",
          "waterway": "drain"
        }
      },
      {
        "area_m2": 343.381,
        "compactness": 0.035758,
        "excluded": true,
        "long_side_m": 171.694,
        "reason": "explicit river/canal/stream/drain tag",
        "rectangularity": 0.935098,
        "source": "way/1466061222",
        "tags": {
          "name": "溪洲圳宜壯新福支線B-6分線",
          "waterway": "drain"
        }
      },
      {
        "area_m2": 73.464,
        "compactness": 0.153846,
        "excluded": true,
        "long_side_m": 36.732,
        "reason": "explicit river/canal/stream/drain tag",
        "rectangularity": 1.0,
        "source": "way/1466061224",
        "tags": {
          "name": "溪洲圳宜壯新福支線B-6分線",
          "waterway": "drain"
        }
      },
      {
        "area_m2": 69.855,
        "compactness": 0.160934,
        "excluded": true,
        "long_side_m": 34.928,
        "reason": "explicit river/canal/stream/drain tag",
        "rectangularity": 0.999257,
        "source": "way/1466061225",
        "tags": {
          "layer": "-1",
          "name": "溪洲圳宜壯新福支線B-6分線",
          "tunnel": "culvert",
          "waterway": "drain"
        }
      },
      {
        "area_m2": 1347.567,
        "compactness": 0.056179,
        "excluded": true,
        "long_side_m": 269.528,
        "reason": "explicit river/canal/stream/drain tag",
        "rectangularity": 0.931922,
        "source": "way/1479104790",
        "tags": {
          "name": "宜壯新福B7中排",
          "waterway": "canal"
        }
      },
      {
        "area_m2": 59.221,
        "compactness": 0.655729,
        "excluded": true,
        "long_side_m": 11.844,
        "reason": "explicit river/canal/stream/drain tag",
        "rectangularity": 1.0,
        "source": "way/1479104791",
        "tags": {
          "layer": "-1",
          "name": "宜壯新福B7中排",
          "tunnel": "culvert",
          "waterway": "canal"
        }
      },
      {
        "area_m2": 653.687,
        "compactness": 0.11146,
        "excluded": true,
        "long_side_m": 130.737,
        "reason": "explicit river/canal/stream/drain tag",
        "rectangularity": 1.0,
        "source": "way/1479104792",
        "tags": {
          "name": "宜壯新福B7中排",
          "waterway": "canal"
        }
      },
      {
        "area_m2": 51.011,
        "compactness": 0.693429,
        "excluded": true,
        "long_side_m": 10.202,
        "reason": "explicit river/canal/stream/drain tag",
        "rectangularity": 1.0,
        "source": "way/1479104793",
        "tags": {
          "layer": "-1",
          "name": "宜壯新福B7中排",
          "tunnel": "culvert",
          "waterway": "canal"
        }
      },
      {
        "area_m2": 789.552,
        "compactness": 0.093462,
        "excluded": true,
        "long_side_m": 157.91,
        "reason": "explicit river/canal/stream/drain tag",
        "rectangularity": 1.0,
        "source": "way/1479104803",
        "tags": {
          "name": "舊港排水",
          "waterway": "canal"
        }
      },
      {
        "area_m2": 55.237,
        "compactness": 0.673861,
        "excluded": true,
        "long_side_m": 11.047,
        "reason": "explicit river/canal/stream/drain tag",
        "rectangularity": 1.0,
        "source": "way/1479104804",
        "tags": {
          "layer": "-1",
          "name": "舊港排水",
          "tunnel": "culvert",
          "waterway": "canal"
        }
      },
      {
        "area_m2": 29.268,
        "compactness": 0.332312,
        "excluded": true,
        "long_side_m": 14.634,
        "reason": "explicit river/canal/stream/drain tag",
        "rectangularity": 1.0,
        "source": "way/1479104807",
        "tags": {
          "layer": "-1",
          "name": "宜壯中興A10中排",
          "tunnel": "culvert",
          "waterway": "drain"
        }
      },
      {
        "area_m2": 6.777,
        "compactness": 0.733251,
        "excluded": true,
        "long_side_m": 3.388,
        "reason": "explicit river/canal/stream/drain tag",
        "rectangularity": 1.0,
        "source": "way/1479104808",
        "tags": {
          "name": "宜壯中興A10中排",
          "waterway": "drain"
        }
      },
      {
        "area_m2": 1080.616,
        "compactness": 0.011543,
        "excluded": true,
        "long_side_m": 540.429,
        "reason": "explicit river/canal/stream/drain tag",
        "rectangularity": 0.638287,
        "source": "way/1479104809",
        "tags": {
          "name": "宜壯中興A10中排",
          "waterway": "drain"
        }
      },
      {
        "area_m2": 22.003,
        "compactness": 0.408927,
        "excluded": true,
        "long_side_m": 11.001,
        "reason": "explicit river/canal/stream/drain tag",
        "rectangularity": 1.0,
        "source": "way/1479104810",
        "tags": {
          "layer": "-1",
          "name": "宜壯中興A10中排",
          "tunnel": "culvert",
          "waterway": "drain"
        }
      },
      {
        "area_m2": 702.25,
        "compactness": 0.017692,
        "excluded": true,
        "long_side_m": 341.571,
        "reason": "explicit river/canal/stream/drain tag",
        "rectangularity": 0.11494,
        "source": "way/1479104811",
        "tags": {
          "name": "宜壯中興A10中排",
          "waterway": "drain"
        }
      },
      {
        "area_m2": 18.964,
        "compactness": 0.451895,
        "excluded": true,
        "long_side_m": 9.482,
        "reason": "explicit river/canal/stream/drain tag",
        "rectangularity": 1.0,
        "source": "way/1479104812",
        "tags": {
          "layer": "-1",
          "name": "宜壯中興A10中排",
          "tunnel": "culvert",
          "waterway": "drain"
        }
      },
      {
        "area_m2": 42.913,
        "compactness": 0.730755,
        "excluded": true,
        "long_side_m": 8.583,
        "reason": "explicit river/canal/stream/drain tag",
        "rectangularity": 1.0,
        "source": "way/1479104815",
        "tags": {
          "layer": "-1",
          "tunnel": "culvert",
          "waterway": "canal"
        }
      },
      {
        "area_m2": 5.27,
        "compactness": 0.451749,
        "excluded": true,
        "long_side_m": 5.0,
        "reason": "explicit river/canal/stream/drain tag",
        "rectangularity": 1.0,
        "source": "way/1479104816",
        "tags": {
          "waterway": "canal"
        }
      },
      {
        "area_m2": 73.872,
        "compactness": 0.593504,
        "excluded": true,
        "long_side_m": 14.774,
        "reason": "explicit river/canal/stream/drain tag",
        "rectangularity": 1.0,
        "source": "way/1479104817",
        "tags": {
          "waterway": "canal"
        }
      },
      {
        "area_m2": 46.548,
        "compactness": 0.714159,
        "excluded": true,
        "long_side_m": 9.31,
        "reason": "explicit river/canal/stream/drain tag",
        "rectangularity": 1.0,
        "source": "way/1479104818",
        "tags": {
          "layer": "-1",
          "tunnel": "culvert",
          "waterway": "canal"
        }
      },
      {
        "area_m2": 1431.908,
        "compactness": 0.052983,
        "excluded": true,
        "long_side_m": 286.243,
        "reason": "explicit river/canal/stream/drain tag",
        "rectangularity": 0.426868,
        "source": "way/1479104819",
        "tags": {
          "waterway": "canal"
        }
      },
      {
        "area_m2": 72.255,
        "compactness": 0.599978,
        "excluded": true,
        "long_side_m": 14.451,
        "reason": "explicit river/canal/stream/drain tag",
        "rectangularity": 1.0,
        "source": "way/1479104820",
        "tags": {
          "layer": "-1",
          "tunnel": "culvert",
          "waterway": "canal"
        }
      },
      {
        "area_m2": 935.565,
        "compactness": 0.079636,
        "excluded": true,
        "long_side_m": 163.031,
        "reason": "explicit river/canal/stream/drain tag",
        "rectangularity": 0.128608,
        "source": "way/1479104821",
        "tags": {
          "waterway": "canal"
        }
      },
      {
        "area_m2": 70.602,
        "compactness": 0.606698,
        "excluded": true,
        "long_side_m": 14.12,
        "reason": "explicit river/canal/stream/drain tag",
        "rectangularity": 1.0,
        "source": "way/1479104822",
        "tags": {
          "layer": "-1",
          "tunnel": "culvert",
          "waterway": "canal"
        }
      },
      {
        "area_m2": 1602.225,
        "compactness": 0.047525,
        "excluded": true,
        "long_side_m": 319.429,
        "reason": "explicit river/canal/stream/drain tag",
        "rectangularity": 0.257946,
        "source": "way/1479104823",
        "tags": {
          "waterway": "canal"
        }
      },
      {
        "area_m2": 55.127,
        "compactness": 0.674368,
        "excluded": true,
        "long_side_m": 11.025,
        "reason": "explicit river/canal/stream/drain tag",
        "rectangularity": 1.0,
        "source": "way/1479104824",
        "tags": {
          "layer": "-1",
          "tunnel": "culvert",
          "waterway": "canal"
        }
      },
      {
        "area_m2": 611.322,
        "compactness": 0.118578,
        "excluded": true,
        "long_side_m": 122.539,
        "reason": "explicit river/canal/stream/drain tag",
        "rectangularity": 0.81223,
        "source": "way/1479104825",
        "tags": {
          "waterway": "canal"
        }
      },
      {
        "area_m2": 55.83,
        "compactness": 0.671139,
        "excluded": true,
        "long_side_m": 11.166,
        "reason": "explicit river/canal/stream/drain tag",
        "rectangularity": 1.0,
        "source": "way/1479104826",
        "tags": {
          "layer": "-1",
          "tunnel": "culvert",
          "waterway": "canal"
        }
      },
      {
        "area_m2": 150.199,
        "compactness": 0.384321,
        "excluded": true,
        "long_side_m": 30.04,
        "reason": "explicit river/canal/stream/drain tag",
        "rectangularity": 1.0,
        "source": "way/1479104827",
        "tags": {
          "waterway": "canal"
        }
      },
      {
        "area_m2": 55.554,
        "compactness": 0.672405,
        "excluded": true,
        "long_side_m": 11.111,
        "reason": "explicit river/canal/stream/drain tag",
        "rectangularity": 1.0,
        "source": "way/1479104828",
        "tags": {
          "layer": "-1",
          "tunnel": "culvert",
          "waterway": "canal"
        }
      },
      {
        "area_m2": 1694.177,
        "compactness": 0.04502,
        "excluded": true,
        "long_side_m": 338.241,
        "reason": "explicit river/canal/stream/drain tag",
        "rectangularity": 0.308942,
        "source": "way/1479104829",
        "tags": {
          "name": "舊港排水",
          "waterway": "canal"
        }
      },
      {
        "area_m2": 58.474,
        "compactness": 0.659098,
        "excluded": true,
        "long_side_m": 11.695,
        "reason": "explicit river/canal/stream/drain tag",
        "rectangularity": 1.0,
        "source": "way/1479104830",
        "tags": {
          "layer": "-1",
          "name": "舊港排水",
          "tunnel": "culvert",
          "waterway": "canal"
        }
      },
      {
        "area_m2": 2.759,
        "compactness": 0.281238,
        "excluded": true,
        "long_side_m": 5.0,
        "reason": "explicit river/canal/stream/drain tag",
        "rectangularity": 1.0,
        "source": "way/1479104831",
        "tags": {
          "waterway": "canal"
        }
      },
      {
        "area_m2": 24.047,
        "compactness": 0.384147,
        "excluded": true,
        "long_side_m": 12.024,
        "reason": "explicit river/canal/stream/drain tag",
        "rectangularity": 1.0,
        "source": "way/1479104832",
        "tags": {
          "layer": "-1",
          "name": "三鬮圳新興支線A16分線",
          "tunnel": "culvert",
          "waterway": "drain"
        }
      },
      {
        "area_m2": 2.586,
        "compactness": 0.749198,
        "excluded": true,
        "long_side_m": 2.0,
        "reason": "explicit river/canal/stream/drain tag",
        "rectangularity": 1.0,
        "source": "way/1479104833",
        "tags": {
          "name": "三鬮圳新興支線A16分線",
          "waterway": "drain"
        }
      },
      {
        "area_m2": 42.525,
        "compactness": 0.246878,
        "excluded": true,
        "long_side_m": 18.226,
        "reason": "explicit river/canal/stream/drain tag",
        "rectangularity": 0.454319,
        "source": "way/1479104834",
        "tags": {
          "name": "三鬮圳新興支線A16分線",
          "waterway": "drain"
        }
      },
      {
        "area_m2": 17.59,
        "compactness": 0.474208,
        "excluded": true,
        "long_side_m": 8.795,
        "reason": "explicit river/canal/stream/drain tag",
        "rectangularity": 1.0,
        "source": "way/1479104835",
        "tags": {
          "layer": "-1",
          "name": "三鬮圳新興支線A16分線",
          "tunnel": "culvert",
          "waterway": "drain"
        }
      },
      {
        "area_m2": 67.671,
        "compactness": 0.165549,
        "excluded": true,
        "long_side_m": 33.835,
        "reason": "explicit river/canal/stream/drain tag",
        "rectangularity": 1.0,
        "source": "way/1479104836",
        "tags": {
          "name": "三鬮圳新興支線A16分線",
          "waterway": "drain"
        }
      },
      {
        "area_m2": 16.913,
        "compactness": 0.485958,
        "excluded": true,
        "long_side_m": 8.456,
        "reason": "explicit river/canal/stream/drain tag",
        "rectangularity": 1.0,
        "source": "way/1479104837",
        "tags": {
          "layer": "-1",
          "name": "三鬮圳新興支線A16分線",
          "tunnel": "culvert",
          "waterway": "drain"
        }
      },
      {
        "area_m2": 529.002,
        "compactness": 0.0234,
        "excluded": true,
        "long_side_m": 264.5,
        "reason": "explicit river/canal/stream/drain tag",
        "rectangularity": 0.488726,
        "source": "way/1479104838",
        "tags": {
          "name": "三鬮圳新興支線A16分線",
          "waterway": "drain"
        }
      },
      {
        "area_m2": 22.866,
        "compactness": 0.3981,
        "excluded": true,
        "long_side_m": 11.433,
        "reason": "explicit river/canal/stream/drain tag",
        "rectangularity": 1.0,
        "source": "way/1479104839",
        "tags": {
          "layer": "-1",
          "name": "三鬮圳新興支線A16分線",
          "tunnel": "culvert",
          "waterway": "drain"
        }
      },
      {
        "area_m2": 200.92,
        "compactness": 0.060126,
        "excluded": true,
        "long_side_m": 100.468,
        "reason": "explicit river/canal/stream/drain tag",
        "rectangularity": 0.95165,
        "source": "way/1479104840",
        "tags": {
          "name": "三鬮圳新興支線A16分線",
          "waterway": "drain"
        }
      },
      {
        "area_m2": 23.328,
        "compactness": 0.392524,
        "excluded": true,
        "long_side_m": 11.664,
        "reason": "explicit river/canal/stream/drain tag",
        "rectangularity": 1.0,
        "source": "way/1479104841",
        "tags": {
          "layer": "-1",
          "name": "三鬮圳新興支線A16分線",
          "tunnel": "culvert",
          "waterway": "drain"
        }
      },
      {
        "area_m2": 44.016,
        "compactness": 0.239911,
        "excluded": true,
        "long_side_m": 22.03,
        "reason": "explicit river/canal/stream/drain tag",
        "rectangularity": 0.950025,
        "source": "way/1479104842",
        "tags": {
          "name": "三鬮圳新興支線A16分線",
          "waterway": "drain"
        }
      },
      {
        "area_m2": 17.808,
        "compactness": 0.470545,
        "excluded": true,
        "long_side_m": 8.904,
        "reason": "explicit river/canal/stream/drain tag",
        "rectangularity": 1.0,
        "source": "way/1479104843",
        "tags": {
          "layer": "-1",
          "name": "三鬮圳新興支線A16分線",
          "tunnel": "culvert",
          "waterway": "drain"
        }
      },
      {
        "area_m2": 683.37,
        "compactness": 0.106961,
        "excluded": true,
        "long_side_m": 136.323,
        "reason": "explicit river/canal/stream/drain tag",
        "rectangularity": 0.402344,
        "source": "way/1479104844",
        "tags": {
          "waterway": "canal"
        }
      },
      {
        "area_m2": 57.368,
        "compactness": 0.664115,
        "excluded": true,
        "long_side_m": 11.474,
        "reason": "explicit river/canal/stream/drain tag",
        "rectangularity": 1.0,
        "source": "way/1479104845",
        "tags": {
          "layer": "-1",
          "tunnel": "culvert",
          "waterway": "canal"
        }
      },
      {
        "area_m2": 291.331,
        "compactness": 0.228662,
        "excluded": true,
        "long_side_m": 58.266,
        "reason": "explicit river/canal/stream/drain tag",
        "rectangularity": 1.0,
        "source": "way/1479104846",
        "tags": {
          "waterway": "canal"
        }
      },
      {
        "area_m2": 42.251,
        "compactness": 0.733719,
        "excluded": true,
        "long_side_m": 8.45,
        "reason": "explicit river/canal/stream/drain tag",
        "rectangularity": 1.0,
        "source": "way/1479104847",
        "tags": {
          "layer": "-1",
          "tunnel": "culvert",
          "waterway": "canal"
        }
      },
      {
        "area_m2": 42.144,
        "compactness": 0.734194,
        "excluded": true,
        "long_side_m": 8.429,
        "reason": "explicit river/canal/stream/drain tag",
        "rectangularity": 1.0,
        "source": "way/1479104848",
        "tags": {
          "waterway": "canal"
        }
      },
      {
        "area_m2": 60.512,
        "compactness": 0.649946,
        "excluded": true,
        "long_side_m": 12.102,
        "reason": "explicit river/canal/stream/drain tag",
        "rectangularity": 1.0,
        "source": "way/1479104849",
        "tags": {
          "layer": "-1",
          "tunnel": "culvert",
          "waterway": "canal"
        }
      },
      {
        "area_m2": 294.285,
        "compactness": 0.041564,
        "excluded": true,
        "long_side_m": 147.143,
        "reason": "explicit river/canal/stream/drain tag",
        "rectangularity": 1.0,
        "source": "way/1479104850",
        "tags": {
          "name": "溪洲圳新南支線B-11分線",
          "waterway": "drain"
        }
      },
      {
        "area_m2": 21.238,
        "compactness": 0.418996,
        "excluded": true,
        "long_side_m": 10.619,
        "reason": "explicit river/canal/stream/drain tag",
        "rectangularity": 1.0,
        "source": "way/1479104851",
        "tags": {
          "layer": "-1",
          "name": "溪洲圳新南支線B-11分線",
          "tunnel": "culvert",
          "waterway": "drain"
        }
      },
      {
        "area_m2": 84.556,
        "compactness": 0.135494,
        "excluded": true,
        "long_side_m": 42.278,
        "reason": "explicit river/canal/stream/drain tag",
        "rectangularity": 1.0,
        "source": "way/1479104852",
        "tags": {
          "name": "溪洲圳新南支線B-11分線",
          "waterway": "drain"
        }
      },
      {
        "area_m2": 22.097,
        "compactness": 0.40772,
        "excluded": true,
        "long_side_m": 11.049,
        "reason": "explicit river/canal/stream/drain tag",
        "rectangularity": 1.0,
        "source": "way/1479104853",
        "tags": {
          "layer": "-1",
          "name": "溪洲圳新南支線B-11分線",
          "tunnel": "culvert",
          "waterway": "drain"
        }
      },
      {
        "area_m2": 287.106,
        "compactness": 0.042575,
        "excluded": true,
        "long_side_m": 143.556,
        "reason": "explicit river/canal/stream/drain tag",
        "rectangularity": 0.515341,
        "source": "way/1479104854",
        "tags": {
          "name": "溪洲圳新南支線B-11分線",
          "waterway": "drain"
        }
      },
      {
        "area_m2": 19.399,
        "compactness": 0.445239,
        "excluded": true,
        "long_side_m": 9.7,
        "reason": "explicit river/canal/stream/drain tag",
        "rectangularity": 1.0,
        "source": "way/1479104855",
        "tags": {
          "layer": "-1",
          "name": "溪洲圳新南支線B-11分線",
          "tunnel": "culvert",
          "waterway": "drain"
        }
      },
      {
        "area_m2": 1628.546,
        "compactness": 0.04678,
        "excluded": true,
        "long_side_m": 324.65,
        "reason": "explicit river/canal/stream/drain tag",
        "rectangularity": 0.320637,
        "source": "way/1479104856",
        "tags": {
          "name": "廍後排水",
          "waterway": "canal"
        }
      },
      {
        "area_m2": 59.822,
        "compactness": 0.653032,
        "excluded": true,
        "long_side_m": 11.964,
        "reason": "explicit river/canal/stream/drain tag",
        "rectangularity": 1.0,
        "source": "way/1479104857",
        "tags": {
          "layer": "-1",
          "name": "廍後排水",
          "tunnel": "culvert",
          "waterway": "canal"
        }
      },
      {
        "area_m2": 118.663,
        "compactness": 0.451559,
        "excluded": true,
        "long_side_m": 23.733,
        "reason": "explicit river/canal/stream/drain tag",
        "rectangularity": 1.0,
        "source": "way/1479104858",
        "tags": {
          "waterway": "canal"
        }
      },
      {
        "area_m2": 55.186,
        "compactness": 0.674097,
        "excluded": true,
        "long_side_m": 11.037,
        "reason": "explicit river/canal/stream/drain tag",
        "rectangularity": 1.0,
        "source": "way/1479104859",
        "tags": {
          "layer": "-1",
          "tunnel": "culvert",
          "waterway": "canal"
        }
      },
      {
        "area_m2": 601.488,
        "compactness": 0.120363,
        "excluded": true,
        "long_side_m": 120.299,
        "reason": "explicit river/canal/stream/drain tag",
        "rectangularity": 0.998696,
        "source": "way/1479104860",
        "tags": {
          "waterway": "canal"
        }
      },
      {
        "area_m2": 55.883,
        "compactness": 0.670894,
        "excluded": true,
        "long_side_m": 11.177,
        "reason": "explicit river/canal/stream/drain tag",
        "rectangularity": 1.0,
        "source": "way/1479104861",
        "tags": {
          "layer": "-1",
          "tunnel": "culvert",
          "waterway": "canal"
        }
      },
      {
        "area_m2": 539.562,
        "compactness": 0.132956,
        "excluded": true,
        "long_side_m": 107.912,
        "reason": "explicit river/canal/stream/drain tag",
        "rectangularity": 1.0,
        "source": "way/1479104862",
        "tags": {
          "waterway": "canal"
        }
      },
      {
        "area_m2": 60.206,
        "compactness": 0.651313,
        "excluded": true,
        "long_side_m": 12.041,
        "reason": "explicit river/canal/stream/drain tag",
        "rectangularity": 1.0,
        "source": "way/1479104863",
        "tags": {
          "layer": "-1",
          "tunnel": "culvert",
          "waterway": "canal"
        }
      },
      {
        "area_m2": 1285.053,
        "compactness": 0.058808,
        "excluded": true,
        "long_side_m": 256.851,
        "reason": "explicit river/canal/stream/drain tag",
        "rectangularity": 0.331827,
        "source": "way/1479104864",
        "tags": {
          "waterway": "canal"
        }
      },
      {
        "area_m2": 42.067,
        "compactness": 0.734537,
        "excluded": true,
        "long_side_m": 8.413,
        "reason": "explicit river/canal/stream/drain tag",
        "rectangularity": 1.0,
        "source": "way/1479104865",
        "tags": {
          "layer": "-1",
          "tunnel": "culvert",
          "waterway": "canal"
        }
      },
      {
        "area_m2": 642.471,
        "compactness": 0.113261,
        "excluded": true,
        "long_side_m": 128.494,
        "reason": "explicit river/canal/stream/drain tag",
        "rectangularity": 1.0,
        "source": "way/1479104866",
        "tags": {
          "waterway": "canal"
        }
      },
      {
        "area_m2": 43.535,
        "compactness": 0.727954,
        "excluded": true,
        "long_side_m": 8.707,
        "reason": "explicit river/canal/stream/drain tag",
        "rectangularity": 1.0,
        "source": "way/1479104867",
        "tags": {
          "layer": "-1",
          "tunnel": "culvert",
          "waterway": "canal"
        }
      },
      {
        "area_m2": 544.701,
        "compactness": 0.131812,
        "excluded": true,
        "long_side_m": 108.94,
        "reason": "explicit river/canal/stream/drain tag",
        "rectangularity": 1.0,
        "source": "way/1479104868",
        "tags": {
          "waterway": "canal"
        }
      },
      {
        "area_m2": 33.221,
        "compactness": 0.769738,
        "excluded": true,
        "long_side_m": 6.644,
        "reason": "explicit river/canal/stream/drain tag",
        "rectangularity": 1.0,
        "source": "way/1479104869",
        "tags": {
          "layer": "-1",
          "tunnel": "culvert",
          "waterway": "canal"
        }
      },
      {
        "area_m2": 508.067,
        "compactness": 0.140426,
        "excluded": true,
        "long_side_m": 101.624,
        "reason": "explicit river/canal/stream/drain tag",
        "rectangularity": 0.999463,
        "source": "way/1479104870",
        "tags": {
          "waterway": "canal"
        }
      },
      {
        "area_m2": 54.104,
        "compactness": 0.679083,
        "excluded": true,
        "long_side_m": 10.821,
        "reason": "explicit river/canal/stream/drain tag",
        "rectangularity": 1.0,
        "source": "way/1479104871",
        "tags": {
          "layer": "-1",
          "tunnel": "culvert",
          "waterway": "canal"
        }
      },
      {
        "area_m2": 678.939,
        "compactness": 0.107609,
        "excluded": true,
        "long_side_m": 135.788,
        "reason": "explicit river/canal/stream/drain tag",
        "rectangularity": 1.0,
        "source": "way/1479104872",
        "tags": {
          "waterway": "canal"
        }
      },
      {
        "area_m2": 56.225,
        "compactness": 0.66933,
        "excluded": true,
        "long_side_m": 11.245,
        "reason": "explicit river/canal/stream/drain tag",
        "rectangularity": 1.0,
        "source": "way/1479104873",
        "tags": {
          "layer": "-1",
          "tunnel": "culvert",
          "waterway": "canal"
        }
      },
      {
        "area_m2": 620.182,
        "compactness": 0.117016,
        "excluded": true,
        "long_side_m": 124.132,
        "reason": "explicit river/canal/stream/drain tag",
        "rectangularity": 0.986867,
        "source": "way/1479104874",
        "tags": {
          "waterway": "canal"
        }
      },
      {
        "area_m2": 39.212,
        "compactness": 0.746923,
        "excluded": true,
        "long_side_m": 7.842,
        "reason": "explicit river/canal/stream/drain tag",
        "rectangularity": 1.0,
        "source": "way/1479104875",
        "tags": {
          "layer": "-1",
          "tunnel": "culvert",
          "waterway": "canal"
        }
      },
      {
        "area_m2": 549.82,
        "compactness": 0.130691,
        "excluded": true,
        "long_side_m": 109.97,
        "reason": "explicit river/canal/stream/drain tag",
        "rectangularity": 0.996893,
        "source": "way/1479104876",
        "tags": {
          "waterway": "canal"
        }
      },
      {
        "area_m2": 47.444,
        "compactness": 0.710015,
        "excluded": true,
        "long_side_m": 9.489,
        "reason": "explicit river/canal/stream/drain tag",
        "rectangularity": 1.0,
        "source": "way/1479104877",
        "tags": {
          "layer": "-1",
          "tunnel": "culvert",
          "waterway": "canal"
        }
      },
      {
        "area_m2": 4.521,
        "compactness": 0.407428,
        "excluded": true,
        "long_side_m": 5.0,
        "reason": "explicit river/canal/stream/drain tag",
        "rectangularity": 1.0,
        "source": "way/1479104878",
        "tags": {
          "waterway": "canal"
        }
      },
      {
        "area_m2": 63.292,
        "compactness": 0.637672,
        "excluded": true,
        "long_side_m": 12.658,
        "reason": "explicit river/canal/stream/drain tag",
        "rectangularity": 1.0,
        "source": "way/1479104879",
        "tags": {
          "layer": "-1",
          "tunnel": "culvert",
          "waterway": "canal"
        }
      },
      {
        "area_m2": 1035.746,
        "compactness": 0.072297,
        "excluded": true,
        "long_side_m": 207.151,
        "reason": "explicit river/canal/stream/drain tag",
        "rectangularity": 0.999557,
        "source": "way/1479104880",
        "tags": {
          "waterway": "canal"
        }
      },
      {
        "area_m2": 60.116,
        "compactness": 0.651717,
        "excluded": true,
        "long_side_m": 12.023,
        "reason": "explicit river/canal/stream/drain tag",
        "rectangularity": 1.0,
        "source": "way/1479104881",
        "tags": {
          "layer": "-1",
          "tunnel": "culvert",
          "waterway": "canal"
        }
      },
      {
        "area_m2": 505.825,
        "compactness": 0.024455,
        "excluded": true,
        "long_side_m": 252.892,
        "reason": "explicit river/canal/stream/drain tag",
        "rectangularity": 0.551448,
        "source": "way/1479104885",
        "tags": {
          "name": "三鬮圳新興支線",
          "waterway": "drain"
        }
      },
      {
        "area_m2": 22.034,
        "compactness": 0.408522,
        "excluded": true,
        "long_side_m": 11.017,
        "reason": "explicit river/canal/stream/drain tag",
        "rectangularity": 1.0,
        "source": "way/1479104886",
        "tags": {
          "layer": "-1",
          "name": "三鬮圳新興支線",
          "tunnel": "culvert",
          "waterway": "drain"
        }
      },
      {
        "area_m2": 755.128,
        "compactness": 0.097449,
        "excluded": true,
        "long_side_m": 151.026,
        "reason": "explicit river/canal/stream/drain tag",
        "rectangularity": 1.0,
        "source": "way/1479104887",
        "tags": {
          "waterway": "canal"
        }
      },
      {
        "area_m2": 55.094,
        "compactness": 0.674519,
        "excluded": true,
        "long_side_m": 11.019,
        "reason": "explicit river/canal/stream/drain tag",
        "rectangularity": 1.0,
        "source": "way/1479104888",
        "tags": {
          "layer": "-1",
          "tunnel": "culvert",
          "waterway": "canal"
        }
      },
      {
        "area_m2": 258.727,
        "compactness": 0.047102,
        "excluded": true,
        "long_side_m": 129.382,
        "reason": "explicit river/canal/stream/drain tag",
        "rectangularity": 0.771525,
        "source": "way/1479104889",
        "tags": {
          "name": "三鬮圳新興支線",
          "waterway": "drain"
        }
      },
      {
        "area_m2": 21.953,
        "compactness": 0.409571,
        "excluded": true,
        "long_side_m": 10.976,
        "reason": "explicit river/canal/stream/drain tag",
        "rectangularity": 1.0,
        "source": "way/1479104890",
        "tags": {
          "layer": "-1",
          "name": "三鬮圳新興支線",
          "tunnel": "culvert",
          "waterway": "drain"
        }
      },
      {
        "area_m2": 646.854,
        "compactness": 0.11255,
        "excluded": true,
        "long_side_m": 129.371,
        "reason": "explicit river/canal/stream/drain tag",
        "rectangularity": 1.0,
        "source": "way/1479104891",
        "tags": {
          "waterway": "canal"
        }
      },
      {
        "area_m2": 55.061,
        "compactness": 0.67467,
        "excluded": true,
        "long_side_m": 11.012,
        "reason": "explicit river/canal/stream/drain tag",
        "rectangularity": 1.0,
        "source": "way/1479104892",
        "tags": {
          "layer": "-1",
          "tunnel": "culvert",
          "waterway": "canal"
        }
      },
      {
        "area_m2": 1534.164,
        "compactness": 0.049565,
        "excluded": true,
        "long_side_m": 306.836,
        "reason": "explicit river/canal/stream/drain tag",
        "rectangularity": 0.999327,
        "source": "way/1479104893",
        "tags": {
          "waterway": "canal"
        }
      },
      {
        "area_m2": 55.625,
        "compactness": 0.672077,
        "excluded": true,
        "long_side_m": 11.125,
        "reason": "explicit river/canal/stream/drain tag",
        "rectangularity": 1.0,
        "source": "way/1479104894",
        "tags": {
          "layer": "-1",
          "tunnel": "culvert",
          "waterway": "canal"
        }
      },
      {
        "area_m2": 614.385,
        "compactness": 0.02019,
        "excluded": true,
        "long_side_m": 307.196,
        "reason": "explicit river/canal/stream/drain tag",
        "rectangularity": 0.881907,
        "source": "way/1479104895",
        "tags": {
          "name": "三鬮圳新興支線",
          "waterway": "drain"
        }
      },
      {
        "area_m2": 22.247,
        "compactness": 0.405809,
        "excluded": true,
        "long_side_m": 11.123,
        "reason": "explicit river/canal/stream/drain tag",
        "rectangularity": 1.0,
        "source": "way/1479104896",
        "tags": {
          "layer": "-1",
          "name": "三鬮圳新興支線",
          "tunnel": "culvert",
          "waterway": "drain"
        }
      }
    ],
    "prompt_evaluation": {
      "basis": "Temporary overlays visually compared by the executing AI lane; no ground-truth quality or completeness metric.",
      "pilots": [],
      "selected_prompt": "pond",
      "tested_prompts": [
        "pond"
      ]
    },
    "public_lineage_projection": {
      "geometry_and_ids_sha256": "efff4ef3197f2ab8213c6cb3155fc15b7637f1c9bdb058e2ddcf9b6590776b32",
      "geometry_and_ids_unchanged": true,
      "local_originals": {
        "decision": {
          "byte_count": 4545,
          "path": "decisions/2026-10-10-context-fishponds-r3.md",
          "sha256": "93699e7301d2a7039c311bf1ccd735ba56f76ec03d4b3cd3eb71b71500ebe6e1"
        },
        "geojson": {
          "byte_count": 883780,
          "path": "inputs/context-fishponds-20261010-r3.geojson",
          "sha256": "fd1d52c0333b14e285cd82fe4ebe1df167f8069f5f5a8c4ab9c84e4102fcd865"
        },
        "receipt": {
          "byte_count": 582217,
          "path": "receipts/20261010-context-fishponds-r3.receipt.json",
          "sha256": "98a94b2adfd73e97d54fdb4c4dcc72b5690133e727a0584fba43d2d72d11c97e"
        }
      },
      "operation": "Portable provenance references and content-bound local artifact tokens only; no inference or imagery fetch",
      "public_receipt": "receipts/20261010-context-fishponds-public-r3.receipt.json"
    },
    "reused_temporary_tile_count": 529,
    "river_canal_exclusion_policy": {
      "basis": "Will task correction, 2026-10-10: exclude OSM rivers/canals; retain compact untagged basins.",
      "maximum_untagged_compactness": 0.2,
      "maximum_untagged_rectangularity": 0.35,
      "minimum_untagged_area_m2": 50000,
      "minimum_untagged_long_side_m": 600
    },
    "source": "https://wmts.nlsc.gov.tw/wmts/PHOTO2/default/GoogleMapsCompatible/{z}/{y}/{x}",
    "source_notice": "模擬／AI 衍生魚塭背景，非現地測繪、完整魚場清冊、即時觀測、診斷或養殖操作建議；不具 topology 或 runtime authority。",
    "source_tiles": [
      {
        "accessed_at": "2026-10-09T16:56:26.280091Z",
        "byte_count": 21512,
        "content_type": "image/jpeg",
        "sha256": "781b855da4f73cbfac1e1de6af5b31b06c8d40f229c20894726d20f1b0b11488",
        "url": "https://wmts.nlsc.gov.tw/wmts/PHOTO2/default/GoogleMapsCompatible/17/56216/109876",
        "x": 109876,
        "y": 56216,
        "z": 17
      },
      {
        "accessed_at": "2026-10-09T16:56:26.523469Z",
        "byte_count": 19777,
        "content_type": "image/jpeg",
        "sha256": "390ce46ea662b621dec8ddab1dadc05cfc28dc47e81b69a28667dcd68cff8d31",
        "url": "https://wmts.nlsc.gov.tw/wmts/PHOTO2/default/GoogleMapsCompatible/17/56216/109877",
        "x": 109877,
        "y": 56216,
        "z": 17
      },
      {
        "accessed_at": "2026-10-09T16:56:26.811972Z",
        "byte_count": 17955,
        "content_type": "image/jpeg",
        "sha256": "3a281a8a7fbb5dcbfa570c711740b26971509901c618e29fba40e5a25d076974",
        "url": "https://wmts.nlsc.gov.tw/wmts/PHOTO2/default/GoogleMapsCompatible/17/56216/109878",
        "x": 109878,
        "y": 56216,
        "z": 17
      },
      {
        "accessed_at": "2026-10-09T16:56:27.156449Z",
        "byte_count": 22212,
        "content_type": "image/jpeg",
        "sha256": "6ad630808548132b924398171e67e4407eb31d562815668104a89cad1e2d82c1",
        "url": "https://wmts.nlsc.gov.tw/wmts/PHOTO2/default/GoogleMapsCompatible/17/56216/109879",
        "x": 109879,
        "y": 56216,
        "z": 17
      },
      {
        "accessed_at": "2026-10-09T16:56:27.526079Z",
        "byte_count": 23228,
        "content_type": "image/jpeg",
        "sha256": "c31c7cbaeed134608ea36696e38c26bb53d698a1829910e60de8ac2e9d012d16",
        "url": "https://wmts.nlsc.gov.tw/wmts/PHOTO2/default/GoogleMapsCompatible/17/56216/109880",
        "x": 109880,
        "y": 56216,
        "z": 17
      },
      {
        "accessed_at": "2026-10-09T16:56:27.801734Z",
        "byte_count": 19789,
        "content_type": "image/jpeg",
        "sha256": "e3b3af2100ce69f15dff99a485c16769a4f3fe55f3075e0a47bedcf2743a0f23",
        "url": "https://wmts.nlsc.gov.tw/wmts/PHOTO2/default/GoogleMapsCompatible/17/56216/109881",
        "x": 109881,
        "y": 56216,
        "z": 17
      },
      {
        "accessed_at": "2026-10-09T16:56:28.141784Z",
        "byte_count": 16026,
        "content_type": "image/jpeg",
        "sha256": "7b953c76d970b5d2f7c99e1f8cd71e014d7874f67d9710316aa74617e6ea2b17",
        "url": "https://wmts.nlsc.gov.tw/wmts/PHOTO2/default/GoogleMapsCompatible/17/56216/109882",
        "x": 109882,
        "y": 56216,
        "z": 17
      },
      {
        "accessed_at": "2026-10-09T16:56:28.488528Z",
        "byte_count": 15376,
        "content_type": "image/jpeg",
        "sha256": "bc8e8c11862d46213409647e62de543a6604e92e7b812f9cfaa2341181f050dc",
        "url": "https://wmts.nlsc.gov.tw/wmts/PHOTO2/default/GoogleMapsCompatible/17/56216/109883",
        "x": 109883,
        "y": 56216,
        "z": 17
      },
      {
        "accessed_at": "2026-10-09T16:56:28.807478Z",
        "byte_count": 16293,
        "content_type": "image/jpeg",
        "sha256": "8d09fc839b640924de5a1ea2668ae7b6d2bce9e42335f4c4a36e188a5fc64364",
        "url": "https://wmts.nlsc.gov.tw/wmts/PHOTO2/default/GoogleMapsCompatible/17/56216/109884",
        "x": 109884,
        "y": 56216,
        "z": 17
      },
      {
        "accessed_at": "2026-10-09T16:56:29.138191Z",
        "byte_count": 17969,
        "content_type": "image/jpeg",
        "sha256": "8363dbc1e7ba389c79b42c108aeca090b3a6682c524140640c2e95a102126080",
        "url": "https://wmts.nlsc.gov.tw/wmts/PHOTO2/default/GoogleMapsCompatible/17/56216/109885",
        "x": 109885,
        "y": 56216,
        "z": 17
      },
      {
        "accessed_at": "2026-10-09T16:56:29.474089Z",
        "byte_count": 15000,
        "content_type": "image/jpeg",
        "sha256": "1577ed8e6e80aadcfead4545820876aca3997a3710eb49703c03d5c7d5bfe325",
        "url": "https://wmts.nlsc.gov.tw/wmts/PHOTO2/default/GoogleMapsCompatible/17/56216/109886",
        "x": 109886,
        "y": 56216,
        "z": 17
      },
      {
        "accessed_at": "2026-10-09T16:56:29.853783Z",
        "byte_count": 20766,
        "content_type": "image/jpeg",
        "sha256": "ffe9d2cbef1a6eef110cde0b37fee3ec11aafd38b5400ebd680f3293d0ce24b8",
        "url": "https://wmts.nlsc.gov.tw/wmts/PHOTO2/default/GoogleMapsCompatible/17/56216/109887",
        "x": 109887,
        "y": 56216,
        "z": 17
      },
      {
        "accessed_at": "2026-10-09T16:56:30.153288Z",
        "byte_count": 22928,
        "content_type": "image/jpeg",
        "sha256": "8c69fb5b737b31b6523d984a6ba433a8ca866e39c1e4c60cba0166060136b1b0",
        "url": "https://wmts.nlsc.gov.tw/wmts/PHOTO2/default/GoogleMapsCompatible/17/56216/109888",
        "x": 109888,
        "y": 56216,
        "z": 17
      },
      {
        "accessed_at": "2026-10-09T16:56:30.503952Z",
        "byte_count": 38758,
        "content_type": "image/jpeg",
        "sha256": "5b10fc638d95d54a53655f39f941748b9e3cb686977da9eb8a6b331061078ad5",
        "url": "https://wmts.nlsc.gov.tw/wmts/PHOTO2/default/GoogleMapsCompatible/17/56216/109889",
        "x": 109889,
        "y": 56216,
        "z": 17
      },
      {
        "accessed_at": "2026-10-09T16:56:30.850087Z",
        "byte_count": 39882,
        "content_type": "image/jpeg",
        "sha256": "8b017e8898ee656a571eb10563b24173cefe94cc6835e5da52591fbf030ec8ad",
        "url": "https://wmts.nlsc.gov.tw/wmts/PHOTO2/default/GoogleMapsCompatible/17/56216/109890",
        "x": 109890,
        "y": 56216,
        "z": 17
      },
      {
        "accessed_at": "2026-10-09T16:56:31.129723Z",
        "byte_count": 38939,
        "content_type": "image/jpeg",
        "sha256": "e4d9e3b1592bf6df00b97e2a5bb86355b0474ab414f1fb978d0ee5a818e4eab5",
        "url": "https://wmts.nlsc.gov.tw/wmts/PHOTO2/default/GoogleMapsCompatible/17/56216/109891",
        "x": 109891,
        "y": 56216,
        "z": 17
      },
      {
        "accessed_at": "2026-10-09T16:56:31.459404Z",
        "byte_count": 16351,
        "content_type": "image/jpeg",
        "sha256": "db75bea9769043e771f4df99f8b560fdbd842c7ef3e6aea5f750f46ad928e121",
        "url": "https://wmts.nlsc.gov.tw/wmts/PHOTO2/default/GoogleMapsCompatible/17/56216/109892",
        "x": 109892,
        "y": 56216,
        "z": 17
      },
      {
        "accessed_at": "2026-10-09T16:56:31.809642Z",
        "byte_count": 1653,
        "content_type": "image/jpeg",
        "sha256": "a41c617da051ce66997b47337fa5feb4f533647f19118f8606dbf1ae94869cab",
        "url": "https://wmts.nlsc.gov.tw/wmts/PHOTO2/default/GoogleMapsCompatible/17/56216/109893",
        "x": 109893,
        "y": 56216,
        "z": 17
      },
      {
        "accessed_at": "2026-10-09T16:56:32.154868Z",
        "byte_count": 1653,
        "content_type": "image/jpeg",
        "sha256": "a41c617da051ce66997b47337fa5feb4f533647f19118f8606dbf1ae94869cab",
        "url": "https://wmts.nlsc.gov.tw/wmts/PHOTO2/default/GoogleMapsCompatible/17/56216/109894",
        "x": 109894,
        "y": 56216,
        "z": 17
      },
      {
        "accessed_at": "2026-10-09T16:56:32.474214Z",
        "byte_count": 1653,
        "content_type": "image/jpeg",
        "sha256": "a41c617da051ce66997b47337fa5feb4f533647f19118f8606dbf1ae94869cab",
        "url": "https://wmts.nlsc.gov.tw/wmts/PHOTO2/default/GoogleMapsCompatible/17/56216/109895",
        "x": 109895,
        "y": 56216,
        "z": 17
      },
      {
        "accessed_at": "2026-10-09T16:56:32.806192Z",
        "byte_count": 1653,
        "content_type": "image/jpeg",
        "sha256": "a41c617da051ce66997b47337fa5feb4f533647f19118f8606dbf1ae94869cab",
        "url": "https://wmts.nlsc.gov.tw/wmts/PHOTO2/default/GoogleMapsCompatible/17/56216/109896",
        "x": 109896,
        "y": 56216,
        "z": 17
      },
      {
        "accessed_at": "2026-10-09T16:56:33.133760Z",
        "byte_count": 1653,
        "content_type": "image/jpeg",
        "sha256": "a41c617da051ce66997b47337fa5feb4f533647f19118f8606dbf1ae94869cab",
        "url": "https://wmts.nlsc.gov.tw/wmts/PHOTO2/default/GoogleMapsCompatible/17/56216/109897",
        "x": 109897,
        "y": 56216,
        "z": 17
      },
      {
        "accessed_at": "2026-10-09T16:56:33.479615Z",
        "byte_count": 1653,
        "content_type": "image/jpeg",
        "sha256": "a41c617da051ce66997b47337fa5feb4f533647f19118f8606dbf1ae94869cab",
        "url": "https://wmts.nlsc.gov.tw/wmts/PHOTO2/default/GoogleMapsCompatible/17/56216/109898",
        "x": 109898,
        "y": 56216,
        "z": 17
      },
      {
        "accessed_at": "2026-10-09T16:56:33.866390Z",
        "byte_count": 21863,
        "content_type": "image/jpeg",
        "sha256": "a55a38e1cd4eb2f1a2445d3407f5899ed69e898bb2e086f9f7af6971cd0354a9",
        "url": "https://wmts.nlsc.gov.tw/wmts/PHOTO2/default/GoogleMapsCompatible/17/56217/109876",
        "x": 109876,
        "y": 56217,
        "z": 17
      },
      {
        "accessed_at": "2026-10-09T16:56:34.175567Z",
        "byte_count": 21477,
        "content_type": "image/jpeg",
        "sha256": "5c4a6f897faf44b9df80f74f5388350f643e48691856691740b0c397b5f53556",
        "url": "https://wmts.nlsc.gov.tw/wmts/PHOTO2/default/GoogleMapsCompatible/17/56217/109877",
        "x": 109877,
        "y": 56217,
        "z": 17
      },
      {
        "accessed_at": "2026-10-09T16:56:34.518412Z",
        "byte_count": 20382,
        "content_type": "image/jpeg",
        "sha256": "787132e9c72d22f74ed122399fbf77f757cceb5ca2134f9d0df244ab8375c149",
        "url": "https://wmts.nlsc.gov.tw/wmts/PHOTO2/default/GoogleMapsCompatible/17/56217/109878",
        "x": 109878,
        "y": 56217,
        "z": 17
      },
      {
        "accessed_at": "2026-10-09T16:56:34.853510Z",
        "byte_count": 22463,
        "content_type": "image/jpeg",
        "sha256": "53d0e6654363d5eeaa94be0f9835637ae6ab97c0b175c935b90c69c2628a416d",
        "url": "https://wmts.nlsc.gov.tw/wmts/PHOTO2/default/GoogleMapsCompatible/17/56217/109879",
        "x": 109879,
        "y": 56217,
        "z": 17
      },
      {
        "accessed_at": "2026-10-09T16:56:35.151047Z",
        "byte_count": 20813,
        "content_type": "image/jpeg",
        "sha256": "cced805ddbde40020d33810415e54cf53bec61f6196d01fbf4f3e1052007b342",
        "url": "https://wmts.nlsc.gov.tw/wmts/PHOTO2/default/GoogleMapsCompatible/17/56217/109880",
        "x": 109880,
        "y": 56217,
        "z": 17
      },
      {
        "accessed_at": "2026-10-09T16:56:35.495628Z",
        "byte_count": 18499,
        "content_type": "image/jpeg",
        "sha256": "00e48feb6ac7d527b0105434fa25919e6149b075276472a04a8771ca5cc1c488",
        "url": "https://wmts.nlsc.gov.tw/wmts/PHOTO2/default/GoogleMapsCompatible/17/56217/109881",
        "x": 109881,
        "y": 56217,
        "z": 17
      },
      {
        "accessed_at": "2026-10-09T16:56:35.780661Z",
        "byte_count": 15232,
        "content_type": "image/jpeg",
        "sha256": "84da43a48c633ce1cb24db754fc468ecefa1c2c0bdd470e2768e2ff629aa896d",
        "url": "https://wmts.nlsc.gov.tw/wmts/PHOTO2/default/GoogleMapsCompatible/17/56217/109882",
        "x": 109882,
        "y": 56217,
        "z": 17
      },
      {
        "accessed_at": "2026-10-09T16:56:36.139176Z",
        "byte_count": 17567,
        "content_type": "image/jpeg",
        "sha256": "df02cc9b1b8c2ffd422636279e671f46037c30fd55b31d3683818c305fa41425",
        "url": "https://wmts.nlsc.gov.tw/wmts/PHOTO2/default/GoogleMapsCompatible/17/56217/109883",
        "x": 109883,
        "y": 56217,
        "z": 17
      },
      {
        "accessed_at": "2026-10-09T16:56:36.455801Z",
        "byte_count": 17321,
        "content_type": "image/jpeg",
        "sha256": "68925f22dd7d6b53265791af0567e99496d7061286eb36d11566766d12dda395",
        "url": "https://wmts.nlsc.gov.tw/wmts/PHOTO2/default/GoogleMapsCompatible/17/56217/109884",
        "x": 109884,
        "y": 56217,
        "z": 17
      },
      {
        "accessed_at": "2026-10-09T16:56:36.788152Z",
        "byte_count": 20165,
        "content_type": "image/jpeg",
        "sha256": "31d198147d947e2e04a48d2b21710ebba136342d21d052596384611e4c196c59",
        "url": "https://wmts.nlsc.gov.tw/wmts/PHOTO2/default/GoogleMapsCompatible/17/56217/109885",
        "x": 109885,
        "y": 56217,
        "z": 17
      },
      {
        "accessed_at": "2026-10-09T16:56:37.132127Z",
        "byte_count": 15113,
        "content_type": "image/jpeg",
        "sha256": "95b7770dd5b66ad79cd8fe309fbbe0cc7a78dcf78ddc0ecf437b7b9c8481f25f",
        "url": "https://wmts.nlsc.gov.tw/wmts/PHOTO2/default/GoogleMapsCompatible/17/56217/109886",
        "x": 109886,
        "y": 56217,
        "z": 17
      },
      {
        "accessed_at": "2026-10-09T16:56:37.481306Z",
        "byte_count": 22394,
        "content_type": "image/jpeg",
        "sha256": "4e6cf08b1d7d5a62d696909788f957bd357abd84a88f89e60a7a4282ccc90fb2",
        "url": "https://wmts.nlsc.gov.tw/wmts/PHOTO2/default/GoogleMapsCompatible/17/56217/109887",
        "x": 109887,
        "y": 56217,
        "z": 17
      },
      {
        "accessed_at": "2026-10-09T16:56:37.795437Z",
        "byte_count": 22247,
        "content_type": "image/jpeg",
        "sha256": "321f136ab3810fcd59990bbe8722e3aa344efeae6649e1bd70047277ffefaf18",
        "url": "https://wmts.nlsc.gov.tw/wmts/PHOTO2/default/GoogleMapsCompatible/17/56217/109888",
        "x": 109888,
        "y": 56217,
        "z": 17
      },
      {
        "accessed_at": "2026-10-09T16:56:38.129116Z",
        "byte_count": 38645,
        "content_type": "image/jpeg",
        "sha256": "04c72468bd1e309957ba64ddb8226e57191d67b194c1632ebbc48fa14686981a",
        "url": "https://wmts.nlsc.gov.tw/wmts/PHOTO2/default/GoogleMapsCompatible/17/56217/109889",
        "x": 109889,
        "y": 56217,
        "z": 17
      },
      {
        "accessed_at": "2026-10-09T16:56:38.484337Z",
        "byte_count": 40041,
        "content_type": "image/jpeg",
        "sha256": "cff40f5d779f4c0e43145ee1fa0b79087a53ac0b8124ff90df8664f183aef5ea",
        "url": "https://wmts.nlsc.gov.tw/wmts/PHOTO2/default/GoogleMapsCompatible/17/56217/109890",
        "x": 109890,
        "y": 56217,
        "z": 17
      },
      {
        "accessed_at": "2026-10-09T16:56:38.792658Z",
        "byte_count": 39831,
        "content_type": "image/jpeg",
        "sha256": "4addc95d59634988c903021e6cd7ffa8278ee51dcac7edbbf54d8053fc39a9fe",
        "url": "https://wmts.nlsc.gov.tw/wmts/PHOTO2/default/GoogleMapsCompatible/17/56217/109891",
        "x": 109891,
        "y": 56217,
        "z": 17
      },
      {
        "accessed_at": "2026-10-09T16:56:39.121929Z",
        "byte_count": 13009,
        "content_type": "image/jpeg",
        "sha256": "b3d6a59d40ec8c12a8c97b23780d6d9966998f7037ce89157aae656bd15762c5",
        "url": "https://wmts.nlsc.gov.tw/wmts/PHOTO2/default/GoogleMapsCompatible/17/56217/109892",
        "x": 109892,
        "y": 56217,
        "z": 17
      },
      {
        "accessed_at": "2026-10-09T16:56:39.440542Z",
        "byte_count": 1653,
        "content_type": "image/jpeg",
        "sha256": "a41c617da051ce66997b47337fa5feb4f533647f19118f8606dbf1ae94869cab",
        "url": "https://wmts.nlsc.gov.tw/wmts/PHOTO2/default/GoogleMapsCompatible/17/56217/109893",
        "x": 109893,
        "y": 56217,
        "z": 17
      },
      {
        "accessed_at": "2026-10-09T16:56:39.790912Z",
        "byte_count": 1653,
        "content_type": "image/jpeg",
        "sha256": "a41c617da051ce66997b47337fa5feb4f533647f19118f8606dbf1ae94869cab",
        "url": "https://wmts.nlsc.gov.tw/wmts/PHOTO2/default/GoogleMapsCompatible/17/56217/109894",
        "x": 109894,
        "y": 56217,
        "z": 17
      },
      {
        "accessed_at": "2026-10-09T16:56:40.096322Z",
        "byte_count": 1653,
        "content_type": "image/jpeg",
        "sha256": "a41c617da051ce66997b47337fa5feb4f533647f19118f8606dbf1ae94869cab",
        "url": "https://wmts.nlsc.gov.tw/wmts/PHOTO2/default/GoogleMapsCompatible/17/56217/109895",
        "x": 109895,
        "y": 56217,
        "z": 17
      },
      {
        "accessed_at": "2026-10-09T16:56:40.434622Z",
        "byte_count": 1653,
        "content_type": "image/jpeg",
        "sha256": "a41c617da051ce66997b47337fa5feb4f533647f19118f8606dbf1ae94869cab",
        "url": "https://wmts.nlsc.gov.tw/wmts/PHOTO2/default/GoogleMapsCompatible/17/56217/109896",
        "x": 109896,
        "y": 56217,
        "z": 17
      },
      {
        "accessed_at": "2026-10-09T16:56:40.781342Z",
        "byte_count": 1653,
        "content_type": "image/jpeg",
        "sha256": "a41c617da051ce66997b47337fa5feb4f533647f19118f8606dbf1ae94869cab",
        "url": "https://wmts.nlsc.gov.tw/wmts/PHOTO2/default/GoogleMapsCompatible/17/56217/109897",
        "x": 109897,
        "y": 56217,
        "z": 17
      },
      {
        "accessed_at": "2026-10-09T16:56:41.098291Z",
        "byte_count": 1653,
        "content_type": "image/jpeg",
        "sha256": "a41c617da051ce66997b47337fa5feb4f533647f19118f8606dbf1ae94869cab",
        "url": "https://wmts.nlsc.gov.tw/wmts/PHOTO2/default/GoogleMapsCompatible/17/56217/109898",
        "x": 109898,
        "y": 56217,
        "z": 17
      },
      {
        "accessed_at": "2026-10-09T16:56:41.471751Z",
        "byte_count": 25022,
        "content_type": "image/jpeg",
        "sha256": "07eca193e1be4e484b7918951b6fc87a2967514b431072fdb56cf5671cf664b8",
        "url": "https://wmts.nlsc.gov.tw/wmts/PHOTO2/default/GoogleMapsCompatible/17/56218/109876",
        "x": 109876,
        "y": 56218,
        "z": 17
      },
      {
        "accessed_at": "2026-10-09T16:56:41.786420Z",
        "byte_count": 22616,
        "content_type": "image/jpeg",
        "sha256": "72e8389afa15df9d06a0c450b47e0e7eae8570c782208f5900e0967dab6dbee2",
        "url": "https://wmts.nlsc.gov.tw/wmts/PHOTO2/default/GoogleMapsCompatible/17/56218/109877",
        "x": 109877,
        "y": 56218,
        "z": 17
      },
      {
        "accessed_at": "2026-10-09T16:56:42.112295Z",
        "byte_count": 22245,
        "content_type": "image/jpeg",
        "sha256": "0eb62355dc8e31c967a2e9287b5f8eb7b50f2db25ea9dafd9fa42964471897ac",
        "url": "https://wmts.nlsc.gov.tw/wmts/PHOTO2/default/GoogleMapsCompatible/17/56218/109878",
        "x": 109878,
        "y": 56218,
        "z": 17
      },
      {
        "accessed_at": "2026-10-09T16:56:42.447359Z",
        "byte_count": 18327,
        "content_type": "image/jpeg",
        "sha256": "c798cb0b557aa87a018c507d64162937ff10a55a6ae0a053bb9bd666b8ba52c8",
        "url": "https://wmts.nlsc.gov.tw/wmts/PHOTO2/default/GoogleMapsCompatible/17/56218/109879",
        "x": 109879,
        "y": 56218,
        "z": 17
      },
      {
        "accessed_at": "2026-10-09T16:56:42.806848Z",
        "byte_count": 21513,
        "content_type": "image/jpeg",
        "sha256": "2ec431e5f262b7bd3735b6436176e6f47a927ea4c3f9462344b4e12f027060c7",
        "url": "https://wmts.nlsc.gov.tw/wmts/PHOTO2/default/GoogleMapsCompatible/17/56218/109880",
        "x": 109880,
        "y": 56218,
        "z": 17
      },
      {
        "accessed_at": "2026-10-09T16:56:43.159329Z",
        "byte_count": 17297,
        "content_type": "image/jpeg",
        "sha256": "76b61e0f0b45f952b3136404d8547f527b3723e0f35535bcd1ecda3f4cca37ac",
        "url": "https://wmts.nlsc.gov.tw/wmts/PHOTO2/default/GoogleMapsCompatible/17/56218/109881",
        "x": 109881,
        "y": 56218,
        "z": 17
      },
      {
        "accessed_at": "2026-10-09T16:56:43.511717Z",
        "byte_count": 16594,
        "content_type": "image/jpeg",
        "sha256": "75766c55a55837d8f6afbd4d2fc9b6d7abb0af4af1394515061ceea92d5e3437",
        "url": "https://wmts.nlsc.gov.tw/wmts/PHOTO2/default/GoogleMapsCompatible/17/56218/109882",
        "x": 109882,
        "y": 56218,
        "z": 17
      },
      {
        "accessed_at": "2026-10-09T16:56:43.837991Z",
        "byte_count": 17552,
        "content_type": "image/jpeg",
        "sha256": "ac98f82b79fc06259714c43e1b359a7fc6cc0c82bb7942c1d8972ca302617a14",
        "url": "https://wmts.nlsc.gov.tw/wmts/PHOTO2/default/GoogleMapsCompatible/17/56218/109883",
        "x": 109883,
        "y": 56218,
        "z": 17
      },
      {
        "accessed_at": "2026-10-09T16:56:44.166122Z",
        "byte_count": 17501,
        "content_type": "image/jpeg",
        "sha256": "764bd927916d86a2c96558f77cbf56c71dea1839a0675ee765e126731300b686",
        "url": "https://wmts.nlsc.gov.tw/wmts/PHOTO2/default/GoogleMapsCompatible/17/56218/109884",
        "x": 109884,
        "y": 56218,
        "z": 17
      },
      {
        "accessed_at": "2026-10-09T16:56:44.537243Z",
        "byte_count": 20204,
        "content_type": "image/jpeg",
        "sha256": "daf7190cf86fa8ab966edd44789ce09160dad6faf112adc43b9d18951e01d498",
        "url": "https://wmts.nlsc.gov.tw/wmts/PHOTO2/default/GoogleMapsCompatible/17/56218/109885",
        "x": 109885,
        "y": 56218,
        "z": 17
      },
      {
        "accessed_at": "2026-10-09T16:56:44.826952Z",
        "byte_count": 21558,
        "content_type": "image/jpeg",
        "sha256": "d54f8c4c89bc0dd88a68d1c3a5cf5e498b7ae0efe37a4c9a211d232316e4852c",
        "url": "https://wmts.nlsc.gov.tw/wmts/PHOTO2/default/GoogleMapsCompatible/17/56218/109886",
        "x": 109886,
        "y": 56218,
        "z": 17
      },
      {
        "accessed_at": "2026-10-09T16:56:45.166978Z",
        "byte_count": 21828,
        "content_type": "image/jpeg",
        "sha256": "d755b89e6ad4560cef8fbcedaa08d12f8baef6f1b4021f5ab83888fed10ed554",
        "url": "https://wmts.nlsc.gov.tw/wmts/PHOTO2/default/GoogleMapsCompatible/17/56218/109887",
        "x": 109887,
        "y": 56218,
        "z": 17
      },
      {
        "accessed_at": "2026-10-09T16:56:45.497668Z",
        "byte_count": 22105,
        "content_type": "image/jpeg",
        "sha256": "b06d7e92b1e6078aded7068afdb24f0985d4eefa288e5439d7fb0e607bbc0cba",
        "url": "https://wmts.nlsc.gov.tw/wmts/PHOTO2/default/GoogleMapsCompatible/17/56218/109888",
        "x": 109888,
        "y": 56218,
        "z": 17
      },
      {
        "accessed_at": "2026-10-09T16:56:45.847147Z",
        "byte_count": 34069,
        "content_type": "image/jpeg",
        "sha256": "87962944bb8e1a8c2fe1433ec66f762a6dfa9bd43f27ed53108cc2fc4e6af66c",
        "url": "https://wmts.nlsc.gov.tw/wmts/PHOTO2/default/GoogleMapsCompatible/17/56218/109889",
        "x": 109889,
        "y": 56218,
        "z": 17
      },
      {
        "accessed_at": "2026-10-09T16:56:46.226664Z",
        "byte_count": 38618,
        "content_type": "image/jpeg",
        "sha256": "082c8aad812c858da91541862058547a77a59b3d89a304314a3771a05fad6038",
        "url": "https://wmts.nlsc.gov.tw/wmts/PHOTO2/default/GoogleMapsCompatible/17/56218/109890",
        "x": 109890,
        "y": 56218,
        "z": 17
      },
      {
        "accessed_at": "2026-10-09T16:56:46.535102Z",
        "byte_count": 39735,
        "content_type": "image/jpeg",
        "sha256": "f6273c88a3181951f429774bba3a4ac993adcaa8aeeb92152208ae100b7f7a89",
        "url": "https://wmts.nlsc.gov.tw/wmts/PHOTO2/default/GoogleMapsCompatible/17/56218/109891",
        "x": 109891,
        "y": 56218,
        "z": 17
      },
      {
        "accessed_at": "2026-10-09T16:56:46.798784Z",
        "byte_count": 11740,
        "content_type": "image/jpeg",
        "sha256": "d5feccc96cf59ef03966d18906a0a203825e582390c84b8a7ee13c5b1225858f",
        "url": "https://wmts.nlsc.gov.tw/wmts/PHOTO2/default/GoogleMapsCompatible/17/56218/109892",
        "x": 109892,
        "y": 56218,
        "z": 17
      },
      {
        "accessed_at": "2026-10-09T16:56:47.137311Z",
        "byte_count": 1653,
        "content_type": "image/jpeg",
        "sha256": "a41c617da051ce66997b47337fa5feb4f533647f19118f8606dbf1ae94869cab",
        "url": "https://wmts.nlsc.gov.tw/wmts/PHOTO2/default/GoogleMapsCompatible/17/56218/109893",
        "x": 109893,
        "y": 56218,
        "z": 17
      },
      {
        "accessed_at": "2026-10-09T16:56:47.474385Z",
        "byte_count": 1653,
        "content_type": "image/jpeg",
        "sha256": "a41c617da051ce66997b47337fa5feb4f533647f19118f8606dbf1ae94869cab",
        "url": "https://wmts.nlsc.gov.tw/wmts/PHOTO2/default/GoogleMapsCompatible/17/56218/109894",
        "x": 109894,
        "y": 56218,
        "z": 17
      },
      {
        "accessed_at": "2026-10-09T16:56:47.818439Z",
        "byte_count": 1653,
        "content_type": "image/jpeg",
        "sha256": "a41c617da051ce66997b47337fa5feb4f533647f19118f8606dbf1ae94869cab",
        "url": "https://wmts.nlsc.gov.tw/wmts/PHOTO2/default/GoogleMapsCompatible/17/56218/109895",
        "x": 109895,
        "y": 56218,
        "z": 17
      },
      {
        "accessed_at": "2026-10-09T16:56:48.155886Z",
        "byte_count": 1653,
        "content_type": "image/jpeg",
        "sha256": "a41c617da051ce66997b47337fa5feb4f533647f19118f8606dbf1ae94869cab",
        "url": "https://wmts.nlsc.gov.tw/wmts/PHOTO2/default/GoogleMapsCompatible/17/56218/109896",
        "x": 109896,
        "y": 56218,
        "z": 17
      },
      {
        "accessed_at": "2026-10-09T16:56:48.484339Z",
        "byte_count": 1653,
        "content_type": "image/jpeg",
        "sha256": "a41c617da051ce66997b47337fa5feb4f533647f19118f8606dbf1ae94869cab",
        "url": "https://wmts.nlsc.gov.tw/wmts/PHOTO2/default/GoogleMapsCompatible/17/56218/109897",
        "x": 109897,
        "y": 56218,
        "z": 17
      },
      {
        "accessed_at": "2026-10-09T16:56:48.801190Z",
        "byte_count": 1653,
        "content_type": "image/jpeg",
        "sha256": "a41c617da051ce66997b47337fa5feb4f533647f19118f8606dbf1ae94869cab",
        "url": "https://wmts.nlsc.gov.tw/wmts/PHOTO2/default/GoogleMapsCompatible/17/56218/109898",
        "x": 109898,
        "y": 56218,
        "z": 17
      },
      {
        "accessed_at": "2026-10-09T16:56:49.152665Z",
        "byte_count": 20451,
        "content_type": "image/jpeg",
        "sha256": "3e848cfe030fa2dafcc9b4b756c4537844e5d5f01e602d47f46a1173b6bce558",
        "url": "https://wmts.nlsc.gov.tw/wmts/PHOTO2/default/GoogleMapsCompatible/17/56219/109876",
        "x": 109876,
        "y": 56219,
        "z": 17
      },
      {
        "accessed_at": "2026-10-09T16:56:49.513805Z",
        "byte_count": 27684,
        "content_type": "image/jpeg",
        "sha256": "6a9c9a716471e903b7058a83b00628fe501f25166f9f196ff4e582a77394f723",
        "url": "https://wmts.nlsc.gov.tw/wmts/PHOTO2/default/GoogleMapsCompatible/17/56219/109877",
        "x": 109877,
        "y": 56219,
        "z": 17
      },
      {
        "accessed_at": "2026-10-09T16:56:49.833416Z",
        "byte_count": 23507,
        "content_type": "image/jpeg",
        "sha256": "d690718edcbd098e48f5524f320003d9e85ceb8665815f476cdc98b28f782b40",
        "url": "https://wmts.nlsc.gov.tw/wmts/PHOTO2/default/GoogleMapsCompatible/17/56219/109878",
        "x": 109878,
        "y": 56219,
        "z": 17
      },
      {
        "accessed_at": "2026-10-09T16:56:50.117786Z",
        "byte_count": 20435,
        "content_type": "image/jpeg",
        "sha256": "7abe863a971636c0c34d2a796cec7a919187a6f6f1892cd0bbf027be0c139dd1",
        "url": "https://wmts.nlsc.gov.tw/wmts/PHOTO2/default/GoogleMapsCompatible/17/56219/109879",
        "x": 109879,
        "y": 56219,
        "z": 17
      },
      {
        "accessed_at": "2026-10-09T16:56:50.523986Z",
        "byte_count": 18899,
        "content_type": "image/jpeg",
        "sha256": "07f5693f594772cc02b3bdff5b67c2dc61692c0dd0fd21ff9e52426210eea93e",
        "url": "https://wmts.nlsc.gov.tw/wmts/PHOTO2/default/GoogleMapsCompatible/17/56219/109880",
        "x": 109880,
        "y": 56219,
        "z": 17
      },
      {
        "accessed_at": "2026-10-09T16:56:50.859885Z",
        "byte_count": 19225,
        "content_type": "image/jpeg",
        "sha256": "f2042eba1156b1d31708073fd47e9b5e77b88bcc4556421aba457fe40a16df35",
        "url": "https://wmts.nlsc.gov.tw/wmts/PHOTO2/default/GoogleMapsCompatible/17/56219/109881",
        "x": 109881,
        "y": 56219,
        "z": 17
      },
      {
        "accessed_at": "2026-10-09T16:56:51.162569Z",
        "byte_count": 18574,
        "content_type": "image/jpeg",
        "sha256": "87ec2626dad1fe7f01c2028c7e0f9ad4ea72e3271b2162b7a7018b9f627b17f2",
        "url": "https://wmts.nlsc.gov.tw/wmts/PHOTO2/default/GoogleMapsCompatible/17/56219/109882",
        "x": 109882,
        "y": 56219,
        "z": 17
      },
      {
        "accessed_at": "2026-10-09T16:56:51.527856Z",
        "byte_count": 21659,
        "content_type": "image/jpeg",
        "sha256": "86e8dfdb12f436f41f85b14d9462f818f04c42ee36042204a821e62fef53288f",
        "url": "https://wmts.nlsc.gov.tw/wmts/PHOTO2/default/GoogleMapsCompatible/17/56219/109883",
        "x": 109883,
        "y": 56219,
        "z": 17
      },
      {
        "accessed_at": "2026-10-09T16:56:51.807599Z",
        "byte_count": 17697,
        "content_type": "image/jpeg",
        "sha256": "41e565111f618ff599c6d4608b76b1f9b2f917b0f3c11c719bc5750fbd517c89",
        "url": "https://wmts.nlsc.gov.tw/wmts/PHOTO2/default/GoogleMapsCompatible/17/56219/109884",
        "x": 109884,
        "y": 56219,
        "z": 17
      },
      {
        "accessed_at": "2026-10-09T16:56:52.194488Z",
        "byte_count": 20509,
        "content_type": "image/jpeg",
        "sha256": "7aaca335bbff4ae3cbcefdbca2196a3cc0eab57618309f7c319e5821184f23d9",
        "url": "https://wmts.nlsc.gov.tw/wmts/PHOTO2/default/GoogleMapsCompatible/17/56219/109885",
        "x": 109885,
        "y": 56219,
        "z": 17
      },
      {
        "accessed_at": "2026-10-09T16:56:52.508238Z",
        "byte_count": 18012,
        "content_type": "image/jpeg",
        "sha256": "133c543ef21a4f52a5d456dd74eb6c96ed159fe1de1fafae5b88402a1ae5b222",
        "url": "https://wmts.nlsc.gov.tw/wmts/PHOTO2/default/GoogleMapsCompatible/17/56219/109886",
        "x": 109886,
        "y": 56219,
        "z": 17
      },
      {
        "accessed_at": "2026-10-09T16:56:52.848916Z",
        "byte_count": 19714,
        "content_type": "image/jpeg",
        "sha256": "af821fc4110e206a8d104763174ba1e94e84d0bf2c2d2b4b699725fde5b6438a",
        "url": "https://wmts.nlsc.gov.tw/wmts/PHOTO2/default/GoogleMapsCompatible/17/56219/109887",
        "x": 109887,
        "y": 56219,
        "z": 17
      },
      {
        "accessed_at": "2026-10-09T16:56:53.185913Z",
        "byte_count": 21342,
        "content_type": "image/jpeg",
        "sha256": "9a11add9a7336c8874e05c8425f7a73116a262ffbfddb21de05155fc9e54cb48",
        "url": "https://wmts.nlsc.gov.tw/wmts/PHOTO2/default/GoogleMapsCompatible/17/56219/109888",
        "x": 109888,
        "y": 56219,
        "z": 17
      },
      {
        "accessed_at": "2026-10-09T16:56:53.542652Z",
        "byte_count": 34738,
        "content_type": "image/jpeg",
        "sha256": "07cfb14a473b6a23d810bf95fcd0c89fc2f48a63edea51b751c2952e785e75de",
        "url": "https://wmts.nlsc.gov.tw/wmts/PHOTO2/default/GoogleMapsCompatible/17/56219/109889",
        "x": 109889,
        "y": 56219,
        "z": 17
      },
      {
        "accessed_at": "2026-10-09T16:56:53.882270Z",
        "byte_count": 39236,
        "content_type": "image/jpeg",
        "sha256": "c08cb5af932274e998aa22b9a682f89fc4a01aed507860177627823f209c4a01",
        "url": "https://wmts.nlsc.gov.tw/wmts/PHOTO2/default/GoogleMapsCompatible/17/56219/109890",
        "x": 109890,
        "y": 56219,
        "z": 17
      },
      {
        "accessed_at": "2026-10-09T16:56:54.178702Z",
        "byte_count": 40593,
        "content_type": "image/jpeg",
        "sha256": "54c04a24ec3171957ae3ae80f77e7945130affbe9f49cb57d15279db23ad63ac",
        "url": "https://wmts.nlsc.gov.tw/wmts/PHOTO2/default/GoogleMapsCompatible/17/56219/109891",
        "x": 109891,
        "y": 56219,
        "z": 17
      },
      {
        "accessed_at": "2026-10-09T16:56:54.523203Z",
        "byte_count": 14120,
        "content_type": "image/jpeg",
        "sha256": "269a2f081cc71274177f2cfd2ddf8dd86c8e970b7461652573f1bf526b64a94f",
        "url": "https://wmts.nlsc.gov.tw/wmts/PHOTO2/default/GoogleMapsCompatible/17/56219/109892",
        "x": 109892,
        "y": 56219,
        "z": 17
      },
      {
        "accessed_at": "2026-10-09T16:56:54.803766Z",
        "byte_count": 1653,
        "content_type": "image/jpeg",
        "sha256": "a41c617da051ce66997b47337fa5feb4f533647f19118f8606dbf1ae94869cab",
        "url": "https://wmts.nlsc.gov.tw/wmts/PHOTO2/default/GoogleMapsCompatible/17/56219/109893",
        "x": 109893,
        "y": 56219,
        "z": 17
      },
      {
        "accessed_at": "2026-10-09T16:56:55.129952Z",
        "byte_count": 1653,
        "content_type": "image/jpeg",
        "sha256": "a41c617da051ce66997b47337fa5feb4f533647f19118f8606dbf1ae94869cab",
        "url": "https://wmts.nlsc.gov.tw/wmts/PHOTO2/default/GoogleMapsCompatible/17/56219/109894",
        "x": 109894,
        "y": 56219,
        "z": 17
      },
      {
        "accessed_at": "2026-10-09T16:56:55.447123Z",
        "byte_count": 1653,
        "content_type": "image/jpeg",
        "sha256": "a41c617da051ce66997b47337fa5feb4f533647f19118f8606dbf1ae94869cab",
        "url": "https://wmts.nlsc.gov.tw/wmts/PHOTO2/default/GoogleMapsCompatible/17/56219/109895",
        "x": 109895,
        "y": 56219,
        "z": 17
      },
      {
        "accessed_at": "2026-10-09T16:56:55.806009Z",
        "byte_count": 1653,
        "content_type": "image/jpeg",
        "sha256": "a41c617da051ce66997b47337fa5feb4f533647f19118f8606dbf1ae94869cab",
        "url": "https://wmts.nlsc.gov.tw/wmts/PHOTO2/default/GoogleMapsCompatible/17/56219/109896",
        "x": 109896,
        "y": 56219,
        "z": 17
      },
      {
        "accessed_at": "2026-10-09T16:56:56.144359Z",
        "byte_count": 1653,
        "content_type": "image/jpeg",
        "sha256": "a41c617da051ce66997b47337fa5feb4f533647f19118f8606dbf1ae94869cab",
        "url": "https://wmts.nlsc.gov.tw/wmts/PHOTO2/default/GoogleMapsCompatible/17/56219/109897",
        "x": 109897,
        "y": 56219,
        "z": 17
      },
      {
        "accessed_at": "2026-10-09T16:56:56.470918Z",
        "byte_count": 1653,
        "content_type": "image/jpeg",
        "sha256": "a41c617da051ce66997b47337fa5feb4f533647f19118f8606dbf1ae94869cab",
        "url": "https://wmts.nlsc.gov.tw/wmts/PHOTO2/default/GoogleMapsCompatible/17/56219/109898",
        "x": 109898,
        "y": 56219,
        "z": 17
      },
      {
        "accessed_at": "2026-10-09T16:56:56.827409Z",
        "byte_count": 24640,
        "content_type": "image/jpeg",
        "sha256": "5a334a1e38b800abb1d5d493a5d673e29ad91f3d6295024de5b48d7152f7be4b",
        "url": "https://wmts.nlsc.gov.tw/wmts/PHOTO2/default/GoogleMapsCompatible/17/56220/109876",
        "x": 109876,
        "y": 56220,
        "z": 17
      },
      {
        "accessed_at": "2026-10-09T16:56:57.154874Z",
        "byte_count": 21687,
        "content_type": "image/jpeg",
        "sha256": "a19bf718a04bf9532958080eb0d77cfaf966cc39fbbde91c4bdfb9a93f19460f",
        "url": "https://wmts.nlsc.gov.tw/wmts/PHOTO2/default/GoogleMapsCompatible/17/56220/109877",
        "x": 109877,
        "y": 56220,
        "z": 17
      },
      {
        "accessed_at": "2026-10-09T16:56:57.495784Z",
        "byte_count": 23007,
        "content_type": "image/jpeg",
        "sha256": "bcb193f6111983181a2d54ca8a73e85cea7f57e94a906c99b492d5bc4e61db43",
        "url": "https://wmts.nlsc.gov.tw/wmts/PHOTO2/default/GoogleMapsCompatible/17/56220/109878",
        "x": 109878,
        "y": 56220,
        "z": 17
      },
      {
        "accessed_at": "2026-10-09T16:56:57.840268Z",
        "byte_count": 19524,
        "content_type": "image/jpeg",
        "sha256": "cc1dcf3487c701f275a65f25749b35eb91631fcf4222a1099ceec17ed1da60cf",
        "url": "https://wmts.nlsc.gov.tw/wmts/PHOTO2/default/GoogleMapsCompatible/17/56220/109879",
        "x": 109879,
        "y": 56220,
        "z": 17
      },
      {
        "accessed_at": "2026-10-09T16:56:58.187104Z",
        "byte_count": 17809,
        "content_type": "image/jpeg",
        "sha256": "e4eb349856185e924bebed25ba9a8fa34a0df97a240929f5fd3ae0f689d6189e",
        "url": "https://wmts.nlsc.gov.tw/wmts/PHOTO2/default/GoogleMapsCompatible/17/56220/109880",
        "x": 109880,
        "y": 56220,
        "z": 17
      },
      {
        "accessed_at": "2026-10-09T16:56:58.479563Z",
        "byte_count": 17918,
        "content_type": "image/jpeg",
        "sha256": "80c0a2c8c80e5b99a446ddf0b1e98f1e3cec49d7530257068a67ede5349d09c1",
        "url": "https://wmts.nlsc.gov.tw/wmts/PHOTO2/default/GoogleMapsCompatible/17/56220/109881",
        "x": 109881,
        "y": 56220,
        "z": 17
      },
      {
        "accessed_at": "2026-10-09T16:56:58.817453Z",
        "byte_count": 19495,
        "content_type": "image/jpeg",
        "sha256": "a845c118ffd4efd42365fafb1599c55ab38c3df141e56d90b504554ce81c56d0",
        "url": "https://wmts.nlsc.gov.tw/wmts/PHOTO2/default/GoogleMapsCompatible/17/56220/109882",
        "x": 109882,
        "y": 56220,
        "z": 17
      },
      {
        "accessed_at": "2026-10-09T16:56:59.179983Z",
        "byte_count": 22855,
        "content_type": "image/jpeg",
        "sha256": "1b325c20f86dee339d861f560680d3fc8365aa343d7f8cc8bad210f5c31d666e",
        "url": "https://wmts.nlsc.gov.tw/wmts/PHOTO2/default/GoogleMapsCompatible/17/56220/109883",
        "x": 109883,
        "y": 56220,
        "z": 17
      },
      {
        "accessed_at": "2026-10-09T16:56:59.500913Z",
        "byte_count": 16206,
        "content_type": "image/jpeg",
        "sha256": "3f07ac2f053ed8b9123bf8bdc280e72bbc7ea8ac107fd3dd34ebcc5e0cbb3fab",
        "url": "https://wmts.nlsc.gov.tw/wmts/PHOTO2/default/GoogleMapsCompatible/17/56220/109884",
        "x": 109884,
        "y": 56220,
        "z": 17
      },
      {
        "accessed_at": "2026-10-09T16:56:59.840070Z",
        "byte_count": 18498,
        "content_type": "image/jpeg",
        "sha256": "25ca4b18adf333f3d2f2895175c10e96312fdc9382790e91ac1499b42a172197",
        "url": "https://wmts.nlsc.gov.tw/wmts/PHOTO2/default/GoogleMapsCompatible/17/56220/109885",
        "x": 109885,
        "y": 56220,
        "z": 17
      },
      {
        "accessed_at": "2026-10-09T16:57:00.147749Z",
        "byte_count": 11372,
        "content_type": "image/jpeg",
        "sha256": "78d81c4430d5a2c470d5bed1fcd2ab4c0cea0c3fcfe97100d7ea2061e95a7acc",
        "url": "https://wmts.nlsc.gov.tw/wmts/PHOTO2/default/GoogleMapsCompatible/17/56220/109886",
        "x": 109886,
        "y": 56220,
        "z": 17
      },
      {
        "accessed_at": "2026-10-09T16:57:00.520834Z",
        "byte_count": 22016,
        "content_type": "image/jpeg",
        "sha256": "5a533602aaf5d2538955c37c0c8394533131f63168bdb38ea822127e18f05d51",
        "url": "https://wmts.nlsc.gov.tw/wmts/PHOTO2/default/GoogleMapsCompatible/17/56220/109887",
        "x": 109887,
        "y": 56220,
        "z": 17
      },
      {
        "accessed_at": "2026-10-09T16:57:00.836548Z",
        "byte_count": 22253,
        "content_type": "image/jpeg",
        "sha256": "c26942950089b358bbe1ab4cda17897db2ec6d6e358ca15b74aa376d59fb68ec",
        "url": "https://wmts.nlsc.gov.tw/wmts/PHOTO2/default/GoogleMapsCompatible/17/56220/109888",
        "x": 109888,
        "y": 56220,
        "z": 17
      },
      {
        "accessed_at": "2026-10-09T16:57:01.188596Z",
        "byte_count": 38620,
        "content_type": "image/jpeg",
        "sha256": "0a7edb60384a3c70d8fa22cceabf79d18997826c0c9f123a70f8c908631cde19",
        "url": "https://wmts.nlsc.gov.tw/wmts/PHOTO2/default/GoogleMapsCompatible/17/56220/109889",
        "x": 109889,
        "y": 56220,
        "z": 17
      },
      {
        "accessed_at": "2026-10-09T16:57:01.545558Z",
        "byte_count": 41466,
        "content_type": "image/jpeg",
        "sha256": "7b7bc97a793d190e6604e3f0f362407ffa20b70bd5afef5cb3f19c7bbe92adc4",
        "url": "https://wmts.nlsc.gov.tw/wmts/PHOTO2/default/GoogleMapsCompatible/17/56220/109890",
        "x": 109890,
        "y": 56220,
        "z": 17
      },
      {
        "accessed_at": "2026-10-09T16:57:01.874851Z",
        "byte_count": 41011,
        "content_type": "image/jpeg",
        "sha256": "16a43ec0d53a6735a48af87980347298d97f62351cf80cfab9e6dabd15d97fe3",
        "url": "https://wmts.nlsc.gov.tw/wmts/PHOTO2/default/GoogleMapsCompatible/17/56220/109891",
        "x": 109891,
        "y": 56220,
        "z": 17
      },
      {
        "accessed_at": "2026-10-09T16:57:02.159835Z",
        "byte_count": 14855,
        "content_type": "image/jpeg",
        "sha256": "a0413cd7b1ad877745913de05e691d4f173258e6de8785b21fda6128dd0d646f",
        "url": "https://wmts.nlsc.gov.tw/wmts/PHOTO2/default/GoogleMapsCompatible/17/56220/109892",
        "x": 109892,
        "y": 56220,
        "z": 17
      },
      {
        "accessed_at": "2026-10-09T16:57:02.498848Z",
        "byte_count": 1653,
        "content_type": "image/jpeg",
        "sha256": "a41c617da051ce66997b47337fa5feb4f533647f19118f8606dbf1ae94869cab",
        "url": "https://wmts.nlsc.gov.tw/wmts/PHOTO2/default/GoogleMapsCompatible/17/56220/109893",
        "x": 109893,
        "y": 56220,
        "z": 17
      },
      {
        "accessed_at": "2026-10-09T16:57:02.813087Z",
        "byte_count": 1653,
        "content_type": "image/jpeg",
        "sha256": "a41c617da051ce66997b47337fa5feb4f533647f19118f8606dbf1ae94869cab",
        "url": "https://wmts.nlsc.gov.tw/wmts/PHOTO2/default/GoogleMapsCompatible/17/56220/109894",
        "x": 109894,
        "y": 56220,
        "z": 17
      },
      {
        "accessed_at": "2026-10-09T16:57:03.135738Z",
        "byte_count": 1653,
        "content_type": "image/jpeg",
        "sha256": "a41c617da051ce66997b47337fa5feb4f533647f19118f8606dbf1ae94869cab",
        "url": "https://wmts.nlsc.gov.tw/wmts/PHOTO2/default/GoogleMapsCompatible/17/56220/109895",
        "x": 109895,
        "y": 56220,
        "z": 17
      },
      {
        "accessed_at": "2026-10-09T16:57:03.479488Z",
        "byte_count": 1653,
        "content_type": "image/jpeg",
        "sha256": "a41c617da051ce66997b47337fa5feb4f533647f19118f8606dbf1ae94869cab",
        "url": "https://wmts.nlsc.gov.tw/wmts/PHOTO2/default/GoogleMapsCompatible/17/56220/109896",
        "x": 109896,
        "y": 56220,
        "z": 17
      },
      {
        "accessed_at": "2026-10-09T16:57:03.815578Z",
        "byte_count": 1653,
        "content_type": "image/jpeg",
        "sha256": "a41c617da051ce66997b47337fa5feb4f533647f19118f8606dbf1ae94869cab",
        "url": "https://wmts.nlsc.gov.tw/wmts/PHOTO2/default/GoogleMapsCompatible/17/56220/109897",
        "x": 109897,
        "y": 56220,
        "z": 17
      },
      {
        "accessed_at": "2026-10-09T16:57:04.156834Z",
        "byte_count": 1653,
        "content_type": "image/jpeg",
        "sha256": "a41c617da051ce66997b47337fa5feb4f533647f19118f8606dbf1ae94869cab",
        "url": "https://wmts.nlsc.gov.tw/wmts/PHOTO2/default/GoogleMapsCompatible/17/56220/109898",
        "x": 109898,
        "y": 56220,
        "z": 17
      },
      {
        "accessed_at": "2026-10-09T16:29:20.266261Z",
        "byte_count": 20638,
        "content_type": "image/jpeg",
        "sha256": "c305b22df716d68d6db555e2d0aa4fe717c62821c5a63ef20773e1dc53c1af3d",
        "url": "https://wmts.nlsc.gov.tw/wmts/PHOTO2/default/GoogleMapsCompatible/17/56221/109876",
        "x": 109876,
        "y": 56221,
        "z": 17
      },
      {
        "accessed_at": "2026-10-09T16:29:20.476835Z",
        "byte_count": 21341,
        "content_type": "image/jpeg",
        "sha256": "66aeca6bdfaa462e632b149609afe02b2ea845e0d0f4d0254a6b34cd42c13b6d",
        "url": "https://wmts.nlsc.gov.tw/wmts/PHOTO2/default/GoogleMapsCompatible/17/56221/109877",
        "x": 109877,
        "y": 56221,
        "z": 17
      },
      {
        "accessed_at": "2026-10-09T16:29:20.741413Z",
        "byte_count": 22285,
        "content_type": "image/jpeg",
        "sha256": "e02c16bff826dcf4278a0c7baeea5c64b8fb868121323488e56741b642da2507",
        "url": "https://wmts.nlsc.gov.tw/wmts/PHOTO2/default/GoogleMapsCompatible/17/56221/109878",
        "x": 109878,
        "y": 56221,
        "z": 17
      },
      {
        "accessed_at": "2026-10-09T16:29:21.168258Z",
        "byte_count": 25881,
        "content_type": "image/jpeg",
        "sha256": "b0fddbf5fb7df1d898b2a23bc73f92793b86d98d90145982265ad561a9c96734",
        "url": "https://wmts.nlsc.gov.tw/wmts/PHOTO2/default/GoogleMapsCompatible/17/56221/109879",
        "x": 109879,
        "y": 56221,
        "z": 17
      },
      {
        "accessed_at": "2026-10-09T16:29:21.531700Z",
        "byte_count": 20773,
        "content_type": "image/jpeg",
        "sha256": "089fc10ba0d187b17751dd3e1e5ca00017f711a5c8fd06aa1c4abb7b4fae93c4",
        "url": "https://wmts.nlsc.gov.tw/wmts/PHOTO2/default/GoogleMapsCompatible/17/56221/109880",
        "x": 109880,
        "y": 56221,
        "z": 17
      },
      {
        "accessed_at": "2026-10-09T16:29:21.794315Z",
        "byte_count": 19198,
        "content_type": "image/jpeg",
        "sha256": "67128088804e1bc4dedafaa33f82838783f9cbdca7c318d2e5de58a5abe48418",
        "url": "https://wmts.nlsc.gov.tw/wmts/PHOTO2/default/GoogleMapsCompatible/17/56221/109881",
        "x": 109881,
        "y": 56221,
        "z": 17
      },
      {
        "accessed_at": "2026-10-09T16:29:22.156818Z",
        "byte_count": 20463,
        "content_type": "image/jpeg",
        "sha256": "56a86ef2ec2268fd4ed9479e716ba032833abc840280d404bd9c7b7a497e52af",
        "url": "https://wmts.nlsc.gov.tw/wmts/PHOTO2/default/GoogleMapsCompatible/17/56221/109882",
        "x": 109882,
        "y": 56221,
        "z": 17
      },
      {
        "accessed_at": "2026-10-09T16:29:22.472191Z",
        "byte_count": 18303,
        "content_type": "image/jpeg",
        "sha256": "4088a16b9387ed46e7f03056e8da580cb35742277ab4c0ce82c8477b9b108317",
        "url": "https://wmts.nlsc.gov.tw/wmts/PHOTO2/default/GoogleMapsCompatible/17/56221/109883",
        "x": 109883,
        "y": 56221,
        "z": 17
      },
      {
        "accessed_at": "2026-10-09T16:29:22.897648Z",
        "byte_count": 18566,
        "content_type": "image/jpeg",
        "sha256": "c1d8b56c5049d7649f7737e686320648d6424610ad0d372ef366845a4f865214",
        "url": "https://wmts.nlsc.gov.tw/wmts/PHOTO2/default/GoogleMapsCompatible/17/56221/109884",
        "x": 109884,
        "y": 56221,
        "z": 17
      },
      {
        "accessed_at": "2026-10-09T16:29:23.128088Z",
        "byte_count": 16563,
        "content_type": "image/jpeg",
        "sha256": "0a7590839d7003348b60b398116330570fa140f1f58812527a00f7b1505a7e93",
        "url": "https://wmts.nlsc.gov.tw/wmts/PHOTO2/default/GoogleMapsCompatible/17/56221/109885",
        "x": 109885,
        "y": 56221,
        "z": 17
      },
      {
        "accessed_at": "2026-10-09T16:29:23.461214Z",
        "byte_count": 11530,
        "content_type": "image/jpeg",
        "sha256": "79a39d278209daaa2de03401dbd75e09feb4887dc067778502f3858f1a23423f",
        "url": "https://wmts.nlsc.gov.tw/wmts/PHOTO2/default/GoogleMapsCompatible/17/56221/109886",
        "x": 109886,
        "y": 56221,
        "z": 17
      },
      {
        "accessed_at": "2026-10-09T16:29:23.874990Z",
        "byte_count": 19576,
        "content_type": "image/jpeg",
        "sha256": "fa4887d104840428668183892dafed6578292b83f685935c914ad211e6750c5d",
        "url": "https://wmts.nlsc.gov.tw/wmts/PHOTO2/default/GoogleMapsCompatible/17/56221/109887",
        "x": 109887,
        "y": 56221,
        "z": 17
      },
      {
        "accessed_at": "2026-10-09T16:29:24.157498Z",
        "byte_count": 21932,
        "content_type": "image/jpeg",
        "sha256": "8f36ada67e64ffb07c3a9b9c90780ab917d4fb4207f10655e52f5c0f42d66168",
        "url": "https://wmts.nlsc.gov.tw/wmts/PHOTO2/default/GoogleMapsCompatible/17/56221/109888",
        "x": 109888,
        "y": 56221,
        "z": 17
      },
      {
        "accessed_at": "2026-10-09T16:29:24.707902Z",
        "byte_count": 39546,
        "content_type": "image/jpeg",
        "sha256": "85ea365cc28e68df2457022079ca4a2f9743cc6c26fc1c2f161b3772a9f07728",
        "url": "https://wmts.nlsc.gov.tw/wmts/PHOTO2/default/GoogleMapsCompatible/17/56221/109889",
        "x": 109889,
        "y": 56221,
        "z": 17
      },
      {
        "accessed_at": "2026-10-09T16:29:25.031754Z",
        "byte_count": 41290,
        "content_type": "image/jpeg",
        "sha256": "e8f31143285ba432bcd40fa13b3b0a044587da9160394490c209781c2d916917",
        "url": "https://wmts.nlsc.gov.tw/wmts/PHOTO2/default/GoogleMapsCompatible/17/56221/109890",
        "x": 109890,
        "y": 56221,
        "z": 17
      },
      {
        "accessed_at": "2026-10-09T16:29:25.139010Z",
        "byte_count": 40210,
        "content_type": "image/jpeg",
        "sha256": "6d12d9bbded8205def4338ef563b828d1ef35884bef62e96c916bc7d1b2dc803",
        "url": "https://wmts.nlsc.gov.tw/wmts/PHOTO2/default/GoogleMapsCompatible/17/56221/109891",
        "x": 109891,
        "y": 56221,
        "z": 17
      },
      {
        "accessed_at": "2026-10-09T16:29:25.723078Z",
        "byte_count": 15692,
        "content_type": "image/jpeg",
        "sha256": "585a5ca3d85291c381198c7e3d256fb423658c51f8fb488eb9b5a5c00e156ff2",
        "url": "https://wmts.nlsc.gov.tw/wmts/PHOTO2/default/GoogleMapsCompatible/17/56221/109892",
        "x": 109892,
        "y": 56221,
        "z": 17
      },
      {
        "accessed_at": "2026-10-09T16:29:25.779162Z",
        "byte_count": 1653,
        "content_type": "image/jpeg",
        "sha256": "a41c617da051ce66997b47337fa5feb4f533647f19118f8606dbf1ae94869cab",
        "url": "https://wmts.nlsc.gov.tw/wmts/PHOTO2/default/GoogleMapsCompatible/17/56221/109893",
        "x": 109893,
        "y": 56221,
        "z": 17
      },
      {
        "accessed_at": "2026-10-09T16:29:26.126146Z",
        "byte_count": 1653,
        "content_type": "image/jpeg",
        "sha256": "a41c617da051ce66997b47337fa5feb4f533647f19118f8606dbf1ae94869cab",
        "url": "https://wmts.nlsc.gov.tw/wmts/PHOTO2/default/GoogleMapsCompatible/17/56221/109894",
        "x": 109894,
        "y": 56221,
        "z": 17
      },
      {
        "accessed_at": "2026-10-09T16:29:26.521842Z",
        "byte_count": 1653,
        "content_type": "image/jpeg",
        "sha256": "a41c617da051ce66997b47337fa5feb4f533647f19118f8606dbf1ae94869cab",
        "url": "https://wmts.nlsc.gov.tw/wmts/PHOTO2/default/GoogleMapsCompatible/17/56221/109895",
        "x": 109895,
        "y": 56221,
        "z": 17
      },
      {
        "accessed_at": "2026-10-09T16:29:26.840539Z",
        "byte_count": 1653,
        "content_type": "image/jpeg",
        "sha256": "a41c617da051ce66997b47337fa5feb4f533647f19118f8606dbf1ae94869cab",
        "url": "https://wmts.nlsc.gov.tw/wmts/PHOTO2/default/GoogleMapsCompatible/17/56221/109896",
        "x": 109896,
        "y": 56221,
        "z": 17
      },
      {
        "accessed_at": "2026-10-09T16:29:27.137309Z",
        "byte_count": 1653,
        "content_type": "image/jpeg",
        "sha256": "a41c617da051ce66997b47337fa5feb4f533647f19118f8606dbf1ae94869cab",
        "url": "https://wmts.nlsc.gov.tw/wmts/PHOTO2/default/GoogleMapsCompatible/17/56221/109897",
        "x": 109897,
        "y": 56221,
        "z": 17
      },
      {
        "accessed_at": "2026-10-09T16:29:27.740887Z",
        "byte_count": 1653,
        "content_type": "image/jpeg",
        "sha256": "a41c617da051ce66997b47337fa5feb4f533647f19118f8606dbf1ae94869cab",
        "url": "https://wmts.nlsc.gov.tw/wmts/PHOTO2/default/GoogleMapsCompatible/17/56221/109898",
        "x": 109898,
        "y": 56221,
        "z": 17
      },
      {
        "accessed_at": "2026-10-09T16:29:27.811404Z",
        "byte_count": 22589,
        "content_type": "image/jpeg",
        "sha256": "c84c05a514b5e611566f317007000a6a308a6f3bce712015cb4027cd310b96b7",
        "url": "https://wmts.nlsc.gov.tw/wmts/PHOTO2/default/GoogleMapsCompatible/17/56222/109876",
        "x": 109876,
        "y": 56222,
        "z": 17
      },
      {
        "accessed_at": "2026-10-09T16:29:28.200114Z",
        "byte_count": 24455,
        "content_type": "image/jpeg",
        "sha256": "350e9343546bd8f1bd8b82fe061c2adbf55013cedc00f789005f3a32d4b0ca6a",
        "url": "https://wmts.nlsc.gov.tw/wmts/PHOTO2/default/GoogleMapsCompatible/17/56222/109877",
        "x": 109877,
        "y": 56222,
        "z": 17
      },
      {
        "accessed_at": "2026-10-09T16:29:28.462941Z",
        "byte_count": 24237,
        "content_type": "image/jpeg",
        "sha256": "2de528040fe679c4b9cef50a0036494a2d4af8058049c33872c18a35ab9a720a",
        "url": "https://wmts.nlsc.gov.tw/wmts/PHOTO2/default/GoogleMapsCompatible/17/56222/109878",
        "x": 109878,
        "y": 56222,
        "z": 17
      },
      {
        "accessed_at": "2026-10-09T16:29:28.844842Z",
        "byte_count": 23318,
        "content_type": "image/jpeg",
        "sha256": "ee65621ea22a2ed4b12bbfdd7fac17de3f69f2983e19dd62475d948f8b1c50ce",
        "url": "https://wmts.nlsc.gov.tw/wmts/PHOTO2/default/GoogleMapsCompatible/17/56222/109879",
        "x": 109879,
        "y": 56222,
        "z": 17
      },
      {
        "accessed_at": "2026-10-09T16:29:29.190227Z",
        "byte_count": 23946,
        "content_type": "image/jpeg",
        "sha256": "2c11c88a686e75b1d52308324cf46253ea72a471674b5965add88d7daa00d308",
        "url": "https://wmts.nlsc.gov.tw/wmts/PHOTO2/default/GoogleMapsCompatible/17/56222/109880",
        "x": 109880,
        "y": 56222,
        "z": 17
      },
      {
        "accessed_at": "2026-10-09T16:29:29.475204Z",
        "byte_count": 24031,
        "content_type": "image/jpeg",
        "sha256": "9f84e25b639b29084d26683e28bb09b32d42c5afd3115654a4b040e47d0d9429",
        "url": "https://wmts.nlsc.gov.tw/wmts/PHOTO2/default/GoogleMapsCompatible/17/56222/109881",
        "x": 109881,
        "y": 56222,
        "z": 17
      },
      {
        "accessed_at": "2026-10-09T16:29:30.549896Z",
        "byte_count": 23305,
        "content_type": "image/jpeg",
        "sha256": "09fd55cdb093070e89877cb1893809f1b98922d0a569c97bbd1647f212e0ffb1",
        "url": "https://wmts.nlsc.gov.tw/wmts/PHOTO2/default/GoogleMapsCompatible/17/56222/109882",
        "x": 109882,
        "y": 56222,
        "z": 17
      },
      {
        "accessed_at": "2026-10-09T16:29:30.556192Z",
        "byte_count": 18369,
        "content_type": "image/jpeg",
        "sha256": "e6652ddebcd824af111122588f43b4ed87429875d37ff9bbbc1b47a8ab48b19d",
        "url": "https://wmts.nlsc.gov.tw/wmts/PHOTO2/default/GoogleMapsCompatible/17/56222/109883",
        "x": 109883,
        "y": 56222,
        "z": 17
      },
      {
        "accessed_at": "2026-10-09T16:29:30.477327Z",
        "byte_count": 18251,
        "content_type": "image/jpeg",
        "sha256": "4a0beab06b856a2d0b337faf5bb43c287f71408ad0de107cd14340e0750769ab",
        "url": "https://wmts.nlsc.gov.tw/wmts/PHOTO2/default/GoogleMapsCompatible/17/56222/109884",
        "x": 109884,
        "y": 56222,
        "z": 17
      },
      {
        "accessed_at": "2026-10-09T16:29:30.822889Z",
        "byte_count": 10701,
        "content_type": "image/jpeg",
        "sha256": "035deaab24048b440cb1b528877d351d861f4da1ec9d1681efc8b88e73426c89",
        "url": "https://wmts.nlsc.gov.tw/wmts/PHOTO2/default/GoogleMapsCompatible/17/56222/109885",
        "x": 109885,
        "y": 56222,
        "z": 17
      },
      {
        "accessed_at": "2026-10-09T16:29:31.134233Z",
        "byte_count": 13921,
        "content_type": "image/jpeg",
        "sha256": "7ee5b93153edf54e7a05414131c62c4808e2aaa71385d275c5a2078d96be9ac6",
        "url": "https://wmts.nlsc.gov.tw/wmts/PHOTO2/default/GoogleMapsCompatible/17/56222/109886",
        "x": 109886,
        "y": 56222,
        "z": 17
      },
      {
        "accessed_at": "2026-10-09T16:29:31.477410Z",
        "byte_count": 16275,
        "content_type": "image/jpeg",
        "sha256": "6510ef3afb2d3f69374a051ff4340925a3bc247a40bb69ef0630ae30b2d487ca",
        "url": "https://wmts.nlsc.gov.tw/wmts/PHOTO2/default/GoogleMapsCompatible/17/56222/109887",
        "x": 109887,
        "y": 56222,
        "z": 17
      },
      {
        "accessed_at": "2026-10-09T16:29:31.900056Z",
        "byte_count": 20739,
        "content_type": "image/jpeg",
        "sha256": "99859113de4f5ef1caac0a94e53b62bdec8a30702d8520d5a887cc52a6cd344c",
        "url": "https://wmts.nlsc.gov.tw/wmts/PHOTO2/default/GoogleMapsCompatible/17/56222/109888",
        "x": 109888,
        "y": 56222,
        "z": 17
      },
      {
        "accessed_at": "2026-10-09T16:29:32.148795Z",
        "byte_count": 39582,
        "content_type": "image/jpeg",
        "sha256": "dbdb51fb155f5e2692991a70f41306a15bc4d124f88cad5d58eaec4dbc261e92",
        "url": "https://wmts.nlsc.gov.tw/wmts/PHOTO2/default/GoogleMapsCompatible/17/56222/109889",
        "x": 109889,
        "y": 56222,
        "z": 17
      },
      {
        "accessed_at": "2026-10-09T16:29:32.469138Z",
        "byte_count": 40694,
        "content_type": "image/jpeg",
        "sha256": "06bc17ac3ada6cca58ca665239ac0d43107bae152468463224b633ab5d2d11f9",
        "url": "https://wmts.nlsc.gov.tw/wmts/PHOTO2/default/GoogleMapsCompatible/17/56222/109890",
        "x": 109890,
        "y": 56222,
        "z": 17
      },
      {
        "accessed_at": "2026-10-09T16:29:32.838493Z",
        "byte_count": 40241,
        "content_type": "image/jpeg",
        "sha256": "53a83a2f9002b7dcaaf864fb6c587fa74dad8d9f3b2ea1d2c91f277da08657fe",
        "url": "https://wmts.nlsc.gov.tw/wmts/PHOTO2/default/GoogleMapsCompatible/17/56222/109891",
        "x": 109891,
        "y": 56222,
        "z": 17
      },
      {
        "accessed_at": "2026-10-09T16:29:33.140970Z",
        "byte_count": 16243,
        "content_type": "image/jpeg",
        "sha256": "bd70a115057aba81fb192e8bb0011d9737d6d80e09f219e952fa786710b58cf4",
        "url": "https://wmts.nlsc.gov.tw/wmts/PHOTO2/default/GoogleMapsCompatible/17/56222/109892",
        "x": 109892,
        "y": 56222,
        "z": 17
      },
      {
        "accessed_at": "2026-10-09T16:29:33.444278Z",
        "byte_count": 1653,
        "content_type": "image/jpeg",
        "sha256": "a41c617da051ce66997b47337fa5feb4f533647f19118f8606dbf1ae94869cab",
        "url": "https://wmts.nlsc.gov.tw/wmts/PHOTO2/default/GoogleMapsCompatible/17/56222/109893",
        "x": 109893,
        "y": 56222,
        "z": 17
      },
      {
        "accessed_at": "2026-10-09T16:29:33.817180Z",
        "byte_count": 1653,
        "content_type": "image/jpeg",
        "sha256": "a41c617da051ce66997b47337fa5feb4f533647f19118f8606dbf1ae94869cab",
        "url": "https://wmts.nlsc.gov.tw/wmts/PHOTO2/default/GoogleMapsCompatible/17/56222/109894",
        "x": 109894,
        "y": 56222,
        "z": 17
      },
      {
        "accessed_at": "2026-10-09T16:29:34.127528Z",
        "byte_count": 1653,
        "content_type": "image/jpeg",
        "sha256": "a41c617da051ce66997b47337fa5feb4f533647f19118f8606dbf1ae94869cab",
        "url": "https://wmts.nlsc.gov.tw/wmts/PHOTO2/default/GoogleMapsCompatible/17/56222/109895",
        "x": 109895,
        "y": 56222,
        "z": 17
      },
      {
        "accessed_at": "2026-10-09T16:29:34.442394Z",
        "byte_count": 1653,
        "content_type": "image/jpeg",
        "sha256": "a41c617da051ce66997b47337fa5feb4f533647f19118f8606dbf1ae94869cab",
        "url": "https://wmts.nlsc.gov.tw/wmts/PHOTO2/default/GoogleMapsCompatible/17/56222/109896",
        "x": 109896,
        "y": 56222,
        "z": 17
      },
      {
        "accessed_at": "2026-10-09T16:29:34.818853Z",
        "byte_count": 1653,
        "content_type": "image/jpeg",
        "sha256": "a41c617da051ce66997b47337fa5feb4f533647f19118f8606dbf1ae94869cab",
        "url": "https://wmts.nlsc.gov.tw/wmts/PHOTO2/default/GoogleMapsCompatible/17/56222/109897",
        "x": 109897,
        "y": 56222,
        "z": 17
      },
      {
        "accessed_at": "2026-10-09T16:29:35.179341Z",
        "byte_count": 1653,
        "content_type": "image/jpeg",
        "sha256": "a41c617da051ce66997b47337fa5feb4f533647f19118f8606dbf1ae94869cab",
        "url": "https://wmts.nlsc.gov.tw/wmts/PHOTO2/default/GoogleMapsCompatible/17/56222/109898",
        "x": 109898,
        "y": 56222,
        "z": 17
      },
      {
        "accessed_at": "2026-10-09T16:29:35.468228Z",
        "byte_count": 21157,
        "content_type": "image/jpeg",
        "sha256": "8ccb86e857b8bad5b2b3f69625bc8602eeeafb3a190370ffd3a3a2ad9853dc3a",
        "url": "https://wmts.nlsc.gov.tw/wmts/PHOTO2/default/GoogleMapsCompatible/17/56223/109876",
        "x": 109876,
        "y": 56223,
        "z": 17
      },
      {
        "accessed_at": "2026-10-09T16:29:35.811210Z",
        "byte_count": 25063,
        "content_type": "image/jpeg",
        "sha256": "ff91021937da8eeefb85f41e79c4d105306885ba07776621573bbc3ff34e3c13",
        "url": "https://wmts.nlsc.gov.tw/wmts/PHOTO2/default/GoogleMapsCompatible/17/56223/109877",
        "x": 109877,
        "y": 56223,
        "z": 17
      },
      {
        "accessed_at": "2026-10-09T16:29:36.210750Z",
        "byte_count": 25507,
        "content_type": "image/jpeg",
        "sha256": "04e372ced183446c6ba9385c49391386deaa523f401d2630b20c0a81c5d381f7",
        "url": "https://wmts.nlsc.gov.tw/wmts/PHOTO2/default/GoogleMapsCompatible/17/56223/109878",
        "x": 109878,
        "y": 56223,
        "z": 17
      },
      {
        "accessed_at": "2026-10-09T16:29:36.534369Z",
        "byte_count": 23535,
        "content_type": "image/jpeg",
        "sha256": "8ba2ea842baee23a117c97c9b63c36f579d635f37a60ce78dabdc7432d2c9676",
        "url": "https://wmts.nlsc.gov.tw/wmts/PHOTO2/default/GoogleMapsCompatible/17/56223/109879",
        "x": 109879,
        "y": 56223,
        "z": 17
      },
      {
        "accessed_at": "2026-10-09T16:29:36.764475Z",
        "byte_count": 24237,
        "content_type": "image/jpeg",
        "sha256": "88211d12cfa34a84ef36c147cbfc81f3ff10536c528dcb6f92cd4f4c67768e45",
        "url": "https://wmts.nlsc.gov.tw/wmts/PHOTO2/default/GoogleMapsCompatible/17/56223/109880",
        "x": 109880,
        "y": 56223,
        "z": 17
      },
      {
        "accessed_at": "2026-10-09T16:29:37.117120Z",
        "byte_count": 21214,
        "content_type": "image/jpeg",
        "sha256": "8fd02115ee6e780d04a20c6cffd3eab713f8ff074406b918d6a0682f52315c17",
        "url": "https://wmts.nlsc.gov.tw/wmts/PHOTO2/default/GoogleMapsCompatible/17/56223/109881",
        "x": 109881,
        "y": 56223,
        "z": 17
      },
      {
        "accessed_at": "2026-10-09T16:29:37.455193Z",
        "byte_count": 19271,
        "content_type": "image/jpeg",
        "sha256": "ac271eb1ebdeda3d0243cdde7fb56b294b7342f252569edf945d390cdc6fce4b",
        "url": "https://wmts.nlsc.gov.tw/wmts/PHOTO2/default/GoogleMapsCompatible/17/56223/109882",
        "x": 109882,
        "y": 56223,
        "z": 17
      },
      {
        "accessed_at": "2026-10-09T16:29:37.798974Z",
        "byte_count": 21161,
        "content_type": "image/jpeg",
        "sha256": "7ab23a9b928d9a248032a2b3c066709da84cb7784539dc38218ac984d6c07bc1",
        "url": "https://wmts.nlsc.gov.tw/wmts/PHOTO2/default/GoogleMapsCompatible/17/56223/109883",
        "x": 109883,
        "y": 56223,
        "z": 17
      },
      {
        "accessed_at": "2026-10-09T16:29:38.162093Z",
        "byte_count": 12986,
        "content_type": "image/jpeg",
        "sha256": "e09ffc8a7e04138b8dc10835ca3b881b821e14ce6a6615cd16e4a85903b528d8",
        "url": "https://wmts.nlsc.gov.tw/wmts/PHOTO2/default/GoogleMapsCompatible/17/56223/109884",
        "x": 109884,
        "y": 56223,
        "z": 17
      },
      {
        "accessed_at": "2026-10-09T16:29:38.430407Z",
        "byte_count": 11927,
        "content_type": "image/jpeg",
        "sha256": "865e386f13686f457def5a962e33f25a8abab7586e04e388b0d9c07de39540fd",
        "url": "https://wmts.nlsc.gov.tw/wmts/PHOTO2/default/GoogleMapsCompatible/17/56223/109885",
        "x": 109885,
        "y": 56223,
        "z": 17
      },
      {
        "accessed_at": "2026-10-09T16:29:38.794091Z",
        "byte_count": 13536,
        "content_type": "image/jpeg",
        "sha256": "fba96554f65c2d693d12fb05c2176cc412a96748739e6b8c67d8de7b409a5b68",
        "url": "https://wmts.nlsc.gov.tw/wmts/PHOTO2/default/GoogleMapsCompatible/17/56223/109886",
        "x": 109886,
        "y": 56223,
        "z": 17
      },
      {
        "accessed_at": "2026-10-09T16:29:39.246312Z",
        "byte_count": 20718,
        "content_type": "image/jpeg",
        "sha256": "7dafcdcc6430f7c86296312a1a3bc072993c24ae842fdcfb6afd10562ff02f84",
        "url": "https://wmts.nlsc.gov.tw/wmts/PHOTO2/default/GoogleMapsCompatible/17/56223/109887",
        "x": 109887,
        "y": 56223,
        "z": 17
      },
      {
        "accessed_at": "2026-10-09T16:29:39.472283Z",
        "byte_count": 19645,
        "content_type": "image/jpeg",
        "sha256": "552f613c51c4aa9381f1a564b35b72223d5b89a1475675f75390701c88925075",
        "url": "https://wmts.nlsc.gov.tw/wmts/PHOTO2/default/GoogleMapsCompatible/17/56223/109888",
        "x": 109888,
        "y": 56223,
        "z": 17
      },
      {
        "accessed_at": "2026-10-09T16:29:39.821727Z",
        "byte_count": 37683,
        "content_type": "image/jpeg",
        "sha256": "9f699118d07d4c3766ae2336738de8f91de03667988a86cf6cff472f6f879557",
        "url": "https://wmts.nlsc.gov.tw/wmts/PHOTO2/default/GoogleMapsCompatible/17/56223/109889",
        "x": 109889,
        "y": 56223,
        "z": 17
      },
      {
        "accessed_at": "2026-10-09T16:29:40.136965Z",
        "byte_count": 39286,
        "content_type": "image/jpeg",
        "sha256": "0f4697a5997e44e042136e2d30a0c5bb0953efdc76efee292a9d541cc6aa1e8e",
        "url": "https://wmts.nlsc.gov.tw/wmts/PHOTO2/default/GoogleMapsCompatible/17/56223/109890",
        "x": 109890,
        "y": 56223,
        "z": 17
      },
      {
        "accessed_at": "2026-10-09T16:29:40.517243Z",
        "byte_count": 39317,
        "content_type": "image/jpeg",
        "sha256": "ef18e2c20ec7eedb95bb4b7ddcf9cfd3297609f6f3cb30bb69e6f0821f5f348a",
        "url": "https://wmts.nlsc.gov.tw/wmts/PHOTO2/default/GoogleMapsCompatible/17/56223/109891",
        "x": 109891,
        "y": 56223,
        "z": 17
      },
      {
        "accessed_at": "2026-10-09T16:29:40.801685Z",
        "byte_count": 15583,
        "content_type": "image/jpeg",
        "sha256": "e2cda8329c2f3c36f322ab44392e32c64b3aa47d44a896f2365decbe763a4b68",
        "url": "https://wmts.nlsc.gov.tw/wmts/PHOTO2/default/GoogleMapsCompatible/17/56223/109892",
        "x": 109892,
        "y": 56223,
        "z": 17
      },
      {
        "accessed_at": "2026-10-09T16:29:41.117035Z",
        "byte_count": 1653,
        "content_type": "image/jpeg",
        "sha256": "a41c617da051ce66997b47337fa5feb4f533647f19118f8606dbf1ae94869cab",
        "url": "https://wmts.nlsc.gov.tw/wmts/PHOTO2/default/GoogleMapsCompatible/17/56223/109893",
        "x": 109893,
        "y": 56223,
        "z": 17
      },
      {
        "accessed_at": "2026-10-09T16:29:41.443996Z",
        "byte_count": 1653,
        "content_type": "image/jpeg",
        "sha256": "a41c617da051ce66997b47337fa5feb4f533647f19118f8606dbf1ae94869cab",
        "url": "https://wmts.nlsc.gov.tw/wmts/PHOTO2/default/GoogleMapsCompatible/17/56223/109894",
        "x": 109894,
        "y": 56223,
        "z": 17
      },
      {
        "accessed_at": "2026-10-09T16:29:41.806627Z",
        "byte_count": 1653,
        "content_type": "image/jpeg",
        "sha256": "a41c617da051ce66997b47337fa5feb4f533647f19118f8606dbf1ae94869cab",
        "url": "https://wmts.nlsc.gov.tw/wmts/PHOTO2/default/GoogleMapsCompatible/17/56223/109895",
        "x": 109895,
        "y": 56223,
        "z": 17
      },
      {
        "accessed_at": "2026-10-09T16:29:42.125959Z",
        "byte_count": 1653,
        "content_type": "image/jpeg",
        "sha256": "a41c617da051ce66997b47337fa5feb4f533647f19118f8606dbf1ae94869cab",
        "url": "https://wmts.nlsc.gov.tw/wmts/PHOTO2/default/GoogleMapsCompatible/17/56223/109896",
        "x": 109896,
        "y": 56223,
        "z": 17
      },
      {
        "accessed_at": "2026-10-09T16:29:42.449997Z",
        "byte_count": 1653,
        "content_type": "image/jpeg",
        "sha256": "a41c617da051ce66997b47337fa5feb4f533647f19118f8606dbf1ae94869cab",
        "url": "https://wmts.nlsc.gov.tw/wmts/PHOTO2/default/GoogleMapsCompatible/17/56223/109897",
        "x": 109897,
        "y": 56223,
        "z": 17
      },
      {
        "accessed_at": "2026-10-09T16:29:42.805939Z",
        "byte_count": 1653,
        "content_type": "image/jpeg",
        "sha256": "a41c617da051ce66997b47337fa5feb4f533647f19118f8606dbf1ae94869cab",
        "url": "https://wmts.nlsc.gov.tw/wmts/PHOTO2/default/GoogleMapsCompatible/17/56223/109898",
        "x": 109898,
        "y": 56223,
        "z": 17
      },
      {
        "accessed_at": "2026-10-09T16:29:43.162317Z",
        "byte_count": 22204,
        "content_type": "image/jpeg",
        "sha256": "5ddd541dc79c6c815d884a1aef44a7a4ddbb9d5b9afc8292d9db7aaba79c3ac2",
        "url": "https://wmts.nlsc.gov.tw/wmts/PHOTO2/default/GoogleMapsCompatible/17/56224/109876",
        "x": 109876,
        "y": 56224,
        "z": 17
      },
      {
        "accessed_at": "2026-10-09T16:29:43.514341Z",
        "byte_count": 21245,
        "content_type": "image/jpeg",
        "sha256": "ae791dd271db829c2f2bc858a0ae244662289c8bd0c340da0449c92e2478fc0e",
        "url": "https://wmts.nlsc.gov.tw/wmts/PHOTO2/default/GoogleMapsCompatible/17/56224/109877",
        "x": 109877,
        "y": 56224,
        "z": 17
      },
      {
        "accessed_at": "2026-10-09T16:29:43.828332Z",
        "byte_count": 23656,
        "content_type": "image/jpeg",
        "sha256": "5aa777b5d1dafd19ccb123b33499cc66d897e0bfdc12a59792cbfb19385ea4da",
        "url": "https://wmts.nlsc.gov.tw/wmts/PHOTO2/default/GoogleMapsCompatible/17/56224/109878",
        "x": 109878,
        "y": 56224,
        "z": 17
      },
      {
        "accessed_at": "2026-10-09T16:29:44.159354Z",
        "byte_count": 24098,
        "content_type": "image/jpeg",
        "sha256": "1b3dd3135fc4322481b92fafa97db97c85c8e2c41d6ba4b07b2bb49007f094e4",
        "url": "https://wmts.nlsc.gov.tw/wmts/PHOTO2/default/GoogleMapsCompatible/17/56224/109879",
        "x": 109879,
        "y": 56224,
        "z": 17
      },
      {
        "accessed_at": "2026-10-09T16:29:44.477145Z",
        "byte_count": 24920,
        "content_type": "image/jpeg",
        "sha256": "64230eaec5475b62d01e09c7e687b84974c4bd7f0b0927bb5cf5dbe7dc302f4e",
        "url": "https://wmts.nlsc.gov.tw/wmts/PHOTO2/default/GoogleMapsCompatible/17/56224/109880",
        "x": 109880,
        "y": 56224,
        "z": 17
      },
      {
        "accessed_at": "2026-10-09T16:29:44.827674Z",
        "byte_count": 22468,
        "content_type": "image/jpeg",
        "sha256": "ae290cd18fda174665b56b2e8961d5be8c0cd42dc75f9bd920dbcf9357081228",
        "url": "https://wmts.nlsc.gov.tw/wmts/PHOTO2/default/GoogleMapsCompatible/17/56224/109881",
        "x": 109881,
        "y": 56224,
        "z": 17
      },
      {
        "accessed_at": "2026-10-09T16:29:45.166632Z",
        "byte_count": 21169,
        "content_type": "image/jpeg",
        "sha256": "091a5dbbf2a3bd3158d3a9ad968d69d06f85f38d6b8bf73f46b8e85a3c4027ce",
        "url": "https://wmts.nlsc.gov.tw/wmts/PHOTO2/default/GoogleMapsCompatible/17/56224/109882",
        "x": 109882,
        "y": 56224,
        "z": 17
      },
      {
        "accessed_at": "2026-10-09T16:29:45.489331Z",
        "byte_count": 19713,
        "content_type": "image/jpeg",
        "sha256": "73b249c0758ee0e1e2500fc4cd9432051b8a4d8f3d318a9b04c8fdc4e5db202d",
        "url": "https://wmts.nlsc.gov.tw/wmts/PHOTO2/default/GoogleMapsCompatible/17/56224/109883",
        "x": 109883,
        "y": 56224,
        "z": 17
      },
      {
        "accessed_at": "2026-10-09T16:29:45.804034Z",
        "byte_count": 14384,
        "content_type": "image/jpeg",
        "sha256": "537d5e70b412cb6b65c8cf9738ebdcfe63e3fc741c0839a480b5a0b9658260af",
        "url": "https://wmts.nlsc.gov.tw/wmts/PHOTO2/default/GoogleMapsCompatible/17/56224/109884",
        "x": 109884,
        "y": 56224,
        "z": 17
      },
      {
        "accessed_at": "2026-10-09T16:29:46.141976Z",
        "byte_count": 15058,
        "content_type": "image/jpeg",
        "sha256": "3292c222193eae821811cdfdd1d6c2f3b8b6ae015a488037aa44e5b67f158c08",
        "url": "https://wmts.nlsc.gov.tw/wmts/PHOTO2/default/GoogleMapsCompatible/17/56224/109885",
        "x": 109885,
        "y": 56224,
        "z": 17
      },
      {
        "accessed_at": "2026-10-09T16:29:46.511959Z",
        "byte_count": 10303,
        "content_type": "image/jpeg",
        "sha256": "d8bddfa3e3d77c7f0ddb5cf6b9cd8f3edc7699cc576d6d64a1697ac4aaf8f3ea",
        "url": "https://wmts.nlsc.gov.tw/wmts/PHOTO2/default/GoogleMapsCompatible/17/56224/109886",
        "x": 109886,
        "y": 56224,
        "z": 17
      },
      {
        "accessed_at": "2026-10-09T16:29:46.808279Z",
        "byte_count": 23433,
        "content_type": "image/jpeg",
        "sha256": "0de76f2d3e13e634766038e4218d693d872160fee3ee27b621b2ac3704173efe",
        "url": "https://wmts.nlsc.gov.tw/wmts/PHOTO2/default/GoogleMapsCompatible/17/56224/109887",
        "x": 109887,
        "y": 56224,
        "z": 17
      },
      {
        "accessed_at": "2026-10-09T16:29:47.141344Z",
        "byte_count": 18543,
        "content_type": "image/jpeg",
        "sha256": "eb43550de39806774db3d7567a542d2cebed042432650b30a8256f14ed1c966a",
        "url": "https://wmts.nlsc.gov.tw/wmts/PHOTO2/default/GoogleMapsCompatible/17/56224/109888",
        "x": 109888,
        "y": 56224,
        "z": 17
      },
      {
        "accessed_at": "2026-10-09T16:29:47.488815Z",
        "byte_count": 36464,
        "content_type": "image/jpeg",
        "sha256": "00747dec90e6e358194cea2b9e4e9e453b081c866e06e2a28819ef1710d9461d",
        "url": "https://wmts.nlsc.gov.tw/wmts/PHOTO2/default/GoogleMapsCompatible/17/56224/109889",
        "x": 109889,
        "y": 56224,
        "z": 17
      },
      {
        "accessed_at": "2026-10-09T16:29:47.825898Z",
        "byte_count": 39616,
        "content_type": "image/jpeg",
        "sha256": "277a1b6a59c46dd70af2837995864bbcb808c215911131f161ef4ebb8a092bf8",
        "url": "https://wmts.nlsc.gov.tw/wmts/PHOTO2/default/GoogleMapsCompatible/17/56224/109890",
        "x": 109890,
        "y": 56224,
        "z": 17
      },
      {
        "accessed_at": "2026-10-09T16:29:48.169565Z",
        "byte_count": 39731,
        "content_type": "image/jpeg",
        "sha256": "ef88d06d6525a4de2befd584a2db01006d157ee6389984ec8da1ba1b28ee6dfd",
        "url": "https://wmts.nlsc.gov.tw/wmts/PHOTO2/default/GoogleMapsCompatible/17/56224/109891",
        "x": 109891,
        "y": 56224,
        "z": 17
      },
      {
        "accessed_at": "2026-10-09T16:29:48.515981Z",
        "byte_count": 17568,
        "content_type": "image/jpeg",
        "sha256": "833681069cfd778f86a518c05dd2e61ad5371e4756616fba78c3b0115d95a6d2",
        "url": "https://wmts.nlsc.gov.tw/wmts/PHOTO2/default/GoogleMapsCompatible/17/56224/109892",
        "x": 109892,
        "y": 56224,
        "z": 17
      },
      {
        "accessed_at": "2026-10-09T16:29:48.821885Z",
        "byte_count": 1653,
        "content_type": "image/jpeg",
        "sha256": "a41c617da051ce66997b47337fa5feb4f533647f19118f8606dbf1ae94869cab",
        "url": "https://wmts.nlsc.gov.tw/wmts/PHOTO2/default/GoogleMapsCompatible/17/56224/109893",
        "x": 109893,
        "y": 56224,
        "z": 17
      },
      {
        "accessed_at": "2026-10-09T16:29:49.103425Z",
        "byte_count": 1653,
        "content_type": "image/jpeg",
        "sha256": "a41c617da051ce66997b47337fa5feb4f533647f19118f8606dbf1ae94869cab",
        "url": "https://wmts.nlsc.gov.tw/wmts/PHOTO2/default/GoogleMapsCompatible/17/56224/109894",
        "x": 109894,
        "y": 56224,
        "z": 17
      },
      {
        "accessed_at": "2026-10-09T16:29:49.449771Z",
        "byte_count": 1653,
        "content_type": "image/jpeg",
        "sha256": "a41c617da051ce66997b47337fa5feb4f533647f19118f8606dbf1ae94869cab",
        "url": "https://wmts.nlsc.gov.tw/wmts/PHOTO2/default/GoogleMapsCompatible/17/56224/109895",
        "x": 109895,
        "y": 56224,
        "z": 17
      },
      {
        "accessed_at": "2026-10-09T16:29:49.809597Z",
        "byte_count": 1653,
        "content_type": "image/jpeg",
        "sha256": "a41c617da051ce66997b47337fa5feb4f533647f19118f8606dbf1ae94869cab",
        "url": "https://wmts.nlsc.gov.tw/wmts/PHOTO2/default/GoogleMapsCompatible/17/56224/109896",
        "x": 109896,
        "y": 56224,
        "z": 17
      },
      {
        "accessed_at": "2026-10-09T16:29:50.146978Z",
        "byte_count": 1653,
        "content_type": "image/jpeg",
        "sha256": "a41c617da051ce66997b47337fa5feb4f533647f19118f8606dbf1ae94869cab",
        "url": "https://wmts.nlsc.gov.tw/wmts/PHOTO2/default/GoogleMapsCompatible/17/56224/109897",
        "x": 109897,
        "y": 56224,
        "z": 17
      },
      {
        "accessed_at": "2026-10-09T16:29:50.457846Z",
        "byte_count": 1653,
        "content_type": "image/jpeg",
        "sha256": "a41c617da051ce66997b47337fa5feb4f533647f19118f8606dbf1ae94869cab",
        "url": "https://wmts.nlsc.gov.tw/wmts/PHOTO2/default/GoogleMapsCompatible/17/56224/109898",
        "x": 109898,
        "y": 56224,
        "z": 17
      },
      {
        "accessed_at": "2026-10-09T16:29:50.854222Z",
        "byte_count": 24142,
        "content_type": "image/jpeg",
        "sha256": "bef6d02bea714a41ae0aecd04a96516484562dc021a86906ca527b8ff1b9b9bf",
        "url": "https://wmts.nlsc.gov.tw/wmts/PHOTO2/default/GoogleMapsCompatible/17/56225/109876",
        "x": 109876,
        "y": 56225,
        "z": 17
      },
      {
        "accessed_at": "2026-10-09T16:29:51.183979Z",
        "byte_count": 23754,
        "content_type": "image/jpeg",
        "sha256": "96423e47b3c70245a497f24196378d9e36b3b5fe77352c0770a42a6093a1d428",
        "url": "https://wmts.nlsc.gov.tw/wmts/PHOTO2/default/GoogleMapsCompatible/17/56225/109877",
        "x": 109877,
        "y": 56225,
        "z": 17
      },
      {
        "accessed_at": "2026-10-09T16:29:51.508921Z",
        "byte_count": 21610,
        "content_type": "image/jpeg",
        "sha256": "d7dce53074ee0a29ecdfc074f38109888c47ad81fab91ee8bdab3239fd5e1b91",
        "url": "https://wmts.nlsc.gov.tw/wmts/PHOTO2/default/GoogleMapsCompatible/17/56225/109878",
        "x": 109878,
        "y": 56225,
        "z": 17
      },
      {
        "accessed_at": "2026-10-09T16:29:51.809321Z",
        "byte_count": 21620,
        "content_type": "image/jpeg",
        "sha256": "1304264a7641f5568756ed8e2141806fbffb400092047a827e421750fb3e1843",
        "url": "https://wmts.nlsc.gov.tw/wmts/PHOTO2/default/GoogleMapsCompatible/17/56225/109879",
        "x": 109879,
        "y": 56225,
        "z": 17
      },
      {
        "accessed_at": "2026-10-09T16:29:52.179652Z",
        "byte_count": 21953,
        "content_type": "image/jpeg",
        "sha256": "b0a5c247e016cf3d9d208a94c28a301fa7e97c6e19adcf7aecb3641bb96a2c1c",
        "url": "https://wmts.nlsc.gov.tw/wmts/PHOTO2/default/GoogleMapsCompatible/17/56225/109880",
        "x": 109880,
        "y": 56225,
        "z": 17
      },
      {
        "accessed_at": "2026-10-09T16:29:52.480089Z",
        "byte_count": 19822,
        "content_type": "image/jpeg",
        "sha256": "e26d3428c2acb90fe8faf05e95f12e94a4da00fd117aa27db20978463c53e899",
        "url": "https://wmts.nlsc.gov.tw/wmts/PHOTO2/default/GoogleMapsCompatible/17/56225/109881",
        "x": 109881,
        "y": 56225,
        "z": 17
      },
      {
        "accessed_at": "2026-10-09T16:29:52.864088Z",
        "byte_count": 25754,
        "content_type": "image/jpeg",
        "sha256": "60fe85b31d301782fda7d2ec21cdd97c41fbb9fe56490ad53913326050babc37",
        "url": "https://wmts.nlsc.gov.tw/wmts/PHOTO2/default/GoogleMapsCompatible/17/56225/109882",
        "x": 109882,
        "y": 56225,
        "z": 17
      },
      {
        "accessed_at": "2026-10-09T16:29:53.138147Z",
        "byte_count": 19449,
        "content_type": "image/jpeg",
        "sha256": "394b0bbd4af477de6f41457390eee83965f92776b1d4afc727f87fab55e0b2cb",
        "url": "https://wmts.nlsc.gov.tw/wmts/PHOTO2/default/GoogleMapsCompatible/17/56225/109883",
        "x": 109883,
        "y": 56225,
        "z": 17
      },
      {
        "accessed_at": "2026-10-09T16:29:53.499417Z",
        "byte_count": 12885,
        "content_type": "image/jpeg",
        "sha256": "639fefed0b827f18f417810988ec942f8f549806a1dcf4b7ec312f3a341d3541",
        "url": "https://wmts.nlsc.gov.tw/wmts/PHOTO2/default/GoogleMapsCompatible/17/56225/109884",
        "x": 109884,
        "y": 56225,
        "z": 17
      },
      {
        "accessed_at": "2026-10-09T16:29:53.782589Z",
        "byte_count": 11870,
        "content_type": "image/jpeg",
        "sha256": "8357f23864022c42931c0df5c0ebfd40a1bf2039cb590763d98b494ebf009fdd",
        "url": "https://wmts.nlsc.gov.tw/wmts/PHOTO2/default/GoogleMapsCompatible/17/56225/109885",
        "x": 109885,
        "y": 56225,
        "z": 17
      },
      {
        "accessed_at": "2026-10-09T16:29:54.122811Z",
        "byte_count": 12883,
        "content_type": "image/jpeg",
        "sha256": "e82984354491f62f47e43d9cc2ac2aec7aa2063fdac8d1f6906dcf9885cdc3f0",
        "url": "https://wmts.nlsc.gov.tw/wmts/PHOTO2/default/GoogleMapsCompatible/17/56225/109886",
        "x": 109886,
        "y": 56225,
        "z": 17
      },
      {
        "accessed_at": "2026-10-09T16:29:54.459477Z",
        "byte_count": 24586,
        "content_type": "image/jpeg",
        "sha256": "d27fbee15f3136152db00bd4dd87ec74ff80446b5fc5bab1791423b160a43ff5",
        "url": "https://wmts.nlsc.gov.tw/wmts/PHOTO2/default/GoogleMapsCompatible/17/56225/109887",
        "x": 109887,
        "y": 56225,
        "z": 17
      },
      {
        "accessed_at": "2026-10-09T16:29:54.785087Z",
        "byte_count": 17180,
        "content_type": "image/jpeg",
        "sha256": "b7b90f1bce0621d0d7e033196c5f8505526383e1f88c672ce8a0f23a4366e356",
        "url": "https://wmts.nlsc.gov.tw/wmts/PHOTO2/default/GoogleMapsCompatible/17/56225/109888",
        "x": 109888,
        "y": 56225,
        "z": 17
      },
      {
        "accessed_at": "2026-10-09T16:29:55.170837Z",
        "byte_count": 37388,
        "content_type": "image/jpeg",
        "sha256": "6e3c6c117ed93323784415b4c6b7dcee3168a5c6e18de42beb4045d5fa4f71d1",
        "url": "https://wmts.nlsc.gov.tw/wmts/PHOTO2/default/GoogleMapsCompatible/17/56225/109889",
        "x": 109889,
        "y": 56225,
        "z": 17
      },
      {
        "accessed_at": "2026-10-09T16:29:55.560665Z",
        "byte_count": 40705,
        "content_type": "image/jpeg",
        "sha256": "100c751ba2250ffb2b3346d7843aa3d471d36a353ff7be81a537cd22549b822c",
        "url": "https://wmts.nlsc.gov.tw/wmts/PHOTO2/default/GoogleMapsCompatible/17/56225/109890",
        "x": 109890,
        "y": 56225,
        "z": 17
      },
      {
        "accessed_at": "2026-10-09T16:29:55.812282Z",
        "byte_count": 41181,
        "content_type": "image/jpeg",
        "sha256": "25e5438774151d1e770fecb6bbe657970a0e360e4df47ac43d5eebcca44f01f1",
        "url": "https://wmts.nlsc.gov.tw/wmts/PHOTO2/default/GoogleMapsCompatible/17/56225/109891",
        "x": 109891,
        "y": 56225,
        "z": 17
      },
      {
        "accessed_at": "2026-10-09T16:29:56.159567Z",
        "byte_count": 22394,
        "content_type": "image/jpeg",
        "sha256": "c0493071e4c97ed03d68775a96847023b1e5c9f5c1def3eaa82817aeba569fd4",
        "url": "https://wmts.nlsc.gov.tw/wmts/PHOTO2/default/GoogleMapsCompatible/17/56225/109892",
        "x": 109892,
        "y": 56225,
        "z": 17
      },
      {
        "accessed_at": "2026-10-09T16:29:56.432364Z",
        "byte_count": 1653,
        "content_type": "image/jpeg",
        "sha256": "a41c617da051ce66997b47337fa5feb4f533647f19118f8606dbf1ae94869cab",
        "url": "https://wmts.nlsc.gov.tw/wmts/PHOTO2/default/GoogleMapsCompatible/17/56225/109893",
        "x": 109893,
        "y": 56225,
        "z": 17
      },
      {
        "accessed_at": "2026-10-09T16:29:56.796026Z",
        "byte_count": 1653,
        "content_type": "image/jpeg",
        "sha256": "a41c617da051ce66997b47337fa5feb4f533647f19118f8606dbf1ae94869cab",
        "url": "https://wmts.nlsc.gov.tw/wmts/PHOTO2/default/GoogleMapsCompatible/17/56225/109894",
        "x": 109894,
        "y": 56225,
        "z": 17
      },
      {
        "accessed_at": "2026-10-09T16:29:57.126090Z",
        "byte_count": 1653,
        "content_type": "image/jpeg",
        "sha256": "a41c617da051ce66997b47337fa5feb4f533647f19118f8606dbf1ae94869cab",
        "url": "https://wmts.nlsc.gov.tw/wmts/PHOTO2/default/GoogleMapsCompatible/17/56225/109895",
        "x": 109895,
        "y": 56225,
        "z": 17
      },
      {
        "accessed_at": "2026-10-09T16:29:57.465305Z",
        "byte_count": 1653,
        "content_type": "image/jpeg",
        "sha256": "a41c617da051ce66997b47337fa5feb4f533647f19118f8606dbf1ae94869cab",
        "url": "https://wmts.nlsc.gov.tw/wmts/PHOTO2/default/GoogleMapsCompatible/17/56225/109896",
        "x": 109896,
        "y": 56225,
        "z": 17
      },
      {
        "accessed_at": "2026-10-09T16:29:57.782950Z",
        "byte_count": 1653,
        "content_type": "image/jpeg",
        "sha256": "a41c617da051ce66997b47337fa5feb4f533647f19118f8606dbf1ae94869cab",
        "url": "https://wmts.nlsc.gov.tw/wmts/PHOTO2/default/GoogleMapsCompatible/17/56225/109897",
        "x": 109897,
        "y": 56225,
        "z": 17
      },
      {
        "accessed_at": "2026-10-09T16:29:58.109637Z",
        "byte_count": 1653,
        "content_type": "image/jpeg",
        "sha256": "a41c617da051ce66997b47337fa5feb4f533647f19118f8606dbf1ae94869cab",
        "url": "https://wmts.nlsc.gov.tw/wmts/PHOTO2/default/GoogleMapsCompatible/17/56225/109898",
        "x": 109898,
        "y": 56225,
        "z": 17
      },
      {
        "accessed_at": "2026-10-09T16:29:58.492254Z",
        "byte_count": 22293,
        "content_type": "image/jpeg",
        "sha256": "8b7024954dc4bfc9c3c3eee620e064b12eddbfe7d5d6c5a0e1ba60f485590d30",
        "url": "https://wmts.nlsc.gov.tw/wmts/PHOTO2/default/GoogleMapsCompatible/17/56226/109876",
        "x": 109876,
        "y": 56226,
        "z": 17
      },
      {
        "accessed_at": "2026-10-09T16:29:58.792611Z",
        "byte_count": 21684,
        "content_type": "image/jpeg",
        "sha256": "f9fba502487ad177fa8da5130841c8abae1eee9eae4f342fe526ca9e924f4d8b",
        "url": "https://wmts.nlsc.gov.tw/wmts/PHOTO2/default/GoogleMapsCompatible/17/56226/109877",
        "x": 109877,
        "y": 56226,
        "z": 17
      },
      {
        "accessed_at": "2026-10-09T16:29:59.186057Z",
        "byte_count": 22983,
        "content_type": "image/jpeg",
        "sha256": "3a4480dad0cbeb35ae8bc49d2d32b7545595e93c7200bfe865984d865537b4e3",
        "url": "https://wmts.nlsc.gov.tw/wmts/PHOTO2/default/GoogleMapsCompatible/17/56226/109878",
        "x": 109878,
        "y": 56226,
        "z": 17
      },
      {
        "accessed_at": "2026-10-09T16:29:59.499795Z",
        "byte_count": 24065,
        "content_type": "image/jpeg",
        "sha256": "4bf1fa71ecca73860a79112777a9138b1b624d7e4b6d53232e76e7d3d37e76a4",
        "url": "https://wmts.nlsc.gov.tw/wmts/PHOTO2/default/GoogleMapsCompatible/17/56226/109879",
        "x": 109879,
        "y": 56226,
        "z": 17
      },
      {
        "accessed_at": "2026-10-09T16:29:59.835690Z",
        "byte_count": 19467,
        "content_type": "image/jpeg",
        "sha256": "8f9ab05fcb8d10125db8097406fd1da4c56c387a423d26f196176fe92d7d08d5",
        "url": "https://wmts.nlsc.gov.tw/wmts/PHOTO2/default/GoogleMapsCompatible/17/56226/109880",
        "x": 109880,
        "y": 56226,
        "z": 17
      },
      {
        "accessed_at": "2026-10-09T16:30:00.140141Z",
        "byte_count": 18610,
        "content_type": "image/jpeg",
        "sha256": "53ebf7f943a6bd99fdff69dc122bf64c8109e752031400612b7a6ef80aa09745",
        "url": "https://wmts.nlsc.gov.tw/wmts/PHOTO2/default/GoogleMapsCompatible/17/56226/109881",
        "x": 109881,
        "y": 56226,
        "z": 17
      },
      {
        "accessed_at": "2026-10-09T16:30:00.450157Z",
        "byte_count": 21233,
        "content_type": "image/jpeg",
        "sha256": "cc953ae6c6b1c639f219ff49164d8647b4fd8434ee4958f6133d88d95870a17c",
        "url": "https://wmts.nlsc.gov.tw/wmts/PHOTO2/default/GoogleMapsCompatible/17/56226/109882",
        "x": 109882,
        "y": 56226,
        "z": 17
      },
      {
        "accessed_at": "2026-10-09T16:30:00.851429Z",
        "byte_count": 23796,
        "content_type": "image/jpeg",
        "sha256": "b21ea13cfd7cdf18e951cd48305c2cdf5c6740dbd9d41f304a3f7d945379a254",
        "url": "https://wmts.nlsc.gov.tw/wmts/PHOTO2/default/GoogleMapsCompatible/17/56226/109883",
        "x": 109883,
        "y": 56226,
        "z": 17
      },
      {
        "accessed_at": "2026-10-09T16:30:01.119563Z",
        "byte_count": 12601,
        "content_type": "image/jpeg",
        "sha256": "c0de2ad0718e5d12bc8aac90a1d929271dfe733a608ffc17239d9e96bb0e2896",
        "url": "https://wmts.nlsc.gov.tw/wmts/PHOTO2/default/GoogleMapsCompatible/17/56226/109884",
        "x": 109884,
        "y": 56226,
        "z": 17
      },
      {
        "accessed_at": "2026-10-09T16:30:01.464334Z",
        "byte_count": 10627,
        "content_type": "image/jpeg",
        "sha256": "705a80d57037484d535a8477d35980ea2f1a21814494dca62be3e6b367a94311",
        "url": "https://wmts.nlsc.gov.tw/wmts/PHOTO2/default/GoogleMapsCompatible/17/56226/109885",
        "x": 109885,
        "y": 56226,
        "z": 17
      },
      {
        "accessed_at": "2026-10-09T16:30:01.816413Z",
        "byte_count": 11884,
        "content_type": "image/jpeg",
        "sha256": "bffcfad4fe913b5afe04025f08374cce4b75d0d645e6aea2d34da18d951851cd",
        "url": "https://wmts.nlsc.gov.tw/wmts/PHOTO2/default/GoogleMapsCompatible/17/56226/109886",
        "x": 109886,
        "y": 56226,
        "z": 17
      },
      {
        "accessed_at": "2026-10-09T16:30:02.152054Z",
        "byte_count": 25233,
        "content_type": "image/jpeg",
        "sha256": "8939277a3628f0f70ff57f497d4f2043e05477f66b5a0c55fcc041a293b41911",
        "url": "https://wmts.nlsc.gov.tw/wmts/PHOTO2/default/GoogleMapsCompatible/17/56226/109887",
        "x": 109887,
        "y": 56226,
        "z": 17
      },
      {
        "accessed_at": "2026-10-09T16:30:02.462180Z",
        "byte_count": 19188,
        "content_type": "image/jpeg",
        "sha256": "bd51c1af634bf9e68cfe2d33e3f0f89826db08c8160e2be646c6a4f9df8c0124",
        "url": "https://wmts.nlsc.gov.tw/wmts/PHOTO2/default/GoogleMapsCompatible/17/56226/109888",
        "x": 109888,
        "y": 56226,
        "z": 17
      },
      {
        "accessed_at": "2026-10-09T16:30:02.840485Z",
        "byte_count": 37891,
        "content_type": "image/jpeg",
        "sha256": "b93484af351456d6c79f361e4505c5b8fadba1aef5f550ba55ee810efb359bab",
        "url": "https://wmts.nlsc.gov.tw/wmts/PHOTO2/default/GoogleMapsCompatible/17/56226/109889",
        "x": 109889,
        "y": 56226,
        "z": 17
      },
      {
        "accessed_at": "2026-10-09T16:30:03.139668Z",
        "byte_count": 41388,
        "content_type": "image/jpeg",
        "sha256": "6c1f090679743bd2787bc647bee16d67274f827b0b81182499442aae2675e929",
        "url": "https://wmts.nlsc.gov.tw/wmts/PHOTO2/default/GoogleMapsCompatible/17/56226/109890",
        "x": 109890,
        "y": 56226,
        "z": 17
      },
      {
        "accessed_at": "2026-10-09T16:30:03.484342Z",
        "byte_count": 40219,
        "content_type": "image/jpeg",
        "sha256": "5948f7664326947ae2791fa6b0bebf1643faca22744e7e5a3e2f72d505e925f4",
        "url": "https://wmts.nlsc.gov.tw/wmts/PHOTO2/default/GoogleMapsCompatible/17/56226/109891",
        "x": 109891,
        "y": 56226,
        "z": 17
      },
      {
        "accessed_at": "2026-10-09T16:30:03.794290Z",
        "byte_count": 24023,
        "content_type": "image/jpeg",
        "sha256": "97e0d4376ff73f3f1ac6bc7c2f5587408d4d7bdbce34e8cbf442f65de4c566f7",
        "url": "https://wmts.nlsc.gov.tw/wmts/PHOTO2/default/GoogleMapsCompatible/17/56226/109892",
        "x": 109892,
        "y": 56226,
        "z": 17
      },
      {
        "accessed_at": "2026-10-09T16:30:04.189236Z",
        "byte_count": 1653,
        "content_type": "image/jpeg",
        "sha256": "a41c617da051ce66997b47337fa5feb4f533647f19118f8606dbf1ae94869cab",
        "url": "https://wmts.nlsc.gov.tw/wmts/PHOTO2/default/GoogleMapsCompatible/17/56226/109893",
        "x": 109893,
        "y": 56226,
        "z": 17
      },
      {
        "accessed_at": "2026-10-09T16:30:04.496545Z",
        "byte_count": 1653,
        "content_type": "image/jpeg",
        "sha256": "a41c617da051ce66997b47337fa5feb4f533647f19118f8606dbf1ae94869cab",
        "url": "https://wmts.nlsc.gov.tw/wmts/PHOTO2/default/GoogleMapsCompatible/17/56226/109894",
        "x": 109894,
        "y": 56226,
        "z": 17
      },
      {
        "accessed_at": "2026-10-09T16:30:04.791159Z",
        "byte_count": 1653,
        "content_type": "image/jpeg",
        "sha256": "a41c617da051ce66997b47337fa5feb4f533647f19118f8606dbf1ae94869cab",
        "url": "https://wmts.nlsc.gov.tw/wmts/PHOTO2/default/GoogleMapsCompatible/17/56226/109895",
        "x": 109895,
        "y": 56226,
        "z": 17
      },
      {
        "accessed_at": "2026-10-09T16:30:05.136525Z",
        "byte_count": 1653,
        "content_type": "image/jpeg",
        "sha256": "a41c617da051ce66997b47337fa5feb4f533647f19118f8606dbf1ae94869cab",
        "url": "https://wmts.nlsc.gov.tw/wmts/PHOTO2/default/GoogleMapsCompatible/17/56226/109896",
        "x": 109896,
        "y": 56226,
        "z": 17
      },
      {
        "accessed_at": "2026-10-09T16:30:05.472325Z",
        "byte_count": 1653,
        "content_type": "image/jpeg",
        "sha256": "a41c617da051ce66997b47337fa5feb4f533647f19118f8606dbf1ae94869cab",
        "url": "https://wmts.nlsc.gov.tw/wmts/PHOTO2/default/GoogleMapsCompatible/17/56226/109897",
        "x": 109897,
        "y": 56226,
        "z": 17
      },
      {
        "accessed_at": "2026-10-09T16:30:05.784367Z",
        "byte_count": 1653,
        "content_type": "image/jpeg",
        "sha256": "a41c617da051ce66997b47337fa5feb4f533647f19118f8606dbf1ae94869cab",
        "url": "https://wmts.nlsc.gov.tw/wmts/PHOTO2/default/GoogleMapsCompatible/17/56226/109898",
        "x": 109898,
        "y": 56226,
        "z": 17
      },
      {
        "accessed_at": "2026-10-09T16:30:06.175615Z",
        "byte_count": 25359,
        "content_type": "image/jpeg",
        "sha256": "d4cb4ab617c734871461f22e0aadbccef9ad30f74a6ea93329e6a0981cd78c4a",
        "url": "https://wmts.nlsc.gov.tw/wmts/PHOTO2/default/GoogleMapsCompatible/17/56227/109876",
        "x": 109876,
        "y": 56227,
        "z": 17
      },
      {
        "accessed_at": "2026-10-09T16:30:06.442606Z",
        "byte_count": 24467,
        "content_type": "image/jpeg",
        "sha256": "5d15bf6f12ac7573b87ba038142e1892d83cfdfeb83d5386d61676d87282080a",
        "url": "https://wmts.nlsc.gov.tw/wmts/PHOTO2/default/GoogleMapsCompatible/17/56227/109877",
        "x": 109877,
        "y": 56227,
        "z": 17
      },
      {
        "accessed_at": "2026-10-09T16:30:06.823336Z",
        "byte_count": 23756,
        "content_type": "image/jpeg",
        "sha256": "da9b4ac24a451522f52764fa409c14842d734f2912d4e2c90b67f44664ab1614",
        "url": "https://wmts.nlsc.gov.tw/wmts/PHOTO2/default/GoogleMapsCompatible/17/56227/109878",
        "x": 109878,
        "y": 56227,
        "z": 17
      },
      {
        "accessed_at": "2026-10-09T16:30:07.144204Z",
        "byte_count": 21580,
        "content_type": "image/jpeg",
        "sha256": "bfd5373e04d2d2771566cf3800d3ce7a7482ec9a1b2999b5c2ff427a74ff4d44",
        "url": "https://wmts.nlsc.gov.tw/wmts/PHOTO2/default/GoogleMapsCompatible/17/56227/109879",
        "x": 109879,
        "y": 56227,
        "z": 17
      },
      {
        "accessed_at": "2026-10-09T16:30:07.461787Z",
        "byte_count": 18521,
        "content_type": "image/jpeg",
        "sha256": "a4078d2d0d17143ce1cfcd85c86119b5d21601f0e57fd0438581b49aea685b71",
        "url": "https://wmts.nlsc.gov.tw/wmts/PHOTO2/default/GoogleMapsCompatible/17/56227/109880",
        "x": 109880,
        "y": 56227,
        "z": 17
      },
      {
        "accessed_at": "2026-10-09T16:30:07.794716Z",
        "byte_count": 20088,
        "content_type": "image/jpeg",
        "sha256": "b1cbf70169dd8155f394e36ef39f9a61d79167aa3c66f90cf9da727c4b822494",
        "url": "https://wmts.nlsc.gov.tw/wmts/PHOTO2/default/GoogleMapsCompatible/17/56227/109881",
        "x": 109881,
        "y": 56227,
        "z": 17
      },
      {
        "accessed_at": "2026-10-09T16:30:08.196396Z",
        "byte_count": 18051,
        "content_type": "image/jpeg",
        "sha256": "16db598ac704a12b10400e7e8331ba5b312bdfa28207e13ad0f6986742a37089",
        "url": "https://wmts.nlsc.gov.tw/wmts/PHOTO2/default/GoogleMapsCompatible/17/56227/109882",
        "x": 109882,
        "y": 56227,
        "z": 17
      },
      {
        "accessed_at": "2026-10-09T16:30:08.520607Z",
        "byte_count": 21811,
        "content_type": "image/jpeg",
        "sha256": "8260b7da4184b18229c55364eec05b3fc5136aa1a50c0330448794b091af57cd",
        "url": "https://wmts.nlsc.gov.tw/wmts/PHOTO2/default/GoogleMapsCompatible/17/56227/109883",
        "x": 109883,
        "y": 56227,
        "z": 17
      },
      {
        "accessed_at": "2026-10-09T16:30:08.756016Z",
        "byte_count": 12061,
        "content_type": "image/jpeg",
        "sha256": "f75e1611cfb3aa2f4ff7296389ec65a99b77ee3838dbd84306b079ac02452e91",
        "url": "https://wmts.nlsc.gov.tw/wmts/PHOTO2/default/GoogleMapsCompatible/17/56227/109884",
        "x": 109884,
        "y": 56227,
        "z": 17
      },
      {
        "accessed_at": "2026-10-09T16:30:09.139339Z",
        "byte_count": 10290,
        "content_type": "image/jpeg",
        "sha256": "76e6d50ceb9d2e15feda4e759b8680b5bd95987d559b2479d42149bea482cac5",
        "url": "https://wmts.nlsc.gov.tw/wmts/PHOTO2/default/GoogleMapsCompatible/17/56227/109885",
        "x": 109885,
        "y": 56227,
        "z": 17
      },
      {
        "accessed_at": "2026-10-09T16:30:09.453436Z",
        "byte_count": 12369,
        "content_type": "image/jpeg",
        "sha256": "d6ddf6d7d2c106b943ebbaec6af8ad6afa3b0dcbdec0221dfbdece3a020d4172",
        "url": "https://wmts.nlsc.gov.tw/wmts/PHOTO2/default/GoogleMapsCompatible/17/56227/109886",
        "x": 109886,
        "y": 56227,
        "z": 17
      },
      {
        "accessed_at": "2026-10-09T16:30:09.900674Z",
        "byte_count": 26407,
        "content_type": "image/jpeg",
        "sha256": "e4eb738aa99b9542635e10a0e5f07e38a21d0445d890ac2c292e0983c26c0691",
        "url": "https://wmts.nlsc.gov.tw/wmts/PHOTO2/default/GoogleMapsCompatible/17/56227/109887",
        "x": 109887,
        "y": 56227,
        "z": 17
      },
      {
        "accessed_at": "2026-10-09T16:30:10.173735Z",
        "byte_count": 18314,
        "content_type": "image/jpeg",
        "sha256": "1bfb845d1228c0f64337c7faff4a85f7fbf5ba1b56a92617c7e419253e998dd7",
        "url": "https://wmts.nlsc.gov.tw/wmts/PHOTO2/default/GoogleMapsCompatible/17/56227/109888",
        "x": 109888,
        "y": 56227,
        "z": 17
      },
      {
        "accessed_at": "2026-10-09T16:30:10.493317Z",
        "byte_count": 36089,
        "content_type": "image/jpeg",
        "sha256": "409a58cb6368004ee040cb408a1874b962c7d8e84203bcc8c2f58b951b6b18bd",
        "url": "https://wmts.nlsc.gov.tw/wmts/PHOTO2/default/GoogleMapsCompatible/17/56227/109889",
        "x": 109889,
        "y": 56227,
        "z": 17
      },
      {
        "accessed_at": "2026-10-09T16:30:10.896392Z",
        "byte_count": 41166,
        "content_type": "image/jpeg",
        "sha256": "1bfcad1b33ac667eda2b998f13af389ab5fa15c873585e311a37c061c4fa8295",
        "url": "https://wmts.nlsc.gov.tw/wmts/PHOTO2/default/GoogleMapsCompatible/17/56227/109890",
        "x": 109890,
        "y": 56227,
        "z": 17
      },
      {
        "accessed_at": "2026-10-09T16:30:11.147296Z",
        "byte_count": 40093,
        "content_type": "image/jpeg",
        "sha256": "b31d8f53d9825e25fbb8b2289aedc5de5b8c594ebb569ed2a7a0034827d01f52",
        "url": "https://wmts.nlsc.gov.tw/wmts/PHOTO2/default/GoogleMapsCompatible/17/56227/109891",
        "x": 109891,
        "y": 56227,
        "z": 17
      },
      {
        "accessed_at": "2026-10-09T16:30:11.593399Z",
        "byte_count": 28838,
        "content_type": "image/jpeg",
        "sha256": "b79e7f57bcaeda2a48cec2b644f5bfef7dc6b423677029123b497635d3c1ac01",
        "url": "https://wmts.nlsc.gov.tw/wmts/PHOTO2/default/GoogleMapsCompatible/17/56227/109892",
        "x": 109892,
        "y": 56227,
        "z": 17
      },
      {
        "accessed_at": "2026-10-09T16:30:11.785230Z",
        "byte_count": 1653,
        "content_type": "image/jpeg",
        "sha256": "a41c617da051ce66997b47337fa5feb4f533647f19118f8606dbf1ae94869cab",
        "url": "https://wmts.nlsc.gov.tw/wmts/PHOTO2/default/GoogleMapsCompatible/17/56227/109893",
        "x": 109893,
        "y": 56227,
        "z": 17
      },
      {
        "accessed_at": "2026-10-09T16:30:12.149412Z",
        "byte_count": 1653,
        "content_type": "image/jpeg",
        "sha256": "a41c617da051ce66997b47337fa5feb4f533647f19118f8606dbf1ae94869cab",
        "url": "https://wmts.nlsc.gov.tw/wmts/PHOTO2/default/GoogleMapsCompatible/17/56227/109894",
        "x": 109894,
        "y": 56227,
        "z": 17
      },
      {
        "accessed_at": "2026-10-09T16:30:12.452394Z",
        "byte_count": 1653,
        "content_type": "image/jpeg",
        "sha256": "a41c617da051ce66997b47337fa5feb4f533647f19118f8606dbf1ae94869cab",
        "url": "https://wmts.nlsc.gov.tw/wmts/PHOTO2/default/GoogleMapsCompatible/17/56227/109895",
        "x": 109895,
        "y": 56227,
        "z": 17
      },
      {
        "accessed_at": "2026-10-09T16:30:12.771616Z",
        "byte_count": 1653,
        "content_type": "image/jpeg",
        "sha256": "a41c617da051ce66997b47337fa5feb4f533647f19118f8606dbf1ae94869cab",
        "url": "https://wmts.nlsc.gov.tw/wmts/PHOTO2/default/GoogleMapsCompatible/17/56227/109896",
        "x": 109896,
        "y": 56227,
        "z": 17
      },
      {
        "accessed_at": "2026-10-09T16:30:13.119962Z",
        "byte_count": 1653,
        "content_type": "image/jpeg",
        "sha256": "a41c617da051ce66997b47337fa5feb4f533647f19118f8606dbf1ae94869cab",
        "url": "https://wmts.nlsc.gov.tw/wmts/PHOTO2/default/GoogleMapsCompatible/17/56227/109897",
        "x": 109897,
        "y": 56227,
        "z": 17
      },
      {
        "accessed_at": "2026-10-09T16:30:13.471695Z",
        "byte_count": 1653,
        "content_type": "image/jpeg",
        "sha256": "a41c617da051ce66997b47337fa5feb4f533647f19118f8606dbf1ae94869cab",
        "url": "https://wmts.nlsc.gov.tw/wmts/PHOTO2/default/GoogleMapsCompatible/17/56227/109898",
        "x": 109898,
        "y": 56227,
        "z": 17
      },
      {
        "accessed_at": "2026-10-09T16:30:13.805157Z",
        "byte_count": 22131,
        "content_type": "image/jpeg",
        "sha256": "ad3060fc0f7bb0e8a05c695d66d75d8f9d9ca4fac1238ecb541d8320077cf1df",
        "url": "https://wmts.nlsc.gov.tw/wmts/PHOTO2/default/GoogleMapsCompatible/17/56228/109876",
        "x": 109876,
        "y": 56228,
        "z": 17
      },
      {
        "accessed_at": "2026-10-09T16:30:14.171165Z",
        "byte_count": 22881,
        "content_type": "image/jpeg",
        "sha256": "8d0699c6e2679a77990e8d0b00cfea07e26fb8738b72edb9850a368161eb6641",
        "url": "https://wmts.nlsc.gov.tw/wmts/PHOTO2/default/GoogleMapsCompatible/17/56228/109877",
        "x": 109877,
        "y": 56228,
        "z": 17
      },
      {
        "accessed_at": "2026-10-09T16:30:14.474242Z",
        "byte_count": 21133,
        "content_type": "image/jpeg",
        "sha256": "26401548b8b19abe40d68b907f9bde20613f71c1dce5f1f7d0b0541d4b44a2ca",
        "url": "https://wmts.nlsc.gov.tw/wmts/PHOTO2/default/GoogleMapsCompatible/17/56228/109878",
        "x": 109878,
        "y": 56228,
        "z": 17
      },
      {
        "accessed_at": "2026-10-09T16:30:14.835344Z",
        "byte_count": 19940,
        "content_type": "image/jpeg",
        "sha256": "2c4066cfe81dba91affbf82ccb38f6d3129c1981bd8deeec90aee888e3cff896",
        "url": "https://wmts.nlsc.gov.tw/wmts/PHOTO2/default/GoogleMapsCompatible/17/56228/109879",
        "x": 109879,
        "y": 56228,
        "z": 17
      },
      {
        "accessed_at": "2026-10-09T16:30:15.140504Z",
        "byte_count": 19901,
        "content_type": "image/jpeg",
        "sha256": "b52db5a04846f0f5110cce2d8aecf4cf932a02192a18d5de80f1dc8b03b37a5e",
        "url": "https://wmts.nlsc.gov.tw/wmts/PHOTO2/default/GoogleMapsCompatible/17/56228/109880",
        "x": 109880,
        "y": 56228,
        "z": 17
      },
      {
        "accessed_at": "2026-10-09T16:30:15.484882Z",
        "byte_count": 19034,
        "content_type": "image/jpeg",
        "sha256": "de9a67725e097db4384ee1203182808bdee360792f1dbfc54cffb244b190a84b",
        "url": "https://wmts.nlsc.gov.tw/wmts/PHOTO2/default/GoogleMapsCompatible/17/56228/109881",
        "x": 109881,
        "y": 56228,
        "z": 17
      },
      {
        "accessed_at": "2026-10-09T16:30:15.830609Z",
        "byte_count": 18159,
        "content_type": "image/jpeg",
        "sha256": "d7daaf06876140aecdf9d352450651cadd40c0961b45ac84c85b749a907fdc47",
        "url": "https://wmts.nlsc.gov.tw/wmts/PHOTO2/default/GoogleMapsCompatible/17/56228/109882",
        "x": 109882,
        "y": 56228,
        "z": 17
      },
      {
        "accessed_at": "2026-10-09T16:30:16.141490Z",
        "byte_count": 16969,
        "content_type": "image/jpeg",
        "sha256": "c628090474a9a568b30155b40ea15a5ba2a14b21dad99f39d7ced9cade60428f",
        "url": "https://wmts.nlsc.gov.tw/wmts/PHOTO2/default/GoogleMapsCompatible/17/56228/109883",
        "x": 109883,
        "y": 56228,
        "z": 17
      },
      {
        "accessed_at": "2026-10-09T16:30:16.475157Z",
        "byte_count": 13959,
        "content_type": "image/jpeg",
        "sha256": "8d8d93ca8ce8fdd185719fa869d1209c8288f5786519c4cd3ee741626d9ba01d",
        "url": "https://wmts.nlsc.gov.tw/wmts/PHOTO2/default/GoogleMapsCompatible/17/56228/109884",
        "x": 109884,
        "y": 56228,
        "z": 17
      },
      {
        "accessed_at": "2026-10-09T16:30:16.802389Z",
        "byte_count": 10601,
        "content_type": "image/jpeg",
        "sha256": "b92266430ef7d7cc94cfebec5e85de2b62738a14be1e1da7b2bf8f7b55579aca",
        "url": "https://wmts.nlsc.gov.tw/wmts/PHOTO2/default/GoogleMapsCompatible/17/56228/109885",
        "x": 109885,
        "y": 56228,
        "z": 17
      },
      {
        "accessed_at": "2026-10-09T16:30:17.159808Z",
        "byte_count": 13224,
        "content_type": "image/jpeg",
        "sha256": "3fb252632914ace0fb70638e1fac049052c58d384e1848648e4438df0f2ed714",
        "url": "https://wmts.nlsc.gov.tw/wmts/PHOTO2/default/GoogleMapsCompatible/17/56228/109886",
        "x": 109886,
        "y": 56228,
        "z": 17
      },
      {
        "accessed_at": "2026-10-09T16:30:17.488382Z",
        "byte_count": 23625,
        "content_type": "image/jpeg",
        "sha256": "f0a63b7e577f7a42421ce13ebe1418ef513babf31fb1f55cbefda0661ab46ff1",
        "url": "https://wmts.nlsc.gov.tw/wmts/PHOTO2/default/GoogleMapsCompatible/17/56228/109887",
        "x": 109887,
        "y": 56228,
        "z": 17
      },
      {
        "accessed_at": "2026-10-09T16:30:17.812035Z",
        "byte_count": 18830,
        "content_type": "image/jpeg",
        "sha256": "ea33c1e6dc1c137fad1c4d61a880f72682e8abcea4a86efb53d4ae8f3759d002",
        "url": "https://wmts.nlsc.gov.tw/wmts/PHOTO2/default/GoogleMapsCompatible/17/56228/109888",
        "x": 109888,
        "y": 56228,
        "z": 17
      },
      {
        "accessed_at": "2026-10-09T16:30:18.128728Z",
        "byte_count": 32027,
        "content_type": "image/jpeg",
        "sha256": "58e0bf424de6494136bb2bb2a00e6e8bf41be7821c06313d4d7aa48e28175839",
        "url": "https://wmts.nlsc.gov.tw/wmts/PHOTO2/default/GoogleMapsCompatible/17/56228/109889",
        "x": 109889,
        "y": 56228,
        "z": 17
      },
      {
        "accessed_at": "2026-10-09T16:30:18.628442Z",
        "byte_count": 39372,
        "content_type": "image/jpeg",
        "sha256": "68fd27d33e889a2ad967c79b07e6904dfe3c43e3a138d4639939f496f782294e",
        "url": "https://wmts.nlsc.gov.tw/wmts/PHOTO2/default/GoogleMapsCompatible/17/56228/109890",
        "x": 109890,
        "y": 56228,
        "z": 17
      },
      {
        "accessed_at": "2026-10-09T16:30:18.879401Z",
        "byte_count": 39049,
        "content_type": "image/jpeg",
        "sha256": "ba06eb4850b92c89c462e434d6b6dd44c557a0d3af7c816860b3e3fe1b407567",
        "url": "https://wmts.nlsc.gov.tw/wmts/PHOTO2/default/GoogleMapsCompatible/17/56228/109891",
        "x": 109891,
        "y": 56228,
        "z": 17
      },
      {
        "accessed_at": "2026-10-09T16:30:19.239512Z",
        "byte_count": 33527,
        "content_type": "image/jpeg",
        "sha256": "2b66a277863f0695a3ef6fabea1f11cfac3cfc0f9f7cbceaa5c66313a268f1df",
        "url": "https://wmts.nlsc.gov.tw/wmts/PHOTO2/default/GoogleMapsCompatible/17/56228/109892",
        "x": 109892,
        "y": 56228,
        "z": 17
      },
      {
        "accessed_at": "2026-10-09T16:30:19.532180Z",
        "byte_count": 1653,
        "content_type": "image/jpeg",
        "sha256": "a41c617da051ce66997b47337fa5feb4f533647f19118f8606dbf1ae94869cab",
        "url": "https://wmts.nlsc.gov.tw/wmts/PHOTO2/default/GoogleMapsCompatible/17/56228/109893",
        "x": 109893,
        "y": 56228,
        "z": 17
      },
      {
        "accessed_at": "2026-10-09T16:30:19.878503Z",
        "byte_count": 1653,
        "content_type": "image/jpeg",
        "sha256": "a41c617da051ce66997b47337fa5feb4f533647f19118f8606dbf1ae94869cab",
        "url": "https://wmts.nlsc.gov.tw/wmts/PHOTO2/default/GoogleMapsCompatible/17/56228/109894",
        "x": 109894,
        "y": 56228,
        "z": 17
      },
      {
        "accessed_at": "2026-10-09T16:30:20.242799Z",
        "byte_count": 1653,
        "content_type": "image/jpeg",
        "sha256": "a41c617da051ce66997b47337fa5feb4f533647f19118f8606dbf1ae94869cab",
        "url": "https://wmts.nlsc.gov.tw/wmts/PHOTO2/default/GoogleMapsCompatible/17/56228/109895",
        "x": 109895,
        "y": 56228,
        "z": 17
      },
      {
        "accessed_at": "2026-10-09T16:30:20.492277Z",
        "byte_count": 1653,
        "content_type": "image/jpeg",
        "sha256": "a41c617da051ce66997b47337fa5feb4f533647f19118f8606dbf1ae94869cab",
        "url": "https://wmts.nlsc.gov.tw/wmts/PHOTO2/default/GoogleMapsCompatible/17/56228/109896",
        "x": 109896,
        "y": 56228,
        "z": 17
      },
      {
        "accessed_at": "2026-10-09T16:30:20.740537Z",
        "byte_count": 1653,
        "content_type": "image/jpeg",
        "sha256": "a41c617da051ce66997b47337fa5feb4f533647f19118f8606dbf1ae94869cab",
        "url": "https://wmts.nlsc.gov.tw/wmts/PHOTO2/default/GoogleMapsCompatible/17/56228/109897",
        "x": 109897,
        "y": 56228,
        "z": 17
      },
      {
        "accessed_at": "2026-10-09T16:30:21.131079Z",
        "byte_count": 1653,
        "content_type": "image/jpeg",
        "sha256": "a41c617da051ce66997b47337fa5feb4f533647f19118f8606dbf1ae94869cab",
        "url": "https://wmts.nlsc.gov.tw/wmts/PHOTO2/default/GoogleMapsCompatible/17/56228/109898",
        "x": 109898,
        "y": 56228,
        "z": 17
      },
      {
        "accessed_at": "2026-10-09T16:30:21.522142Z",
        "byte_count": 19135,
        "content_type": "image/jpeg",
        "sha256": "74806f15b3289825a7215819381ccd7a12ec6fa131f63a9fcf1210fd7badfc31",
        "url": "https://wmts.nlsc.gov.tw/wmts/PHOTO2/default/GoogleMapsCompatible/17/56229/109876",
        "x": 109876,
        "y": 56229,
        "z": 17
      },
      {
        "accessed_at": "2026-10-09T16:30:21.829166Z",
        "byte_count": 22838,
        "content_type": "image/jpeg",
        "sha256": "02b5304371c78dd02d3808d4a78e3b94ba323c0e5dc7974418fcee138849c319",
        "url": "https://wmts.nlsc.gov.tw/wmts/PHOTO2/default/GoogleMapsCompatible/17/56229/109877",
        "x": 109877,
        "y": 56229,
        "z": 17
      },
      {
        "accessed_at": "2026-10-09T16:30:22.151082Z",
        "byte_count": 22128,
        "content_type": "image/jpeg",
        "sha256": "d42ff22bd0b46c062e0b0951c4131215c1a6ac78423514084c0a8b810b20f2c9",
        "url": "https://wmts.nlsc.gov.tw/wmts/PHOTO2/default/GoogleMapsCompatible/17/56229/109878",
        "x": 109878,
        "y": 56229,
        "z": 17
      },
      {
        "accessed_at": "2026-10-09T16:30:22.490146Z",
        "byte_count": 23331,
        "content_type": "image/jpeg",
        "sha256": "6c90f7d9958c7bdcce1765d2d2e6eba8a330694cea76cd77dbaa92bb7222086b",
        "url": "https://wmts.nlsc.gov.tw/wmts/PHOTO2/default/GoogleMapsCompatible/17/56229/109879",
        "x": 109879,
        "y": 56229,
        "z": 17
      },
      {
        "accessed_at": "2026-10-09T16:30:22.855642Z",
        "byte_count": 23756,
        "content_type": "image/jpeg",
        "sha256": "a2364684c70d5712665c2027972f976de20308438f9d50f8f8d63f6f9a2fbf96",
        "url": "https://wmts.nlsc.gov.tw/wmts/PHOTO2/default/GoogleMapsCompatible/17/56229/109880",
        "x": 109880,
        "y": 56229,
        "z": 17
      },
      {
        "accessed_at": "2026-10-09T16:30:23.214317Z",
        "byte_count": 24131,
        "content_type": "image/jpeg",
        "sha256": "c2d4fa3655ce47a7785a58e6dacedde40d495d959e5c2500d4f060e9dece05d4",
        "url": "https://wmts.nlsc.gov.tw/wmts/PHOTO2/default/GoogleMapsCompatible/17/56229/109881",
        "x": 109881,
        "y": 56229,
        "z": 17
      },
      {
        "accessed_at": "2026-10-09T16:30:23.474363Z",
        "byte_count": 18038,
        "content_type": "image/jpeg",
        "sha256": "73809665ca8d2043a70b15be024c8b0ce3bf6bc401e11be32a8b1239a539fca8",
        "url": "https://wmts.nlsc.gov.tw/wmts/PHOTO2/default/GoogleMapsCompatible/17/56229/109882",
        "x": 109882,
        "y": 56229,
        "z": 17
      },
      {
        "accessed_at": "2026-10-09T16:30:23.889351Z",
        "byte_count": 16451,
        "content_type": "image/jpeg",
        "sha256": "a36f68f7dd2d27fa5dccb10ede7ddf90b9b3909baadf7db4a2402b8cbf317af3",
        "url": "https://wmts.nlsc.gov.tw/wmts/PHOTO2/default/GoogleMapsCompatible/17/56229/109883",
        "x": 109883,
        "y": 56229,
        "z": 17
      },
      {
        "accessed_at": "2026-10-09T16:30:24.150471Z",
        "byte_count": 14295,
        "content_type": "image/jpeg",
        "sha256": "0f00906f0e71d40432085a0bbe6998d7ad6022c920c079e5486e04a3fb8aa92f",
        "url": "https://wmts.nlsc.gov.tw/wmts/PHOTO2/default/GoogleMapsCompatible/17/56229/109884",
        "x": 109884,
        "y": 56229,
        "z": 17
      },
      {
        "accessed_at": "2026-10-09T16:30:24.493395Z",
        "byte_count": 12304,
        "content_type": "image/jpeg",
        "sha256": "e7cab2d6d970524d6c2d39b95286d82da6c68cd90224fd94003a84fcd7a68ddc",
        "url": "https://wmts.nlsc.gov.tw/wmts/PHOTO2/default/GoogleMapsCompatible/17/56229/109885",
        "x": 109885,
        "y": 56229,
        "z": 17
      },
      {
        "accessed_at": "2026-10-09T16:30:24.862805Z",
        "byte_count": 16943,
        "content_type": "image/jpeg",
        "sha256": "df4cd83d41aecd180c165e744b988bf8dc050fcbcfb2b3c374cc2ef352d686b7",
        "url": "https://wmts.nlsc.gov.tw/wmts/PHOTO2/default/GoogleMapsCompatible/17/56229/109886",
        "x": 109886,
        "y": 56229,
        "z": 17
      },
      {
        "accessed_at": "2026-10-09T16:30:25.167511Z",
        "byte_count": 24014,
        "content_type": "image/jpeg",
        "sha256": "8ebc366c0f6619daf96de65e220d95977c2055974d378e45f6455a08b3235af1",
        "url": "https://wmts.nlsc.gov.tw/wmts/PHOTO2/default/GoogleMapsCompatible/17/56229/109887",
        "x": 109887,
        "y": 56229,
        "z": 17
      },
      {
        "accessed_at": "2026-10-09T16:30:25.489781Z",
        "byte_count": 22860,
        "content_type": "image/jpeg",
        "sha256": "c9f639f49b4086a4804ab350032dbd079bda4af0d2474737c9879ecb837e3bae",
        "url": "https://wmts.nlsc.gov.tw/wmts/PHOTO2/default/GoogleMapsCompatible/17/56229/109888",
        "x": 109888,
        "y": 56229,
        "z": 17
      },
      {
        "accessed_at": "2026-10-09T16:30:25.804043Z",
        "byte_count": 28542,
        "content_type": "image/jpeg",
        "sha256": "041f51ab0e53954501027cb604a29a85044aa7c775d80d86d9d5896e4b410d52",
        "url": "https://wmts.nlsc.gov.tw/wmts/PHOTO2/default/GoogleMapsCompatible/17/56229/109889",
        "x": 109889,
        "y": 56229,
        "z": 17
      },
      {
        "accessed_at": "2026-10-09T16:30:26.214708Z",
        "byte_count": 39568,
        "content_type": "image/jpeg",
        "sha256": "c8d84a06e5d79a9587d0df82277a6680213c9838f38953c92070fe47f990a249",
        "url": "https://wmts.nlsc.gov.tw/wmts/PHOTO2/default/GoogleMapsCompatible/17/56229/109890",
        "x": 109890,
        "y": 56229,
        "z": 17
      },
      {
        "accessed_at": "2026-10-09T16:30:26.568411Z",
        "byte_count": 39676,
        "content_type": "image/jpeg",
        "sha256": "55167548072ce2c3bffbe9bededa5a5c9bfcbdf31f0e227d91cb9646b6e27f65",
        "url": "https://wmts.nlsc.gov.tw/wmts/PHOTO2/default/GoogleMapsCompatible/17/56229/109891",
        "x": 109891,
        "y": 56229,
        "z": 17
      },
      {
        "accessed_at": "2026-10-09T16:30:26.786208Z",
        "byte_count": 38742,
        "content_type": "image/jpeg",
        "sha256": "426613c8a6975f89692873af11eac974c3eead3ae76c23fb65eae2587218035c",
        "url": "https://wmts.nlsc.gov.tw/wmts/PHOTO2/default/GoogleMapsCompatible/17/56229/109892",
        "x": 109892,
        "y": 56229,
        "z": 17
      },
      {
        "accessed_at": "2026-10-09T16:30:27.143020Z",
        "byte_count": 2601,
        "content_type": "image/jpeg",
        "sha256": "0f6943eea0b44cef5c5438a6f7b999fdf560dc51f96846e67447a3234c51eaec",
        "url": "https://wmts.nlsc.gov.tw/wmts/PHOTO2/default/GoogleMapsCompatible/17/56229/109893",
        "x": 109893,
        "y": 56229,
        "z": 17
      },
      {
        "accessed_at": "2026-10-09T16:30:27.480002Z",
        "byte_count": 1653,
        "content_type": "image/jpeg",
        "sha256": "a41c617da051ce66997b47337fa5feb4f533647f19118f8606dbf1ae94869cab",
        "url": "https://wmts.nlsc.gov.tw/wmts/PHOTO2/default/GoogleMapsCompatible/17/56229/109894",
        "x": 109894,
        "y": 56229,
        "z": 17
      },
      {
        "accessed_at": "2026-10-09T16:30:27.790235Z",
        "byte_count": 1653,
        "content_type": "image/jpeg",
        "sha256": "a41c617da051ce66997b47337fa5feb4f533647f19118f8606dbf1ae94869cab",
        "url": "https://wmts.nlsc.gov.tw/wmts/PHOTO2/default/GoogleMapsCompatible/17/56229/109895",
        "x": 109895,
        "y": 56229,
        "z": 17
      },
      {
        "accessed_at": "2026-10-09T16:30:28.087201Z",
        "byte_count": 1653,
        "content_type": "image/jpeg",
        "sha256": "a41c617da051ce66997b47337fa5feb4f533647f19118f8606dbf1ae94869cab",
        "url": "https://wmts.nlsc.gov.tw/wmts/PHOTO2/default/GoogleMapsCompatible/17/56229/109896",
        "x": 109896,
        "y": 56229,
        "z": 17
      },
      {
        "accessed_at": "2026-10-09T16:30:28.451384Z",
        "byte_count": 1653,
        "content_type": "image/jpeg",
        "sha256": "a41c617da051ce66997b47337fa5feb4f533647f19118f8606dbf1ae94869cab",
        "url": "https://wmts.nlsc.gov.tw/wmts/PHOTO2/default/GoogleMapsCompatible/17/56229/109897",
        "x": 109897,
        "y": 56229,
        "z": 17
      },
      {
        "accessed_at": "2026-10-09T16:30:28.800690Z",
        "byte_count": 1653,
        "content_type": "image/jpeg",
        "sha256": "a41c617da051ce66997b47337fa5feb4f533647f19118f8606dbf1ae94869cab",
        "url": "https://wmts.nlsc.gov.tw/wmts/PHOTO2/default/GoogleMapsCompatible/17/56229/109898",
        "x": 109898,
        "y": 56229,
        "z": 17
      },
      {
        "accessed_at": "2026-10-09T16:30:29.150596Z",
        "byte_count": 18681,
        "content_type": "image/jpeg",
        "sha256": "92475bd3c5aefa0b3a19e872330bba93e389f0a5bc6fc0b4dd695d94f162900a",
        "url": "https://wmts.nlsc.gov.tw/wmts/PHOTO2/default/GoogleMapsCompatible/17/56230/109876",
        "x": 109876,
        "y": 56230,
        "z": 17
      },
      {
        "accessed_at": "2026-10-09T16:30:29.462575Z",
        "byte_count": 23159,
        "content_type": "image/jpeg",
        "sha256": "5747645ce9c74b584473cb31c9d888ced1987771eb9501d9e1dd358886708984",
        "url": "https://wmts.nlsc.gov.tw/wmts/PHOTO2/default/GoogleMapsCompatible/17/56230/109877",
        "x": 109877,
        "y": 56230,
        "z": 17
      },
      {
        "accessed_at": "2026-10-09T16:30:29.825226Z",
        "byte_count": 16915,
        "content_type": "image/jpeg",
        "sha256": "00f13cba1654905bfa73ae565dd9db67d5573374371a542680e306e546b1f1f2",
        "url": "https://wmts.nlsc.gov.tw/wmts/PHOTO2/default/GoogleMapsCompatible/17/56230/109878",
        "x": 109878,
        "y": 56230,
        "z": 17
      },
      {
        "accessed_at": "2026-10-09T16:30:30.204108Z",
        "byte_count": 18397,
        "content_type": "image/jpeg",
        "sha256": "8ed9f5e218fdb349b2c9c13ac9cb8a5ab977af88a191d20629564fdd9cfc36cf",
        "url": "https://wmts.nlsc.gov.tw/wmts/PHOTO2/default/GoogleMapsCompatible/17/56230/109879",
        "x": 109879,
        "y": 56230,
        "z": 17
      },
      {
        "accessed_at": "2026-10-09T16:30:30.500842Z",
        "byte_count": 19710,
        "content_type": "image/jpeg",
        "sha256": "edb81a65958b47afd2a79f7e4da096531051ac4e57619d87ad3dffdbc732cce0",
        "url": "https://wmts.nlsc.gov.tw/wmts/PHOTO2/default/GoogleMapsCompatible/17/56230/109880",
        "x": 109880,
        "y": 56230,
        "z": 17
      },
      {
        "accessed_at": "2026-10-09T16:30:30.809318Z",
        "byte_count": 21417,
        "content_type": "image/jpeg",
        "sha256": "d0c85bf6f97a210661ca83c67741811b105a127347ef13055722796583638487",
        "url": "https://wmts.nlsc.gov.tw/wmts/PHOTO2/default/GoogleMapsCompatible/17/56230/109881",
        "x": 109881,
        "y": 56230,
        "z": 17
      },
      {
        "accessed_at": "2026-10-09T16:30:31.171689Z",
        "byte_count": 21177,
        "content_type": "image/jpeg",
        "sha256": "87c2ed0569b0baf71ffa6db121f056806381df528e07eb6c97526350da8e74de",
        "url": "https://wmts.nlsc.gov.tw/wmts/PHOTO2/default/GoogleMapsCompatible/17/56230/109882",
        "x": 109882,
        "y": 56230,
        "z": 17
      },
      {
        "accessed_at": "2026-10-09T16:30:31.467512Z",
        "byte_count": 17801,
        "content_type": "image/jpeg",
        "sha256": "c74f26c846cc590618bf03a884a9cf6e012e481f9de0f6cc1bbca477b40c0d67",
        "url": "https://wmts.nlsc.gov.tw/wmts/PHOTO2/default/GoogleMapsCompatible/17/56230/109883",
        "x": 109883,
        "y": 56230,
        "z": 17
      },
      {
        "accessed_at": "2026-10-09T16:30:31.807141Z",
        "byte_count": 13570,
        "content_type": "image/jpeg",
        "sha256": "81717963b4f6c392f445d991960547e640eea2f094a3d886dd68a1562d43bf23",
        "url": "https://wmts.nlsc.gov.tw/wmts/PHOTO2/default/GoogleMapsCompatible/17/56230/109884",
        "x": 109884,
        "y": 56230,
        "z": 17
      },
      {
        "accessed_at": "2026-10-09T16:30:32.095444Z",
        "byte_count": 14300,
        "content_type": "image/jpeg",
        "sha256": "530b1d16ff7420b6ddf314736964b3dd37333a5804ef7c61aca70531d578082e",
        "url": "https://wmts.nlsc.gov.tw/wmts/PHOTO2/default/GoogleMapsCompatible/17/56230/109885",
        "x": 109885,
        "y": 56230,
        "z": 17
      },
      {
        "accessed_at": "2026-10-09T16:30:32.444128Z",
        "byte_count": 14466,
        "content_type": "image/jpeg",
        "sha256": "966c83a2b09f522d224ddd9733028341b61980e8c6e8fed60bce905aa89cd0eb",
        "url": "https://wmts.nlsc.gov.tw/wmts/PHOTO2/default/GoogleMapsCompatible/17/56230/109886",
        "x": 109886,
        "y": 56230,
        "z": 17
      },
      {
        "accessed_at": "2026-10-09T16:30:32.801357Z",
        "byte_count": 24893,
        "content_type": "image/jpeg",
        "sha256": "8e42523c6769ada31b6763a2e79b5063cc2cac455caf958f34ef5417a4ba94c6",
        "url": "https://wmts.nlsc.gov.tw/wmts/PHOTO2/default/GoogleMapsCompatible/17/56230/109887",
        "x": 109887,
        "y": 56230,
        "z": 17
      },
      {
        "accessed_at": "2026-10-09T16:30:33.134444Z",
        "byte_count": 27443,
        "content_type": "image/jpeg",
        "sha256": "0345aafcaed5b3fc43b41bd2c1469d908e27a00c8b1d635437a9789b637221ab",
        "url": "https://wmts.nlsc.gov.tw/wmts/PHOTO2/default/GoogleMapsCompatible/17/56230/109888",
        "x": 109888,
        "y": 56230,
        "z": 17
      },
      {
        "accessed_at": "2026-10-09T16:30:33.459522Z",
        "byte_count": 25083,
        "content_type": "image/jpeg",
        "sha256": "be99fc1eb9ff3f0b8c03090b47fc3d8e9a894a19cd6ac507bd34b7bfb59f7bcb",
        "url": "https://wmts.nlsc.gov.tw/wmts/PHOTO2/default/GoogleMapsCompatible/17/56230/109889",
        "x": 109889,
        "y": 56230,
        "z": 17
      },
      {
        "accessed_at": "2026-10-09T16:30:33.820747Z",
        "byte_count": 39433,
        "content_type": "image/jpeg",
        "sha256": "7e76157073cf0491f212dc1e6f5cf5720cc143536f36e87c4afc29768eeb791d",
        "url": "https://wmts.nlsc.gov.tw/wmts/PHOTO2/default/GoogleMapsCompatible/17/56230/109890",
        "x": 109890,
        "y": 56230,
        "z": 17
      },
      {
        "accessed_at": "2026-10-09T16:30:34.147571Z",
        "byte_count": 40092,
        "content_type": "image/jpeg",
        "sha256": "29b17e8bfc927be57cc1a56f33e2de85431633f0e04e0b93b5a5223163e80f95",
        "url": "https://wmts.nlsc.gov.tw/wmts/PHOTO2/default/GoogleMapsCompatible/17/56230/109891",
        "x": 109891,
        "y": 56230,
        "z": 17
      },
      {
        "accessed_at": "2026-10-09T16:30:34.481582Z",
        "byte_count": 38639,
        "content_type": "image/jpeg",
        "sha256": "f7e9aa68fed31f596a8bc3c5e1c07206cb00f446b09cf04b8da29835a21874eb",
        "url": "https://wmts.nlsc.gov.tw/wmts/PHOTO2/default/GoogleMapsCompatible/17/56230/109892",
        "x": 109892,
        "y": 56230,
        "z": 17
      },
      {
        "accessed_at": "2026-10-09T16:30:34.799273Z",
        "byte_count": 7936,
        "content_type": "image/jpeg",
        "sha256": "e9e8248bda56677fd47534051b1ca57b0c8dbed66cb3af33fafcdf21d5659716",
        "url": "https://wmts.nlsc.gov.tw/wmts/PHOTO2/default/GoogleMapsCompatible/17/56230/109893",
        "x": 109893,
        "y": 56230,
        "z": 17
      },
      {
        "accessed_at": "2026-10-09T16:30:35.100916Z",
        "byte_count": 1653,
        "content_type": "image/jpeg",
        "sha256": "a41c617da051ce66997b47337fa5feb4f533647f19118f8606dbf1ae94869cab",
        "url": "https://wmts.nlsc.gov.tw/wmts/PHOTO2/default/GoogleMapsCompatible/17/56230/109894",
        "x": 109894,
        "y": 56230,
        "z": 17
      },
      {
        "accessed_at": "2026-10-09T16:30:35.453207Z",
        "byte_count": 1653,
        "content_type": "image/jpeg",
        "sha256": "a41c617da051ce66997b47337fa5feb4f533647f19118f8606dbf1ae94869cab",
        "url": "https://wmts.nlsc.gov.tw/wmts/PHOTO2/default/GoogleMapsCompatible/17/56230/109895",
        "x": 109895,
        "y": 56230,
        "z": 17
      },
      {
        "accessed_at": "2026-10-09T16:30:35.768380Z",
        "byte_count": 1653,
        "content_type": "image/jpeg",
        "sha256": "a41c617da051ce66997b47337fa5feb4f533647f19118f8606dbf1ae94869cab",
        "url": "https://wmts.nlsc.gov.tw/wmts/PHOTO2/default/GoogleMapsCompatible/17/56230/109896",
        "x": 109896,
        "y": 56230,
        "z": 17
      },
      {
        "accessed_at": "2026-10-09T16:30:36.120602Z",
        "byte_count": 1653,
        "content_type": "image/jpeg",
        "sha256": "a41c617da051ce66997b47337fa5feb4f533647f19118f8606dbf1ae94869cab",
        "url": "https://wmts.nlsc.gov.tw/wmts/PHOTO2/default/GoogleMapsCompatible/17/56230/109897",
        "x": 109897,
        "y": 56230,
        "z": 17
      },
      {
        "accessed_at": "2026-10-09T16:30:36.458162Z",
        "byte_count": 1653,
        "content_type": "image/jpeg",
        "sha256": "a41c617da051ce66997b47337fa5feb4f533647f19118f8606dbf1ae94869cab",
        "url": "https://wmts.nlsc.gov.tw/wmts/PHOTO2/default/GoogleMapsCompatible/17/56230/109898",
        "x": 109898,
        "y": 56230,
        "z": 17
      },
      {
        "accessed_at": "2026-10-09T16:30:36.796415Z",
        "byte_count": 27808,
        "content_type": "image/jpeg",
        "sha256": "7b6ad30f0be30b7fcd1a19f1feaaf5b177bd7f522c61230ae628150aa6284408",
        "url": "https://wmts.nlsc.gov.tw/wmts/PHOTO2/default/GoogleMapsCompatible/17/56231/109876",
        "x": 109876,
        "y": 56231,
        "z": 17
      },
      {
        "accessed_at": "2026-10-09T16:30:37.144208Z",
        "byte_count": 29810,
        "content_type": "image/jpeg",
        "sha256": "511995846b6f1106b9ba973b993bae1d3996d9d710e0fcf87de9ed7790ee9f6c",
        "url": "https://wmts.nlsc.gov.tw/wmts/PHOTO2/default/GoogleMapsCompatible/17/56231/109877",
        "x": 109877,
        "y": 56231,
        "z": 17
      },
      {
        "accessed_at": "2026-10-09T16:30:37.500239Z",
        "byte_count": 21764,
        "content_type": "image/jpeg",
        "sha256": "dacd69fcbe15a58dc9c6f75fe4d1fe97b245868687f323900c17e3c1d029e8f6",
        "url": "https://wmts.nlsc.gov.tw/wmts/PHOTO2/default/GoogleMapsCompatible/17/56231/109878",
        "x": 109878,
        "y": 56231,
        "z": 17
      },
      {
        "accessed_at": "2026-10-09T16:30:37.821061Z",
        "byte_count": 21871,
        "content_type": "image/jpeg",
        "sha256": "9bfd17968816b469d56a3da607ca2e6a354f35ed76e8f4946dd1499d6b11533f",
        "url": "https://wmts.nlsc.gov.tw/wmts/PHOTO2/default/GoogleMapsCompatible/17/56231/109879",
        "x": 109879,
        "y": 56231,
        "z": 17
      },
      {
        "accessed_at": "2026-10-09T16:30:38.128153Z",
        "byte_count": 24274,
        "content_type": "image/jpeg",
        "sha256": "c641ea688c19572540b3ec91ceb357c5d77f7b625035c5ebc72c5679a26851e7",
        "url": "https://wmts.nlsc.gov.tw/wmts/PHOTO2/default/GoogleMapsCompatible/17/56231/109880",
        "x": 109880,
        "y": 56231,
        "z": 17
      },
      {
        "accessed_at": "2026-10-09T16:30:38.468816Z",
        "byte_count": 19864,
        "content_type": "image/jpeg",
        "sha256": "32f202cc80ff8db1834a660eec8526a2378fd4a0f54891df3c43f5664eff6f82",
        "url": "https://wmts.nlsc.gov.tw/wmts/PHOTO2/default/GoogleMapsCompatible/17/56231/109881",
        "x": 109881,
        "y": 56231,
        "z": 17
      },
      {
        "accessed_at": "2026-10-09T16:30:38.827242Z",
        "byte_count": 23066,
        "content_type": "image/jpeg",
        "sha256": "dadfd9b41ab52320080571c3adf82075d8f405fd2661055c9290577229c5d9de",
        "url": "https://wmts.nlsc.gov.tw/wmts/PHOTO2/default/GoogleMapsCompatible/17/56231/109882",
        "x": 109882,
        "y": 56231,
        "z": 17
      },
      {
        "accessed_at": "2026-10-09T16:30:39.155379Z",
        "byte_count": 18234,
        "content_type": "image/jpeg",
        "sha256": "131f7125e17692fcf159dfe53180364a93c7dbcc5d51c0ef0bdb6837680263dc",
        "url": "https://wmts.nlsc.gov.tw/wmts/PHOTO2/default/GoogleMapsCompatible/17/56231/109883",
        "x": 109883,
        "y": 56231,
        "z": 17
      },
      {
        "accessed_at": "2026-10-09T16:30:39.436738Z",
        "byte_count": 11879,
        "content_type": "image/jpeg",
        "sha256": "935b16049fe9969a53ce44949ede4c01efe6e13ae1b9dc965cf0aad89d1245d4",
        "url": "https://wmts.nlsc.gov.tw/wmts/PHOTO2/default/GoogleMapsCompatible/17/56231/109884",
        "x": 109884,
        "y": 56231,
        "z": 17
      },
      {
        "accessed_at": "2026-10-09T16:30:39.832606Z",
        "byte_count": 11856,
        "content_type": "image/jpeg",
        "sha256": "05f1c36e47decc69aa38f0c78f513f0c9b9cb38cfa072611d9c7cf87b1c4dede",
        "url": "https://wmts.nlsc.gov.tw/wmts/PHOTO2/default/GoogleMapsCompatible/17/56231/109885",
        "x": 109885,
        "y": 56231,
        "z": 17
      },
      {
        "accessed_at": "2026-10-09T16:30:40.143353Z",
        "byte_count": 17585,
        "content_type": "image/jpeg",
        "sha256": "2a66ed66085b7c0cbf59c6c3607b26d56149141d956379fe7aa5c9b8bc538d31",
        "url": "https://wmts.nlsc.gov.tw/wmts/PHOTO2/default/GoogleMapsCompatible/17/56231/109886",
        "x": 109886,
        "y": 56231,
        "z": 17
      },
      {
        "accessed_at": "2026-10-09T16:30:40.464355Z",
        "byte_count": 22420,
        "content_type": "image/jpeg",
        "sha256": "c05f2bc3b219cce262a0ffc3da21ce1d641725cb6f41ad38bd82dc96e7af27e6",
        "url": "https://wmts.nlsc.gov.tw/wmts/PHOTO2/default/GoogleMapsCompatible/17/56231/109887",
        "x": 109887,
        "y": 56231,
        "z": 17
      },
      {
        "accessed_at": "2026-10-09T16:30:40.804525Z",
        "byte_count": 25602,
        "content_type": "image/jpeg",
        "sha256": "dae0f11ebac83622c096a1f0e73cef4532a9ac869da65e00fa1450ee12ab8678",
        "url": "https://wmts.nlsc.gov.tw/wmts/PHOTO2/default/GoogleMapsCompatible/17/56231/109888",
        "x": 109888,
        "y": 56231,
        "z": 17
      },
      {
        "accessed_at": "2026-10-09T16:30:41.153971Z",
        "byte_count": 21117,
        "content_type": "image/jpeg",
        "sha256": "28bf1edeb6c0619c9a3ba6f0340b4934eb50c4aaaca39f662b8a3416ab78dcc9",
        "url": "https://wmts.nlsc.gov.tw/wmts/PHOTO2/default/GoogleMapsCompatible/17/56231/109889",
        "x": 109889,
        "y": 56231,
        "z": 17
      },
      {
        "accessed_at": "2026-10-09T16:30:41.478336Z",
        "byte_count": 39642,
        "content_type": "image/jpeg",
        "sha256": "c86554385e8c928870927f9ec0dcc126e299711ad4abd2d40cf8d85138c5a971",
        "url": "https://wmts.nlsc.gov.tw/wmts/PHOTO2/default/GoogleMapsCompatible/17/56231/109890",
        "x": 109890,
        "y": 56231,
        "z": 17
      },
      {
        "accessed_at": "2026-10-09T16:30:41.929526Z",
        "byte_count": 39135,
        "content_type": "image/jpeg",
        "sha256": "1827f17af8820c7297cacd640c67b4b019965ee4f465c225358b9088a7d6d803",
        "url": "https://wmts.nlsc.gov.tw/wmts/PHOTO2/default/GoogleMapsCompatible/17/56231/109891",
        "x": 109891,
        "y": 56231,
        "z": 17
      },
      {
        "accessed_at": "2026-10-09T16:30:42.123312Z",
        "byte_count": 37574,
        "content_type": "image/jpeg",
        "sha256": "1e934275412c35ddbf2ffb8f075aa9b98254aecd5db506ffef760d18334e56e4",
        "url": "https://wmts.nlsc.gov.tw/wmts/PHOTO2/default/GoogleMapsCompatible/17/56231/109892",
        "x": 109892,
        "y": 56231,
        "z": 17
      },
      {
        "accessed_at": "2026-10-09T16:30:42.475931Z",
        "byte_count": 15810,
        "content_type": "image/jpeg",
        "sha256": "238d3fd96a39b2570898fcd6d0bcdb2c9a0f6d90eb85a8894af2850b60bca88a",
        "url": "https://wmts.nlsc.gov.tw/wmts/PHOTO2/default/GoogleMapsCompatible/17/56231/109893",
        "x": 109893,
        "y": 56231,
        "z": 17
      },
      {
        "accessed_at": "2026-10-09T16:30:42.771166Z",
        "byte_count": 1653,
        "content_type": "image/jpeg",
        "sha256": "a41c617da051ce66997b47337fa5feb4f533647f19118f8606dbf1ae94869cab",
        "url": "https://wmts.nlsc.gov.tw/wmts/PHOTO2/default/GoogleMapsCompatible/17/56231/109894",
        "x": 109894,
        "y": 56231,
        "z": 17
      },
      {
        "accessed_at": "2026-10-09T16:30:43.099506Z",
        "byte_count": 1653,
        "content_type": "image/jpeg",
        "sha256": "a41c617da051ce66997b47337fa5feb4f533647f19118f8606dbf1ae94869cab",
        "url": "https://wmts.nlsc.gov.tw/wmts/PHOTO2/default/GoogleMapsCompatible/17/56231/109895",
        "x": 109895,
        "y": 56231,
        "z": 17
      },
      {
        "accessed_at": "2026-10-09T16:30:43.449248Z",
        "byte_count": 1653,
        "content_type": "image/jpeg",
        "sha256": "a41c617da051ce66997b47337fa5feb4f533647f19118f8606dbf1ae94869cab",
        "url": "https://wmts.nlsc.gov.tw/wmts/PHOTO2/default/GoogleMapsCompatible/17/56231/109896",
        "x": 109896,
        "y": 56231,
        "z": 17
      },
      {
        "accessed_at": "2026-10-09T16:30:43.785889Z",
        "byte_count": 1653,
        "content_type": "image/jpeg",
        "sha256": "a41c617da051ce66997b47337fa5feb4f533647f19118f8606dbf1ae94869cab",
        "url": "https://wmts.nlsc.gov.tw/wmts/PHOTO2/default/GoogleMapsCompatible/17/56231/109897",
        "x": 109897,
        "y": 56231,
        "z": 17
      },
      {
        "accessed_at": "2026-10-09T16:30:44.105481Z",
        "byte_count": 1653,
        "content_type": "image/jpeg",
        "sha256": "a41c617da051ce66997b47337fa5feb4f533647f19118f8606dbf1ae94869cab",
        "url": "https://wmts.nlsc.gov.tw/wmts/PHOTO2/default/GoogleMapsCompatible/17/56231/109898",
        "x": 109898,
        "y": 56231,
        "z": 17
      },
      {
        "accessed_at": "2026-10-09T16:30:44.466482Z",
        "byte_count": 28262,
        "content_type": "image/jpeg",
        "sha256": "bb274f77a09f2b1f024a1cb0bf8ba8e29f8707d8744762be52b6ebfa41131ccc",
        "url": "https://wmts.nlsc.gov.tw/wmts/PHOTO2/default/GoogleMapsCompatible/17/56232/109876",
        "x": 109876,
        "y": 56232,
        "z": 17
      },
      {
        "accessed_at": "2026-10-09T16:30:44.885576Z",
        "byte_count": 30737,
        "content_type": "image/jpeg",
        "sha256": "8762b2800b2558a5e03ad1fe03f02e2eff83c81d07488add5ea2a8f1553fa1c1",
        "url": "https://wmts.nlsc.gov.tw/wmts/PHOTO2/default/GoogleMapsCompatible/17/56232/109877",
        "x": 109877,
        "y": 56232,
        "z": 17
      },
      {
        "accessed_at": "2026-10-09T16:30:45.094330Z",
        "byte_count": 26262,
        "content_type": "image/jpeg",
        "sha256": "a6540bdeac8112f054d3bc93bfec2e353b56a0bc6d200ff811a0d74cc78509b5",
        "url": "https://wmts.nlsc.gov.tw/wmts/PHOTO2/default/GoogleMapsCompatible/17/56232/109878",
        "x": 109878,
        "y": 56232,
        "z": 17
      },
      {
        "accessed_at": "2026-10-09T16:30:45.491118Z",
        "byte_count": 23555,
        "content_type": "image/jpeg",
        "sha256": "29729b04e0c334111df91eb2045a84f920e17faa33278f4b7c12832b169638ee",
        "url": "https://wmts.nlsc.gov.tw/wmts/PHOTO2/default/GoogleMapsCompatible/17/56232/109879",
        "x": 109879,
        "y": 56232,
        "z": 17
      },
      {
        "accessed_at": "2026-10-09T16:30:45.852285Z",
        "byte_count": 22711,
        "content_type": "image/jpeg",
        "sha256": "c1e05e9a2678b5d529c28d5a6b5cffffb6e39f937398a35886d747398c710ca1",
        "url": "https://wmts.nlsc.gov.tw/wmts/PHOTO2/default/GoogleMapsCompatible/17/56232/109880",
        "x": 109880,
        "y": 56232,
        "z": 17
      },
      {
        "accessed_at": "2026-10-09T16:30:46.118453Z",
        "byte_count": 22002,
        "content_type": "image/jpeg",
        "sha256": "59747d5a20745739bd50e1a129e7205850a2e547940c0156d3492d12ae3c7922",
        "url": "https://wmts.nlsc.gov.tw/wmts/PHOTO2/default/GoogleMapsCompatible/17/56232/109881",
        "x": 109881,
        "y": 56232,
        "z": 17
      },
      {
        "accessed_at": "2026-10-09T16:30:46.446078Z",
        "byte_count": 18826,
        "content_type": "image/jpeg",
        "sha256": "9db311b672b3360369aa8718cad20994b0f3ce721532c10005d1fbba96df7809",
        "url": "https://wmts.nlsc.gov.tw/wmts/PHOTO2/default/GoogleMapsCompatible/17/56232/109882",
        "x": 109882,
        "y": 56232,
        "z": 17
      },
      {
        "accessed_at": "2026-10-09T16:30:46.788029Z",
        "byte_count": 21042,
        "content_type": "image/jpeg",
        "sha256": "ec1097eebd62743c25f8e687956c847af2c7b08e6682f8227b2994b0958f63a5",
        "url": "https://wmts.nlsc.gov.tw/wmts/PHOTO2/default/GoogleMapsCompatible/17/56232/109883",
        "x": 109883,
        "y": 56232,
        "z": 17
      },
      {
        "accessed_at": "2026-10-09T16:30:47.129842Z",
        "byte_count": 15654,
        "content_type": "image/jpeg",
        "sha256": "131ed4dd0866633664a52cd318ee48bf77090830797666ac3541ea35d8906ad1",
        "url": "https://wmts.nlsc.gov.tw/wmts/PHOTO2/default/GoogleMapsCompatible/17/56232/109884",
        "x": 109884,
        "y": 56232,
        "z": 17
      },
      {
        "accessed_at": "2026-10-09T16:30:47.459640Z",
        "byte_count": 11858,
        "content_type": "image/jpeg",
        "sha256": "7c72b4970c0ed79286113d2ace3130b6c04d0210ed8bab4267924c39b4fc7468",
        "url": "https://wmts.nlsc.gov.tw/wmts/PHOTO2/default/GoogleMapsCompatible/17/56232/109885",
        "x": 109885,
        "y": 56232,
        "z": 17
      },
      {
        "accessed_at": "2026-10-09T16:30:47.782060Z",
        "byte_count": 14107,
        "content_type": "image/jpeg",
        "sha256": "62dcad1e67b1480f9dfe5c5f57370174553a8e20bf06f9049d4b3b876c4ab18e",
        "url": "https://wmts.nlsc.gov.tw/wmts/PHOTO2/default/GoogleMapsCompatible/17/56232/109886",
        "x": 109886,
        "y": 56232,
        "z": 17
      },
      {
        "accessed_at": "2026-10-09T16:30:48.128126Z",
        "byte_count": 20988,
        "content_type": "image/jpeg",
        "sha256": "066bfc82894d192f41f8fe9bcb4ed9c4f2a42727e8310be8fcf33d9c6d278c7c",
        "url": "https://wmts.nlsc.gov.tw/wmts/PHOTO2/default/GoogleMapsCompatible/17/56232/109887",
        "x": 109887,
        "y": 56232,
        "z": 17
      },
      {
        "accessed_at": "2026-10-09T16:30:48.437018Z",
        "byte_count": 24334,
        "content_type": "image/jpeg",
        "sha256": "16e7ade5e4f0faa20404620211f73d9b08067af6adfbd65251f4a47df2c56743",
        "url": "https://wmts.nlsc.gov.tw/wmts/PHOTO2/default/GoogleMapsCompatible/17/56232/109888",
        "x": 109888,
        "y": 56232,
        "z": 17
      },
      {
        "accessed_at": "2026-10-09T16:30:48.829718Z",
        "byte_count": 16891,
        "content_type": "image/jpeg",
        "sha256": "6cab9a2a2ff4d347d67cbe3d51de58a2b02efc10d52c92edc5cd6d40db9b4a69",
        "url": "https://wmts.nlsc.gov.tw/wmts/PHOTO2/default/GoogleMapsCompatible/17/56232/109889",
        "x": 109889,
        "y": 56232,
        "z": 17
      },
      {
        "accessed_at": "2026-10-09T16:30:49.157197Z",
        "byte_count": 38345,
        "content_type": "image/jpeg",
        "sha256": "8a02cc920bc40825f517a5a94e0d341a35e48ad337775dbd4d01756caaeeb915",
        "url": "https://wmts.nlsc.gov.tw/wmts/PHOTO2/default/GoogleMapsCompatible/17/56232/109890",
        "x": 109890,
        "y": 56232,
        "z": 17
      },
      {
        "accessed_at": "2026-10-09T16:30:49.482092Z",
        "byte_count": 38572,
        "content_type": "image/jpeg",
        "sha256": "4df98d02bc594f5e892a309483be5d1f0932774e2e9ab13128efb0f5c74b389d",
        "url": "https://wmts.nlsc.gov.tw/wmts/PHOTO2/default/GoogleMapsCompatible/17/56232/109891",
        "x": 109891,
        "y": 56232,
        "z": 17
      },
      {
        "accessed_at": "2026-10-09T16:30:49.842142Z",
        "byte_count": 37872,
        "content_type": "image/jpeg",
        "sha256": "815ac246741ec504c134c1112df5c3a065ea09dfb86d6fd46f228f32303c506a",
        "url": "https://wmts.nlsc.gov.tw/wmts/PHOTO2/default/GoogleMapsCompatible/17/56232/109892",
        "x": 109892,
        "y": 56232,
        "z": 17
      },
      {
        "accessed_at": "2026-10-09T16:30:50.187601Z",
        "byte_count": 24333,
        "content_type": "image/jpeg",
        "sha256": "be6db2b120d51a9739afb6260335cb8b677cbea070dd98bdd176bfa6c2ea109c",
        "url": "https://wmts.nlsc.gov.tw/wmts/PHOTO2/default/GoogleMapsCompatible/17/56232/109893",
        "x": 109893,
        "y": 56232,
        "z": 17
      },
      {
        "accessed_at": "2026-10-09T16:30:50.437656Z",
        "byte_count": 1653,
        "content_type": "image/jpeg",
        "sha256": "a41c617da051ce66997b47337fa5feb4f533647f19118f8606dbf1ae94869cab",
        "url": "https://wmts.nlsc.gov.tw/wmts/PHOTO2/default/GoogleMapsCompatible/17/56232/109894",
        "x": 109894,
        "y": 56232,
        "z": 17
      },
      {
        "accessed_at": "2026-10-09T16:30:50.815029Z",
        "byte_count": 1653,
        "content_type": "image/jpeg",
        "sha256": "a41c617da051ce66997b47337fa5feb4f533647f19118f8606dbf1ae94869cab",
        "url": "https://wmts.nlsc.gov.tw/wmts/PHOTO2/default/GoogleMapsCompatible/17/56232/109895",
        "x": 109895,
        "y": 56232,
        "z": 17
      },
      {
        "accessed_at": "2026-10-09T16:30:51.099046Z",
        "byte_count": 1653,
        "content_type": "image/jpeg",
        "sha256": "a41c617da051ce66997b47337fa5feb4f533647f19118f8606dbf1ae94869cab",
        "url": "https://wmts.nlsc.gov.tw/wmts/PHOTO2/default/GoogleMapsCompatible/17/56232/109896",
        "x": 109896,
        "y": 56232,
        "z": 17
      },
      {
        "accessed_at": "2026-10-09T16:30:51.453997Z",
        "byte_count": 1653,
        "content_type": "image/jpeg",
        "sha256": "a41c617da051ce66997b47337fa5feb4f533647f19118f8606dbf1ae94869cab",
        "url": "https://wmts.nlsc.gov.tw/wmts/PHOTO2/default/GoogleMapsCompatible/17/56232/109897",
        "x": 109897,
        "y": 56232,
        "z": 17
      },
      {
        "accessed_at": "2026-10-09T16:30:51.795251Z",
        "byte_count": 1653,
        "content_type": "image/jpeg",
        "sha256": "a41c617da051ce66997b47337fa5feb4f533647f19118f8606dbf1ae94869cab",
        "url": "https://wmts.nlsc.gov.tw/wmts/PHOTO2/default/GoogleMapsCompatible/17/56232/109898",
        "x": 109898,
        "y": 56232,
        "z": 17
      },
      {
        "accessed_at": "2026-10-09T16:30:52.171401Z",
        "byte_count": 22995,
        "content_type": "image/jpeg",
        "sha256": "224e91181c7d1c9937d139abda5f2828dfe069b229013768e50b95f6f94fc0be",
        "url": "https://wmts.nlsc.gov.tw/wmts/PHOTO2/default/GoogleMapsCompatible/17/56233/109876",
        "x": 109876,
        "y": 56233,
        "z": 17
      },
      {
        "accessed_at": "2026-10-09T16:30:52.459025Z",
        "byte_count": 20442,
        "content_type": "image/jpeg",
        "sha256": "31e64a4726fece44fb78fabab45aeac89664bbdc177f6fb47d2d9a5b1eee90dc",
        "url": "https://wmts.nlsc.gov.tw/wmts/PHOTO2/default/GoogleMapsCompatible/17/56233/109877",
        "x": 109877,
        "y": 56233,
        "z": 17
      },
      {
        "accessed_at": "2026-10-09T16:30:52.802844Z",
        "byte_count": 21412,
        "content_type": "image/jpeg",
        "sha256": "6e1bec99643d7f479fecf897e63e2137d0e46e3208d127b16e9e967f6f549b1c",
        "url": "https://wmts.nlsc.gov.tw/wmts/PHOTO2/default/GoogleMapsCompatible/17/56233/109878",
        "x": 109878,
        "y": 56233,
        "z": 17
      },
      {
        "accessed_at": "2026-10-09T16:30:53.194063Z",
        "byte_count": 24563,
        "content_type": "image/jpeg",
        "sha256": "849e3740ef89ad34d7756ebee7979d7405e15082794c19026e35d7a150c5e578",
        "url": "https://wmts.nlsc.gov.tw/wmts/PHOTO2/default/GoogleMapsCompatible/17/56233/109879",
        "x": 109879,
        "y": 56233,
        "z": 17
      },
      {
        "accessed_at": "2026-10-09T16:30:53.441791Z",
        "byte_count": 24659,
        "content_type": "image/jpeg",
        "sha256": "cefe5a7814401f81cf0bf7b4e057347e98a31720226b548b8528bbefa3dcee87",
        "url": "https://wmts.nlsc.gov.tw/wmts/PHOTO2/default/GoogleMapsCompatible/17/56233/109880",
        "x": 109880,
        "y": 56233,
        "z": 17
      },
      {
        "accessed_at": "2026-10-09T16:30:53.792227Z",
        "byte_count": 24075,
        "content_type": "image/jpeg",
        "sha256": "52b4f907f61d5b24577643f4f68558e1ae2476e9e770b20d61ddf15063f1d33b",
        "url": "https://wmts.nlsc.gov.tw/wmts/PHOTO2/default/GoogleMapsCompatible/17/56233/109881",
        "x": 109881,
        "y": 56233,
        "z": 17
      },
      {
        "accessed_at": "2026-10-09T16:30:54.132330Z",
        "byte_count": 17379,
        "content_type": "image/jpeg",
        "sha256": "3c2a5663a10d7d7ebc5fdb6dc18fdc115f27c9575bc3616b254ca1477321610f",
        "url": "https://wmts.nlsc.gov.tw/wmts/PHOTO2/default/GoogleMapsCompatible/17/56233/109882",
        "x": 109882,
        "y": 56233,
        "z": 17
      },
      {
        "accessed_at": "2026-10-09T16:30:54.472416Z",
        "byte_count": 21648,
        "content_type": "image/jpeg",
        "sha256": "0c9238c02d50cef1f680d15da65a51b83d3f1a23409e1396c85dbc2c59b42009",
        "url": "https://wmts.nlsc.gov.tw/wmts/PHOTO2/default/GoogleMapsCompatible/17/56233/109883",
        "x": 109883,
        "y": 56233,
        "z": 17
      },
      {
        "accessed_at": "2026-10-09T16:30:54.826226Z",
        "byte_count": 15392,
        "content_type": "image/jpeg",
        "sha256": "fc15c1528f14310e601647eb3d6bcb88719858d000a6e09ea3f1d04aa5172e82",
        "url": "https://wmts.nlsc.gov.tw/wmts/PHOTO2/default/GoogleMapsCompatible/17/56233/109884",
        "x": 109884,
        "y": 56233,
        "z": 17
      },
      {
        "accessed_at": "2026-10-09T16:30:55.135695Z",
        "byte_count": 10937,
        "content_type": "image/jpeg",
        "sha256": "cb43710e66c2f2434cedd73bca205f6be14be9a6da5c7c830d10f1ad55c88112",
        "url": "https://wmts.nlsc.gov.tw/wmts/PHOTO2/default/GoogleMapsCompatible/17/56233/109885",
        "x": 109885,
        "y": 56233,
        "z": 17
      },
      {
        "accessed_at": "2026-10-09T16:30:55.452062Z",
        "byte_count": 10541,
        "content_type": "image/jpeg",
        "sha256": "707034e348013326df318c17467a0a91e201e9aca0c07796aad281fc5ee0cdf5",
        "url": "https://wmts.nlsc.gov.tw/wmts/PHOTO2/default/GoogleMapsCompatible/17/56233/109886",
        "x": 109886,
        "y": 56233,
        "z": 17
      },
      {
        "accessed_at": "2026-10-09T16:30:55.810572Z",
        "byte_count": 19535,
        "content_type": "image/jpeg",
        "sha256": "b967152e5e987a7d97b1ecf93c361331716ad2bb460d9518a2b433d151034754",
        "url": "https://wmts.nlsc.gov.tw/wmts/PHOTO2/default/GoogleMapsCompatible/17/56233/109887",
        "x": 109887,
        "y": 56233,
        "z": 17
      },
      {
        "accessed_at": "2026-10-09T16:30:56.169072Z",
        "byte_count": 25310,
        "content_type": "image/jpeg",
        "sha256": "706375830b2c92bf7d1ba5eaaa557b770285267c4d4faa1c6cb9bcf4d7614c59",
        "url": "https://wmts.nlsc.gov.tw/wmts/PHOTO2/default/GoogleMapsCompatible/17/56233/109888",
        "x": 109888,
        "y": 56233,
        "z": 17
      },
      {
        "accessed_at": "2026-10-09T16:30:56.434434Z",
        "byte_count": 18776,
        "content_type": "image/jpeg",
        "sha256": "c0b730d9786cf2bfb39dfbbabebcda896abca9f4751db3e2732ecd83dd3ee629",
        "url": "https://wmts.nlsc.gov.tw/wmts/PHOTO2/default/GoogleMapsCompatible/17/56233/109889",
        "x": 109889,
        "y": 56233,
        "z": 17
      },
      {
        "accessed_at": "2026-10-09T16:30:56.799830Z",
        "byte_count": 32620,
        "content_type": "image/jpeg",
        "sha256": "1a790a06dbf475a187948f7f7179059c13eb8825d6e695ec3fccc3574c6f9406",
        "url": "https://wmts.nlsc.gov.tw/wmts/PHOTO2/default/GoogleMapsCompatible/17/56233/109890",
        "x": 109890,
        "y": 56233,
        "z": 17
      },
      {
        "accessed_at": "2026-10-09T16:30:57.142081Z",
        "byte_count": 37756,
        "content_type": "image/jpeg",
        "sha256": "fac9096f0f1b474dbae55e73f7b0edafcfaac8299b01d26a95db07ab246d037c",
        "url": "https://wmts.nlsc.gov.tw/wmts/PHOTO2/default/GoogleMapsCompatible/17/56233/109891",
        "x": 109891,
        "y": 56233,
        "z": 17
      },
      {
        "accessed_at": "2026-10-09T16:30:57.484206Z",
        "byte_count": 37764,
        "content_type": "image/jpeg",
        "sha256": "c940dfadd045d571c3113802ac98820b4d76e3a08f59922c4c00ec4a88622c99",
        "url": "https://wmts.nlsc.gov.tw/wmts/PHOTO2/default/GoogleMapsCompatible/17/56233/109892",
        "x": 109892,
        "y": 56233,
        "z": 17
      },
      {
        "accessed_at": "2026-10-09T16:30:57.810812Z",
        "byte_count": 29995,
        "content_type": "image/jpeg",
        "sha256": "32ee3e17c6ad05482d1ce6c0dc4bebd88cbfa85219ca658fd9998441dcb6f6db",
        "url": "https://wmts.nlsc.gov.tw/wmts/PHOTO2/default/GoogleMapsCompatible/17/56233/109893",
        "x": 109893,
        "y": 56233,
        "z": 17
      },
      {
        "accessed_at": "2026-10-09T16:30:58.116669Z",
        "byte_count": 1653,
        "content_type": "image/jpeg",
        "sha256": "a41c617da051ce66997b47337fa5feb4f533647f19118f8606dbf1ae94869cab",
        "url": "https://wmts.nlsc.gov.tw/wmts/PHOTO2/default/GoogleMapsCompatible/17/56233/109894",
        "x": 109894,
        "y": 56233,
        "z": 17
      },
      {
        "accessed_at": "2026-10-09T16:30:58.449260Z",
        "byte_count": 1653,
        "content_type": "image/jpeg",
        "sha256": "a41c617da051ce66997b47337fa5feb4f533647f19118f8606dbf1ae94869cab",
        "url": "https://wmts.nlsc.gov.tw/wmts/PHOTO2/default/GoogleMapsCompatible/17/56233/109895",
        "x": 109895,
        "y": 56233,
        "z": 17
      },
      {
        "accessed_at": "2026-10-09T16:30:58.765527Z",
        "byte_count": 1653,
        "content_type": "image/jpeg",
        "sha256": "a41c617da051ce66997b47337fa5feb4f533647f19118f8606dbf1ae94869cab",
        "url": "https://wmts.nlsc.gov.tw/wmts/PHOTO2/default/GoogleMapsCompatible/17/56233/109896",
        "x": 109896,
        "y": 56233,
        "z": 17
      },
      {
        "accessed_at": "2026-10-09T16:30:59.107824Z",
        "byte_count": 1653,
        "content_type": "image/jpeg",
        "sha256": "a41c617da051ce66997b47337fa5feb4f533647f19118f8606dbf1ae94869cab",
        "url": "https://wmts.nlsc.gov.tw/wmts/PHOTO2/default/GoogleMapsCompatible/17/56233/109897",
        "x": 109897,
        "y": 56233,
        "z": 17
      },
      {
        "accessed_at": "2026-10-09T16:30:59.467415Z",
        "byte_count": 1653,
        "content_type": "image/jpeg",
        "sha256": "a41c617da051ce66997b47337fa5feb4f533647f19118f8606dbf1ae94869cab",
        "url": "https://wmts.nlsc.gov.tw/wmts/PHOTO2/default/GoogleMapsCompatible/17/56233/109898",
        "x": 109898,
        "y": 56233,
        "z": 17
      },
      {
        "accessed_at": "2026-10-09T16:30:59.920194Z",
        "byte_count": 20871,
        "content_type": "image/jpeg",
        "sha256": "b8b59bd61456c6e01b385afebdafc63700373e20e51dc5fb9f494a65054bdaa7",
        "url": "https://wmts.nlsc.gov.tw/wmts/PHOTO2/default/GoogleMapsCompatible/17/56234/109876",
        "x": 109876,
        "y": 56234,
        "z": 17
      },
      {
        "accessed_at": "2026-10-09T16:31:00.115308Z",
        "byte_count": 19883,
        "content_type": "image/jpeg",
        "sha256": "1e7f994c2026e1a923ea9fc3b7de6d13b1371d7b5d415c376e1421c038337578",
        "url": "https://wmts.nlsc.gov.tw/wmts/PHOTO2/default/GoogleMapsCompatible/17/56234/109877",
        "x": 109877,
        "y": 56234,
        "z": 17
      },
      {
        "accessed_at": "2026-10-09T16:31:00.457355Z",
        "byte_count": 18831,
        "content_type": "image/jpeg",
        "sha256": "6b51950b275707aae4f9f55706653bc190903d8e7a58d9dfc4f1ead6bcf1fbe7",
        "url": "https://wmts.nlsc.gov.tw/wmts/PHOTO2/default/GoogleMapsCompatible/17/56234/109878",
        "x": 109878,
        "y": 56234,
        "z": 17
      },
      {
        "accessed_at": "2026-10-09T16:31:00.784544Z",
        "byte_count": 20913,
        "content_type": "image/jpeg",
        "sha256": "310b9951d3f34799abdf14be44cdf5ae628e308623c1158b1bb814dcaecb4835",
        "url": "https://wmts.nlsc.gov.tw/wmts/PHOTO2/default/GoogleMapsCompatible/17/56234/109879",
        "x": 109879,
        "y": 56234,
        "z": 17
      },
      {
        "accessed_at": "2026-10-09T16:31:01.126367Z",
        "byte_count": 21108,
        "content_type": "image/jpeg",
        "sha256": "17e1f116a4a3e408a82c7aa4eaca01b367f69bffd7d5b300bc5779a0e554ef80",
        "url": "https://wmts.nlsc.gov.tw/wmts/PHOTO2/default/GoogleMapsCompatible/17/56234/109880",
        "x": 109880,
        "y": 56234,
        "z": 17
      },
      {
        "accessed_at": "2026-10-09T16:31:01.542176Z",
        "byte_count": 26634,
        "content_type": "image/jpeg",
        "sha256": "397c205e9751322d00a82cbc6c66416250089154fe64490260642bf37d6f4f9b",
        "url": "https://wmts.nlsc.gov.tw/wmts/PHOTO2/default/GoogleMapsCompatible/17/56234/109881",
        "x": 109881,
        "y": 56234,
        "z": 17
      },
      {
        "accessed_at": "2026-10-09T16:31:01.819304Z",
        "byte_count": 23550,
        "content_type": "image/jpeg",
        "sha256": "e8bf5b85c6ab70a37c3d786532ae503fe15fa17f93d90fd41ec8590b77873464",
        "url": "https://wmts.nlsc.gov.tw/wmts/PHOTO2/default/GoogleMapsCompatible/17/56234/109882",
        "x": 109882,
        "y": 56234,
        "z": 17
      },
      {
        "accessed_at": "2026-10-09T16:31:02.116201Z",
        "byte_count": 22181,
        "content_type": "image/jpeg",
        "sha256": "5d2b16091cbd25fecc3d2b34235a0d824c081df66167abc1390a5d9bb18522d5",
        "url": "https://wmts.nlsc.gov.tw/wmts/PHOTO2/default/GoogleMapsCompatible/17/56234/109883",
        "x": 109883,
        "y": 56234,
        "z": 17
      },
      {
        "accessed_at": "2026-10-09T16:31:02.456737Z",
        "byte_count": 12975,
        "content_type": "image/jpeg",
        "sha256": "a4dbde75d1a000e3cffce8ce1b464b1233940e27ac3ced58f91a8774124b481b",
        "url": "https://wmts.nlsc.gov.tw/wmts/PHOTO2/default/GoogleMapsCompatible/17/56234/109884",
        "x": 109884,
        "y": 56234,
        "z": 17
      },
      {
        "accessed_at": "2026-10-09T16:31:02.766609Z",
        "byte_count": 10813,
        "content_type": "image/jpeg",
        "sha256": "79d55d7a0664eef560d4a00c2583b7d6ea0bc2e31e2cb59cdae1c25c1e7295ba",
        "url": "https://wmts.nlsc.gov.tw/wmts/PHOTO2/default/GoogleMapsCompatible/17/56234/109885",
        "x": 109885,
        "y": 56234,
        "z": 17
      },
      {
        "accessed_at": "2026-10-09T16:31:03.143404Z",
        "byte_count": 12372,
        "content_type": "image/jpeg",
        "sha256": "0b7643de3867887c44d12a92b93addb5044205fe653dba8d1631d504e36d8b01",
        "url": "https://wmts.nlsc.gov.tw/wmts/PHOTO2/default/GoogleMapsCompatible/17/56234/109886",
        "x": 109886,
        "y": 56234,
        "z": 17
      },
      {
        "accessed_at": "2026-10-09T16:31:03.483346Z",
        "byte_count": 19970,
        "content_type": "image/jpeg",
        "sha256": "1573e9d032d0e662dfe08ea9be6d799f6a808f809116defe090b290d8d0cb4da",
        "url": "https://wmts.nlsc.gov.tw/wmts/PHOTO2/default/GoogleMapsCompatible/17/56234/109887",
        "x": 109887,
        "y": 56234,
        "z": 17
      },
      {
        "accessed_at": "2026-10-09T16:31:03.853986Z",
        "byte_count": 25326,
        "content_type": "image/jpeg",
        "sha256": "6ee6523c21301caf18b498a813508b3a7d2649fbf424e4615992e8b1c5560e07",
        "url": "https://wmts.nlsc.gov.tw/wmts/PHOTO2/default/GoogleMapsCompatible/17/56234/109888",
        "x": 109888,
        "y": 56234,
        "z": 17
      },
      {
        "accessed_at": "2026-10-09T16:31:04.176937Z",
        "byte_count": 18825,
        "content_type": "image/jpeg",
        "sha256": "1f1b5d0a47aeebf8b2f1cbe3302d5eb534d03576382120e8d6adc582cdf3351e",
        "url": "https://wmts.nlsc.gov.tw/wmts/PHOTO2/default/GoogleMapsCompatible/17/56234/109889",
        "x": 109889,
        "y": 56234,
        "z": 17
      },
      {
        "accessed_at": "2026-10-09T16:31:04.472989Z",
        "byte_count": 25220,
        "content_type": "image/jpeg",
        "sha256": "726aa0ba52e76b4910b6cc71dd390cc065f4eacd82ad613350a04db7c635efda",
        "url": "https://wmts.nlsc.gov.tw/wmts/PHOTO2/default/GoogleMapsCompatible/17/56234/109890",
        "x": 109890,
        "y": 56234,
        "z": 17
      },
      {
        "accessed_at": "2026-10-09T16:31:04.889836Z",
        "byte_count": 35452,
        "content_type": "image/jpeg",
        "sha256": "25764f5b85c53331c9a6ca48b5c194298c8bc8ee513a3b204b0aa0f3c01dd770",
        "url": "https://wmts.nlsc.gov.tw/wmts/PHOTO2/default/GoogleMapsCompatible/17/56234/109891",
        "x": 109891,
        "y": 56234,
        "z": 17
      },
      {
        "accessed_at": "2026-10-09T16:31:05.153676Z",
        "byte_count": 27520,
        "content_type": "image/jpeg",
        "sha256": "f7b3dc034021b2336f7fe0ae48815589ee4a08f8208419f9803670710c9a7e4e",
        "url": "https://wmts.nlsc.gov.tw/wmts/PHOTO2/default/GoogleMapsCompatible/17/56234/109892",
        "x": 109892,
        "y": 56234,
        "z": 17
      },
      {
        "accessed_at": "2026-10-09T16:31:05.494339Z",
        "byte_count": 24166,
        "content_type": "image/jpeg",
        "sha256": "1631a3b737f360a76de21c9873413c789a31cfd46ccb46f2152ff7165a65bc73",
        "url": "https://wmts.nlsc.gov.tw/wmts/PHOTO2/default/GoogleMapsCompatible/17/56234/109893",
        "x": 109893,
        "y": 56234,
        "z": 17
      },
      {
        "accessed_at": "2026-10-09T16:31:05.797231Z",
        "byte_count": 4534,
        "content_type": "image/jpeg",
        "sha256": "d6eea728f65925c42eb6e98a8121d9d90c8820033292ff5035e9660404dd6835",
        "url": "https://wmts.nlsc.gov.tw/wmts/PHOTO2/default/GoogleMapsCompatible/17/56234/109894",
        "x": 109894,
        "y": 56234,
        "z": 17
      },
      {
        "accessed_at": "2026-10-09T16:31:06.104332Z",
        "byte_count": 1653,
        "content_type": "image/jpeg",
        "sha256": "a41c617da051ce66997b47337fa5feb4f533647f19118f8606dbf1ae94869cab",
        "url": "https://wmts.nlsc.gov.tw/wmts/PHOTO2/default/GoogleMapsCompatible/17/56234/109895",
        "x": 109895,
        "y": 56234,
        "z": 17
      },
      {
        "accessed_at": "2026-10-09T16:31:06.462488Z",
        "byte_count": 1653,
        "content_type": "image/jpeg",
        "sha256": "a41c617da051ce66997b47337fa5feb4f533647f19118f8606dbf1ae94869cab",
        "url": "https://wmts.nlsc.gov.tw/wmts/PHOTO2/default/GoogleMapsCompatible/17/56234/109896",
        "x": 109896,
        "y": 56234,
        "z": 17
      },
      {
        "accessed_at": "2026-10-09T16:31:06.774355Z",
        "byte_count": 1653,
        "content_type": "image/jpeg",
        "sha256": "a41c617da051ce66997b47337fa5feb4f533647f19118f8606dbf1ae94869cab",
        "url": "https://wmts.nlsc.gov.tw/wmts/PHOTO2/default/GoogleMapsCompatible/17/56234/109897",
        "x": 109897,
        "y": 56234,
        "z": 17
      },
      {
        "accessed_at": "2026-10-09T16:31:07.120486Z",
        "byte_count": 1653,
        "content_type": "image/jpeg",
        "sha256": "a41c617da051ce66997b47337fa5feb4f533647f19118f8606dbf1ae94869cab",
        "url": "https://wmts.nlsc.gov.tw/wmts/PHOTO2/default/GoogleMapsCompatible/17/56234/109898",
        "x": 109898,
        "y": 56234,
        "z": 17
      },
      {
        "accessed_at": "2026-10-09T16:31:07.479314Z",
        "byte_count": 20527,
        "content_type": "image/jpeg",
        "sha256": "92673d566f0e2ae5a6bf4f89b509155c726c33faf099cd3466789949ac132c40",
        "url": "https://wmts.nlsc.gov.tw/wmts/PHOTO2/default/GoogleMapsCompatible/17/56235/109876",
        "x": 109876,
        "y": 56235,
        "z": 17
      },
      {
        "accessed_at": "2026-10-09T16:31:07.801965Z",
        "byte_count": 21439,
        "content_type": "image/jpeg",
        "sha256": "60ad2df927cdcc6e305711a2c88d39b833e71714145c2ee4c22b55feb00ce0de",
        "url": "https://wmts.nlsc.gov.tw/wmts/PHOTO2/default/GoogleMapsCompatible/17/56235/109877",
        "x": 109877,
        "y": 56235,
        "z": 17
      },
      {
        "accessed_at": "2026-10-09T16:31:08.164077Z",
        "byte_count": 19478,
        "content_type": "image/jpeg",
        "sha256": "20febf88d22a0add18b9615d06dcfaf50fdafe6193ea9e7be702299a0739fe97",
        "url": "https://wmts.nlsc.gov.tw/wmts/PHOTO2/default/GoogleMapsCompatible/17/56235/109878",
        "x": 109878,
        "y": 56235,
        "z": 17
      },
      {
        "accessed_at": "2026-10-09T16:31:08.486624Z",
        "byte_count": 19650,
        "content_type": "image/jpeg",
        "sha256": "b3030cd8f7026736341c7675c8ab04975f219a651ae601d3cb0dcddc0f2c9ac2",
        "url": "https://wmts.nlsc.gov.tw/wmts/PHOTO2/default/GoogleMapsCompatible/17/56235/109879",
        "x": 109879,
        "y": 56235,
        "z": 17
      },
      {
        "accessed_at": "2026-10-09T16:31:08.799608Z",
        "byte_count": 18937,
        "content_type": "image/jpeg",
        "sha256": "6abcda13c2dc72d87590cf7e507ed0c1cb4d4f4bb95780abd077bae562e891b8",
        "url": "https://wmts.nlsc.gov.tw/wmts/PHOTO2/default/GoogleMapsCompatible/17/56235/109880",
        "x": 109880,
        "y": 56235,
        "z": 17
      },
      {
        "accessed_at": "2026-10-09T16:31:09.164750Z",
        "byte_count": 21033,
        "content_type": "image/jpeg",
        "sha256": "272e14c3fcff09f42a2fd49e434c8f80e2febf225154473c31ad124ad19cd9b1",
        "url": "https://wmts.nlsc.gov.tw/wmts/PHOTO2/default/GoogleMapsCompatible/17/56235/109881",
        "x": 109881,
        "y": 56235,
        "z": 17
      },
      {
        "accessed_at": "2026-10-09T16:31:09.482813Z",
        "byte_count": 22784,
        "content_type": "image/jpeg",
        "sha256": "85be0039f1cb9493ecf944eb7cb9134ba750fa5538cbba0e69dff4e8009d1880",
        "url": "https://wmts.nlsc.gov.tw/wmts/PHOTO2/default/GoogleMapsCompatible/17/56235/109882",
        "x": 109882,
        "y": 56235,
        "z": 17
      },
      {
        "accessed_at": "2026-10-09T16:31:09.854124Z",
        "byte_count": 19318,
        "content_type": "image/jpeg",
        "sha256": "e3d1ead859c8e3d84432823b4cd1116afd4d23b7d1a0579c38667ec8fdb4f6c9",
        "url": "https://wmts.nlsc.gov.tw/wmts/PHOTO2/default/GoogleMapsCompatible/17/56235/109883",
        "x": 109883,
        "y": 56235,
        "z": 17
      },
      {
        "accessed_at": "2026-10-09T16:31:10.126406Z",
        "byte_count": 16676,
        "content_type": "image/jpeg",
        "sha256": "45c4623dbefc09a940b5b69d9169801c78d37708b39b9f26ae8e5baeca4cea5e",
        "url": "https://wmts.nlsc.gov.tw/wmts/PHOTO2/default/GoogleMapsCompatible/17/56235/109884",
        "x": 109884,
        "y": 56235,
        "z": 17
      },
      {
        "accessed_at": "2026-10-09T16:31:10.482058Z",
        "byte_count": 14466,
        "content_type": "image/jpeg",
        "sha256": "870fa500dfe6df4eb411f743c4903c4886fc6bd39d0616a27dea36c9658b60f1",
        "url": "https://wmts.nlsc.gov.tw/wmts/PHOTO2/default/GoogleMapsCompatible/17/56235/109885",
        "x": 109885,
        "y": 56235,
        "z": 17
      },
      {
        "accessed_at": "2026-10-09T16:31:10.874145Z",
        "byte_count": 12131,
        "content_type": "image/jpeg",
        "sha256": "88e5b583e532f47c5bb622a2028d895c9e0d772c4a30615c08d811af2560fa8b",
        "url": "https://wmts.nlsc.gov.tw/wmts/PHOTO2/default/GoogleMapsCompatible/17/56235/109886",
        "x": 109886,
        "y": 56235,
        "z": 17
      },
      {
        "accessed_at": "2026-10-09T16:31:11.126616Z",
        "byte_count": 17986,
        "content_type": "image/jpeg",
        "sha256": "1618fba0133b398715f4633fa62b49f7300d490957ac3a8f136b0ceb8a9dfe5e",
        "url": "https://wmts.nlsc.gov.tw/wmts/PHOTO2/default/GoogleMapsCompatible/17/56235/109887",
        "x": 109887,
        "y": 56235,
        "z": 17
      },
      {
        "accessed_at": "2026-10-09T16:31:11.487764Z",
        "byte_count": 23879,
        "content_type": "image/jpeg",
        "sha256": "d83ca5837a97c82d64a99dc5731ba5c432f8947f2d68b06e8b27cdfd43fcf864",
        "url": "https://wmts.nlsc.gov.tw/wmts/PHOTO2/default/GoogleMapsCompatible/17/56235/109888",
        "x": 109888,
        "y": 56235,
        "z": 17
      },
      {
        "accessed_at": "2026-10-09T16:31:11.842670Z",
        "byte_count": 20889,
        "content_type": "image/jpeg",
        "sha256": "2e2dd33cef958fc251f0f4796d0fd09751dd7552055d81d498ccec63c55ae19b",
        "url": "https://wmts.nlsc.gov.tw/wmts/PHOTO2/default/GoogleMapsCompatible/17/56235/109889",
        "x": 109889,
        "y": 56235,
        "z": 17
      },
      {
        "accessed_at": "2026-10-09T16:31:12.141413Z",
        "byte_count": 19702,
        "content_type": "image/jpeg",
        "sha256": "d9761078a00adc2749cabdaf2c4a76c9679dbe119a443710454ea4cad9f0dfb0",
        "url": "https://wmts.nlsc.gov.tw/wmts/PHOTO2/default/GoogleMapsCompatible/17/56235/109890",
        "x": 109890,
        "y": 56235,
        "z": 17
      },
      {
        "accessed_at": "2026-10-09T16:31:12.474009Z",
        "byte_count": 24496,
        "content_type": "image/jpeg",
        "sha256": "9c214fd45cf5ba2cf3317d44d96f9b97109e99c9a85b16c987a715bb2bb4514a",
        "url": "https://wmts.nlsc.gov.tw/wmts/PHOTO2/default/GoogleMapsCompatible/17/56235/109891",
        "x": 109891,
        "y": 56235,
        "z": 17
      },
      {
        "accessed_at": "2026-10-09T16:31:12.770544Z",
        "byte_count": 11430,
        "content_type": "image/jpeg",
        "sha256": "d8d9ac62566a67c5af230affca03d059e4a12c11fa3a3c8ec5d55c0b55df97e1",
        "url": "https://wmts.nlsc.gov.tw/wmts/PHOTO2/default/GoogleMapsCompatible/17/56235/109892",
        "x": 109892,
        "y": 56235,
        "z": 17
      },
      {
        "accessed_at": "2026-10-09T16:31:13.134427Z",
        "byte_count": 12464,
        "content_type": "image/jpeg",
        "sha256": "ea86cf152e1b1cbecf7460ca0b1d073c821e1383d82a5dce02bfca3c9eef481f",
        "url": "https://wmts.nlsc.gov.tw/wmts/PHOTO2/default/GoogleMapsCompatible/17/56235/109893",
        "x": 109893,
        "y": 56235,
        "z": 17
      },
      {
        "accessed_at": "2026-10-09T16:31:13.498767Z",
        "byte_count": 7646,
        "content_type": "image/jpeg",
        "sha256": "f0ded3ca02fb690f17ea759631fa94a2998f52d88c17bdb395ec945bd75d35fc",
        "url": "https://wmts.nlsc.gov.tw/wmts/PHOTO2/default/GoogleMapsCompatible/17/56235/109894",
        "x": 109894,
        "y": 56235,
        "z": 17
      },
      {
        "accessed_at": "2026-10-09T16:31:13.786605Z",
        "byte_count": 1653,
        "content_type": "image/jpeg",
        "sha256": "a41c617da051ce66997b47337fa5feb4f533647f19118f8606dbf1ae94869cab",
        "url": "https://wmts.nlsc.gov.tw/wmts/PHOTO2/default/GoogleMapsCompatible/17/56235/109895",
        "x": 109895,
        "y": 56235,
        "z": 17
      },
      {
        "accessed_at": "2026-10-09T16:31:14.136910Z",
        "byte_count": 1653,
        "content_type": "image/jpeg",
        "sha256": "a41c617da051ce66997b47337fa5feb4f533647f19118f8606dbf1ae94869cab",
        "url": "https://wmts.nlsc.gov.tw/wmts/PHOTO2/default/GoogleMapsCompatible/17/56235/109896",
        "x": 109896,
        "y": 56235,
        "z": 17
      },
      {
        "accessed_at": "2026-10-09T16:31:14.447548Z",
        "byte_count": 1653,
        "content_type": "image/jpeg",
        "sha256": "a41c617da051ce66997b47337fa5feb4f533647f19118f8606dbf1ae94869cab",
        "url": "https://wmts.nlsc.gov.tw/wmts/PHOTO2/default/GoogleMapsCompatible/17/56235/109897",
        "x": 109897,
        "y": 56235,
        "z": 17
      },
      {
        "accessed_at": "2026-10-09T16:31:14.819903Z",
        "byte_count": 1653,
        "content_type": "image/jpeg",
        "sha256": "a41c617da051ce66997b47337fa5feb4f533647f19118f8606dbf1ae94869cab",
        "url": "https://wmts.nlsc.gov.tw/wmts/PHOTO2/default/GoogleMapsCompatible/17/56235/109898",
        "x": 109898,
        "y": 56235,
        "z": 17
      },
      {
        "accessed_at": "2026-10-09T16:31:15.125503Z",
        "byte_count": 20279,
        "content_type": "image/jpeg",
        "sha256": "ad9c627a8a66d7bddcc7ef15c7c46db52866fe6b67fa0838017c05bff94d9ac2",
        "url": "https://wmts.nlsc.gov.tw/wmts/PHOTO2/default/GoogleMapsCompatible/17/56236/109876",
        "x": 109876,
        "y": 56236,
        "z": 17
      },
      {
        "accessed_at": "2026-10-09T16:31:15.464447Z",
        "byte_count": 19974,
        "content_type": "image/jpeg",
        "sha256": "c70bbffbb3d44d0a51bed7450420333336861175f5bdb1f9e5efdbeb0029a450",
        "url": "https://wmts.nlsc.gov.tw/wmts/PHOTO2/default/GoogleMapsCompatible/17/56236/109877",
        "x": 109877,
        "y": 56236,
        "z": 17
      },
      {
        "accessed_at": "2026-10-09T16:31:15.792408Z",
        "byte_count": 17160,
        "content_type": "image/jpeg",
        "sha256": "d653b1f68ce33cebd298c52779f7ec3bbb6b97ab319c3750851a6c6f15f4f2ee",
        "url": "https://wmts.nlsc.gov.tw/wmts/PHOTO2/default/GoogleMapsCompatible/17/56236/109878",
        "x": 109878,
        "y": 56236,
        "z": 17
      },
      {
        "accessed_at": "2026-10-09T16:31:16.147003Z",
        "byte_count": 19751,
        "content_type": "image/jpeg",
        "sha256": "ce0e4ba9de24e40d864640bc91a07d3ee53564bfa593076bcfe2ef3400d30887",
        "url": "https://wmts.nlsc.gov.tw/wmts/PHOTO2/default/GoogleMapsCompatible/17/56236/109879",
        "x": 109879,
        "y": 56236,
        "z": 17
      },
      {
        "accessed_at": "2026-10-09T16:31:16.478618Z",
        "byte_count": 20264,
        "content_type": "image/jpeg",
        "sha256": "c712b5c1ff7e115c74c13c14d7dd6b43952444bbf7f7f099e796d9e8deda3298",
        "url": "https://wmts.nlsc.gov.tw/wmts/PHOTO2/default/GoogleMapsCompatible/17/56236/109880",
        "x": 109880,
        "y": 56236,
        "z": 17
      },
      {
        "accessed_at": "2026-10-09T16:31:16.795765Z",
        "byte_count": 17179,
        "content_type": "image/jpeg",
        "sha256": "37e4ebad9c0829afbc5e32aefbfb91d299ff844dc7d1667a8ef78432f08c50b7",
        "url": "https://wmts.nlsc.gov.tw/wmts/PHOTO2/default/GoogleMapsCompatible/17/56236/109881",
        "x": 109881,
        "y": 56236,
        "z": 17
      },
      {
        "accessed_at": "2026-10-09T16:31:17.187452Z",
        "byte_count": 24119,
        "content_type": "image/jpeg",
        "sha256": "5d197b094a136f4d1884033758cd26f43386c78bcd97de005961f0ae08a3c9a8",
        "url": "https://wmts.nlsc.gov.tw/wmts/PHOTO2/default/GoogleMapsCompatible/17/56236/109882",
        "x": 109882,
        "y": 56236,
        "z": 17
      },
      {
        "accessed_at": "2026-10-09T16:31:17.484458Z",
        "byte_count": 20549,
        "content_type": "image/jpeg",
        "sha256": "10bcdef04b33c2b956abe4699c7642c26bed322c0f0ca3c95169ecb1d4425167",
        "url": "https://wmts.nlsc.gov.tw/wmts/PHOTO2/default/GoogleMapsCompatible/17/56236/109883",
        "x": 109883,
        "y": 56236,
        "z": 17
      },
      {
        "accessed_at": "2026-10-09T16:31:17.790562Z",
        "byte_count": 18030,
        "content_type": "image/jpeg",
        "sha256": "e41a64dbb770e64d79d808dc509157f7305a0f9a0b97ef60b4df7e2fb16b6aed",
        "url": "https://wmts.nlsc.gov.tw/wmts/PHOTO2/default/GoogleMapsCompatible/17/56236/109884",
        "x": 109884,
        "y": 56236,
        "z": 17
      },
      {
        "accessed_at": "2026-10-09T16:31:18.124218Z",
        "byte_count": 14593,
        "content_type": "image/jpeg",
        "sha256": "d74ed31eb132d50a5fd63947d446010b5ae9c6bcc9fe8ac27bf888963b2a7d97",
        "url": "https://wmts.nlsc.gov.tw/wmts/PHOTO2/default/GoogleMapsCompatible/17/56236/109885",
        "x": 109885,
        "y": 56236,
        "z": 17
      },
      {
        "accessed_at": "2026-10-09T16:31:18.455730Z",
        "byte_count": 15680,
        "content_type": "image/jpeg",
        "sha256": "eb81576b70b807740e72c2dd819c16bc14b9871dd712527b63f7dfba4455521b",
        "url": "https://wmts.nlsc.gov.tw/wmts/PHOTO2/default/GoogleMapsCompatible/17/56236/109886",
        "x": 109886,
        "y": 56236,
        "z": 17
      },
      {
        "accessed_at": "2026-10-09T16:31:18.798997Z",
        "byte_count": 19298,
        "content_type": "image/jpeg",
        "sha256": "fcb07debb3c28b4e573da9aeceb20ca01f21852658dc616b447dcafbac5a892b",
        "url": "https://wmts.nlsc.gov.tw/wmts/PHOTO2/default/GoogleMapsCompatible/17/56236/109887",
        "x": 109887,
        "y": 56236,
        "z": 17
      },
      {
        "accessed_at": "2026-10-09T16:31:19.178623Z",
        "byte_count": 27132,
        "content_type": "image/jpeg",
        "sha256": "c8819e25c4a23c3844ebd33fa508ccbfd296543c2433ccabf8c0a8f90f2f45cb",
        "url": "https://wmts.nlsc.gov.tw/wmts/PHOTO2/default/GoogleMapsCompatible/17/56236/109888",
        "x": 109888,
        "y": 56236,
        "z": 17
      },
      {
        "accessed_at": "2026-10-09T16:31:19.489734Z",
        "byte_count": 18772,
        "content_type": "image/jpeg",
        "sha256": "a1e53fab1d447aa3313fff238c03e49f36271e711d134f197e4586f05ac96d10",
        "url": "https://wmts.nlsc.gov.tw/wmts/PHOTO2/default/GoogleMapsCompatible/17/56236/109889",
        "x": 109889,
        "y": 56236,
        "z": 17
      },
      {
        "accessed_at": "2026-10-09T16:31:19.811259Z",
        "byte_count": 16883,
        "content_type": "image/jpeg",
        "sha256": "78b4b0bd04651d1ac78598987c8032e523aeca86288fe57919a1557465a5f5ea",
        "url": "https://wmts.nlsc.gov.tw/wmts/PHOTO2/default/GoogleMapsCompatible/17/56236/109890",
        "x": 109890,
        "y": 56236,
        "z": 17
      },
      {
        "accessed_at": "2026-10-09T16:31:20.161781Z",
        "byte_count": 12369,
        "content_type": "image/jpeg",
        "sha256": "1c177881807fd03f5d78441065ecf0514e3cb30014b4bcd6e72299739d062c1f",
        "url": "https://wmts.nlsc.gov.tw/wmts/PHOTO2/default/GoogleMapsCompatible/17/56236/109891",
        "x": 109891,
        "y": 56236,
        "z": 17
      },
      {
        "accessed_at": "2026-10-09T16:31:20.462847Z",
        "byte_count": 7894,
        "content_type": "image/jpeg",
        "sha256": "6191d4ccb0a5f097448fbaaa7d34d2196519a17d20331788b0c57478afb7edf7",
        "url": "https://wmts.nlsc.gov.tw/wmts/PHOTO2/default/GoogleMapsCompatible/17/56236/109892",
        "x": 109892,
        "y": 56236,
        "z": 17
      },
      {
        "accessed_at": "2026-10-09T16:31:20.747305Z",
        "byte_count": 7168,
        "content_type": "image/jpeg",
        "sha256": "1e24dc719691eefaf455fa446f077bc48455b8b094437898202b83c62d5e31ea",
        "url": "https://wmts.nlsc.gov.tw/wmts/PHOTO2/default/GoogleMapsCompatible/17/56236/109893",
        "x": 109893,
        "y": 56236,
        "z": 17
      },
      {
        "accessed_at": "2026-10-09T16:31:21.155066Z",
        "byte_count": 11771,
        "content_type": "image/jpeg",
        "sha256": "91182d4572604b950952ecc3a49bc195b7dc06f2b6c9a0264f9ead060731d89b",
        "url": "https://wmts.nlsc.gov.tw/wmts/PHOTO2/default/GoogleMapsCompatible/17/56236/109894",
        "x": 109894,
        "y": 56236,
        "z": 17
      },
      {
        "accessed_at": "2026-10-09T16:31:21.469644Z",
        "byte_count": 1904,
        "content_type": "image/jpeg",
        "sha256": "6069a6308920fcf8ee696b5d864f1b0253db5e93b7b54353b2821e6b386f0173",
        "url": "https://wmts.nlsc.gov.tw/wmts/PHOTO2/default/GoogleMapsCompatible/17/56236/109895",
        "x": 109895,
        "y": 56236,
        "z": 17
      },
      {
        "accessed_at": "2026-10-09T16:31:21.756927Z",
        "byte_count": 1653,
        "content_type": "image/jpeg",
        "sha256": "a41c617da051ce66997b47337fa5feb4f533647f19118f8606dbf1ae94869cab",
        "url": "https://wmts.nlsc.gov.tw/wmts/PHOTO2/default/GoogleMapsCompatible/17/56236/109896",
        "x": 109896,
        "y": 56236,
        "z": 17
      },
      {
        "accessed_at": "2026-10-09T16:31:22.135556Z",
        "byte_count": 1653,
        "content_type": "image/jpeg",
        "sha256": "a41c617da051ce66997b47337fa5feb4f533647f19118f8606dbf1ae94869cab",
        "url": "https://wmts.nlsc.gov.tw/wmts/PHOTO2/default/GoogleMapsCompatible/17/56236/109897",
        "x": 109897,
        "y": 56236,
        "z": 17
      },
      {
        "accessed_at": "2026-10-09T16:31:22.440087Z",
        "byte_count": 1653,
        "content_type": "image/jpeg",
        "sha256": "a41c617da051ce66997b47337fa5feb4f533647f19118f8606dbf1ae94869cab",
        "url": "https://wmts.nlsc.gov.tw/wmts/PHOTO2/default/GoogleMapsCompatible/17/56236/109898",
        "x": 109898,
        "y": 56236,
        "z": 17
      },
      {
        "accessed_at": "2026-10-09T16:31:22.845370Z",
        "byte_count": 17766,
        "content_type": "image/jpeg",
        "sha256": "add8f3e559ac8a62d257f945a84e76700052643ae92e3f9a4176030fb789eb38",
        "url": "https://wmts.nlsc.gov.tw/wmts/PHOTO2/default/GoogleMapsCompatible/17/56237/109876",
        "x": 109876,
        "y": 56237,
        "z": 17
      },
      {
        "accessed_at": "2026-10-09T16:31:23.147619Z",
        "byte_count": 20400,
        "content_type": "image/jpeg",
        "sha256": "7c81e344889c8b049251c94a3077bfeea3d6b2398897ffcfb2f287b9cd110370",
        "url": "https://wmts.nlsc.gov.tw/wmts/PHOTO2/default/GoogleMapsCompatible/17/56237/109877",
        "x": 109877,
        "y": 56237,
        "z": 17
      },
      {
        "accessed_at": "2026-10-09T16:31:23.480639Z",
        "byte_count": 21908,
        "content_type": "image/jpeg",
        "sha256": "3156f143e846cf4c189566bf2bb0f7cce01a22fa2d646382d45ae8ca70ce7e1e",
        "url": "https://wmts.nlsc.gov.tw/wmts/PHOTO2/default/GoogleMapsCompatible/17/56237/109878",
        "x": 109878,
        "y": 56237,
        "z": 17
      },
      {
        "accessed_at": "2026-10-09T16:31:23.780464Z",
        "byte_count": 22506,
        "content_type": "image/jpeg",
        "sha256": "e665ac73bb52f4657a39ef953b7aaa800fd1602ab4e02884d8cce0ee795cd573",
        "url": "https://wmts.nlsc.gov.tw/wmts/PHOTO2/default/GoogleMapsCompatible/17/56237/109879",
        "x": 109879,
        "y": 56237,
        "z": 17
      },
      {
        "accessed_at": "2026-10-09T16:31:24.132040Z",
        "byte_count": 20717,
        "content_type": "image/jpeg",
        "sha256": "dd6cd608ffa55d5a328923480a14c56ec26b8b76388cc5ee2942c76b2c19bedc",
        "url": "https://wmts.nlsc.gov.tw/wmts/PHOTO2/default/GoogleMapsCompatible/17/56237/109880",
        "x": 109880,
        "y": 56237,
        "z": 17
      },
      {
        "accessed_at": "2026-10-09T16:31:24.427166Z",
        "byte_count": 20009,
        "content_type": "image/jpeg",
        "sha256": "7e9c82ae631d748c4bf9e75607d480c336ce9485ccc3081ceb7ee2b17c1aa6a7",
        "url": "https://wmts.nlsc.gov.tw/wmts/PHOTO2/default/GoogleMapsCompatible/17/56237/109881",
        "x": 109881,
        "y": 56237,
        "z": 17
      },
      {
        "accessed_at": "2026-10-09T16:31:24.838336Z",
        "byte_count": 19995,
        "content_type": "image/jpeg",
        "sha256": "58c8808caeedcdfb951b6f61fca0da54e0ba3cfc32f1d686356261d094d18df2",
        "url": "https://wmts.nlsc.gov.tw/wmts/PHOTO2/default/GoogleMapsCompatible/17/56237/109882",
        "x": 109882,
        "y": 56237,
        "z": 17
      },
      {
        "accessed_at": "2026-10-09T16:31:25.181941Z",
        "byte_count": 18917,
        "content_type": "image/jpeg",
        "sha256": "a7e0d92c3e0b5977d77e30491d7de0bd7413bfbf2470008de529e05edd080dec",
        "url": "https://wmts.nlsc.gov.tw/wmts/PHOTO2/default/GoogleMapsCompatible/17/56237/109883",
        "x": 109883,
        "y": 56237,
        "z": 17
      },
      {
        "accessed_at": "2026-10-09T16:31:25.436080Z",
        "byte_count": 14209,
        "content_type": "image/jpeg",
        "sha256": "9e8a89a54374fc108c732133ce651d55dc37c31050d51bc274b3106858997258",
        "url": "https://wmts.nlsc.gov.tw/wmts/PHOTO2/default/GoogleMapsCompatible/17/56237/109884",
        "x": 109884,
        "y": 56237,
        "z": 17
      },
      {
        "accessed_at": "2026-10-09T16:31:25.797230Z",
        "byte_count": 16283,
        "content_type": "image/jpeg",
        "sha256": "03d3e2024da08c14898ebc542f3ce896a98983d319bb5fc6fbf9381bd163ac2f",
        "url": "https://wmts.nlsc.gov.tw/wmts/PHOTO2/default/GoogleMapsCompatible/17/56237/109885",
        "x": 109885,
        "y": 56237,
        "z": 17
      },
      {
        "accessed_at": "2026-10-09T16:31:26.130309Z",
        "byte_count": 17459,
        "content_type": "image/jpeg",
        "sha256": "18ee90508858501a88d8d5b5551e83e389fec0d25da2cb1b2c73e3d2ab1a5ba4",
        "url": "https://wmts.nlsc.gov.tw/wmts/PHOTO2/default/GoogleMapsCompatible/17/56237/109886",
        "x": 109886,
        "y": 56237,
        "z": 17
      },
      {
        "accessed_at": "2026-10-09T16:31:26.452325Z",
        "byte_count": 14549,
        "content_type": "image/jpeg",
        "sha256": "37a45514951ea17f493fe7caa1db89d5dfd3697887748cce86181c0658674663",
        "url": "https://wmts.nlsc.gov.tw/wmts/PHOTO2/default/GoogleMapsCompatible/17/56237/109887",
        "x": 109887,
        "y": 56237,
        "z": 17
      },
      {
        "accessed_at": "2026-10-09T16:31:26.800022Z",
        "byte_count": 25029,
        "content_type": "image/jpeg",
        "sha256": "090a6dea08597b8c03928e0dabf46a4748611d55e3507699074bf16d51b767f8",
        "url": "https://wmts.nlsc.gov.tw/wmts/PHOTO2/default/GoogleMapsCompatible/17/56237/109888",
        "x": 109888,
        "y": 56237,
        "z": 17
      },
      {
        "accessed_at": "2026-10-09T16:31:27.153413Z",
        "byte_count": 17775,
        "content_type": "image/jpeg",
        "sha256": "b1e464f7ee1d00e23a4efa144c37e353d3dd1133d40260c9e8e6de006381165b",
        "url": "https://wmts.nlsc.gov.tw/wmts/PHOTO2/default/GoogleMapsCompatible/17/56237/109889",
        "x": 109889,
        "y": 56237,
        "z": 17
      },
      {
        "accessed_at": "2026-10-09T16:31:27.496089Z",
        "byte_count": 17235,
        "content_type": "image/jpeg",
        "sha256": "ef23e64d0d732871919d51bc72948d2c68edcff7bb76dad49d7d13c0c0ea79ec",
        "url": "https://wmts.nlsc.gov.tw/wmts/PHOTO2/default/GoogleMapsCompatible/17/56237/109890",
        "x": 109890,
        "y": 56237,
        "z": 17
      },
      {
        "accessed_at": "2026-10-09T16:31:27.826197Z",
        "byte_count": 12062,
        "content_type": "image/jpeg",
        "sha256": "1a36e42007c941610d2bf56be19fd503177bc69a660ddbeb5d710d5922ed2338",
        "url": "https://wmts.nlsc.gov.tw/wmts/PHOTO2/default/GoogleMapsCompatible/17/56237/109891",
        "x": 109891,
        "y": 56237,
        "z": 17
      },
      {
        "accessed_at": "2026-10-09T16:31:28.145183Z",
        "byte_count": 5733,
        "content_type": "image/jpeg",
        "sha256": "9604c9e21fe65727862fb6305daf50ccd2b6f9b7fa5da3a5b89888c2625d413d",
        "url": "https://wmts.nlsc.gov.tw/wmts/PHOTO2/default/GoogleMapsCompatible/17/56237/109892",
        "x": 109892,
        "y": 56237,
        "z": 17
      },
      {
        "accessed_at": "2026-10-09T16:31:28.425985Z",
        "byte_count": 6277,
        "content_type": "image/jpeg",
        "sha256": "c3f230dc1af5a6be6ec81cea6087b3ef4e5aab3dc91f3ad1caa2f2a8c9b138b1",
        "url": "https://wmts.nlsc.gov.tw/wmts/PHOTO2/default/GoogleMapsCompatible/17/56237/109893",
        "x": 109893,
        "y": 56237,
        "z": 17
      },
      {
        "accessed_at": "2026-10-09T16:31:28.783265Z",
        "byte_count": 14003,
        "content_type": "image/jpeg",
        "sha256": "6de8bcf1cfc37c3cc75a56a2ac028360dad3cca7f9354339eb132b5cad77c9bc",
        "url": "https://wmts.nlsc.gov.tw/wmts/PHOTO2/default/GoogleMapsCompatible/17/56237/109894",
        "x": 109894,
        "y": 56237,
        "z": 17
      },
      {
        "accessed_at": "2026-10-09T16:31:29.125359Z",
        "byte_count": 7612,
        "content_type": "image/jpeg",
        "sha256": "b6918e9f065902416fe4ce56e8604f5a7e029224b9e98ca1b2a65575256dccd4",
        "url": "https://wmts.nlsc.gov.tw/wmts/PHOTO2/default/GoogleMapsCompatible/17/56237/109895",
        "x": 109895,
        "y": 56237,
        "z": 17
      },
      {
        "accessed_at": "2026-10-09T16:31:29.474748Z",
        "byte_count": 1653,
        "content_type": "image/jpeg",
        "sha256": "a41c617da051ce66997b47337fa5feb4f533647f19118f8606dbf1ae94869cab",
        "url": "https://wmts.nlsc.gov.tw/wmts/PHOTO2/default/GoogleMapsCompatible/17/56237/109896",
        "x": 109896,
        "y": 56237,
        "z": 17
      },
      {
        "accessed_at": "2026-10-09T16:31:29.789291Z",
        "byte_count": 1653,
        "content_type": "image/jpeg",
        "sha256": "a41c617da051ce66997b47337fa5feb4f533647f19118f8606dbf1ae94869cab",
        "url": "https://wmts.nlsc.gov.tw/wmts/PHOTO2/default/GoogleMapsCompatible/17/56237/109897",
        "x": 109897,
        "y": 56237,
        "z": 17
      },
      {
        "accessed_at": "2026-10-09T16:31:30.120564Z",
        "byte_count": 1653,
        "content_type": "image/jpeg",
        "sha256": "a41c617da051ce66997b47337fa5feb4f533647f19118f8606dbf1ae94869cab",
        "url": "https://wmts.nlsc.gov.tw/wmts/PHOTO2/default/GoogleMapsCompatible/17/56237/109898",
        "x": 109898,
        "y": 56237,
        "z": 17
      },
      {
        "accessed_at": "2026-10-09T16:31:30.508236Z",
        "byte_count": 18955,
        "content_type": "image/jpeg",
        "sha256": "afef9b3b42425fa68ad6a88ae721683b0baff60256fef3f5b1bc9c07d3362209",
        "url": "https://wmts.nlsc.gov.tw/wmts/PHOTO2/default/GoogleMapsCompatible/17/56238/109876",
        "x": 109876,
        "y": 56238,
        "z": 17
      },
      {
        "accessed_at": "2026-10-09T16:31:30.854834Z",
        "byte_count": 20444,
        "content_type": "image/jpeg",
        "sha256": "446e723ec01170267f54a3b7f9af9b4fda7356443bc18cf628fd8ce11fdcb1f2",
        "url": "https://wmts.nlsc.gov.tw/wmts/PHOTO2/default/GoogleMapsCompatible/17/56238/109877",
        "x": 109877,
        "y": 56238,
        "z": 17
      },
      {
        "accessed_at": "2026-10-09T16:31:31.130407Z",
        "byte_count": 20822,
        "content_type": "image/jpeg",
        "sha256": "591f060d5987b0f34fcf27ee8acdba50d64aa492cc45eba8c7b2028e5e026eac",
        "url": "https://wmts.nlsc.gov.tw/wmts/PHOTO2/default/GoogleMapsCompatible/17/56238/109878",
        "x": 109878,
        "y": 56238,
        "z": 17
      },
      {
        "accessed_at": "2026-10-09T16:31:31.503321Z",
        "byte_count": 19668,
        "content_type": "image/jpeg",
        "sha256": "3431762ffccebfbba446c50b4cd16d04bf4b9f84f868fbc41896261ec667b0c6",
        "url": "https://wmts.nlsc.gov.tw/wmts/PHOTO2/default/GoogleMapsCompatible/17/56238/109879",
        "x": 109879,
        "y": 56238,
        "z": 17
      },
      {
        "accessed_at": "2026-10-09T16:31:31.802094Z",
        "byte_count": 21655,
        "content_type": "image/jpeg",
        "sha256": "98c2a2cc73feb3c9a2010e32060a3c115fe11d3c45c27c451bef4999dca4df1d",
        "url": "https://wmts.nlsc.gov.tw/wmts/PHOTO2/default/GoogleMapsCompatible/17/56238/109880",
        "x": 109880,
        "y": 56238,
        "z": 17
      },
      {
        "accessed_at": "2026-10-09T16:31:32.172221Z",
        "byte_count": 19970,
        "content_type": "image/jpeg",
        "sha256": "2ecce4036d9e06edd03e89e032a4ba4eff0b7ad79e2eda417719cf14a2c1f649",
        "url": "https://wmts.nlsc.gov.tw/wmts/PHOTO2/default/GoogleMapsCompatible/17/56238/109881",
        "x": 109881,
        "y": 56238,
        "z": 17
      },
      {
        "accessed_at": "2026-10-09T16:31:32.477340Z",
        "byte_count": 17351,
        "content_type": "image/jpeg",
        "sha256": "06046983b94cc927067528bf6b287ee5716e6d7d2803842bea786c15c46daf1f",
        "url": "https://wmts.nlsc.gov.tw/wmts/PHOTO2/default/GoogleMapsCompatible/17/56238/109882",
        "x": 109882,
        "y": 56238,
        "z": 17
      },
      {
        "accessed_at": "2026-10-09T16:31:32.834824Z",
        "byte_count": 21147,
        "content_type": "image/jpeg",
        "sha256": "9ea8366d689b4eb90b4d9a4fb16f3219c3bee5bad772756e5abb072f6ef8135d",
        "url": "https://wmts.nlsc.gov.tw/wmts/PHOTO2/default/GoogleMapsCompatible/17/56238/109883",
        "x": 109883,
        "y": 56238,
        "z": 17
      },
      {
        "accessed_at": "2026-10-09T16:31:33.129785Z",
        "byte_count": 17285,
        "content_type": "image/jpeg",
        "sha256": "7ee39cdf43a97bbafca0f8b97bedf76ad656b83a3993af7401edfba9ff0ce005",
        "url": "https://wmts.nlsc.gov.tw/wmts/PHOTO2/default/GoogleMapsCompatible/17/56238/109884",
        "x": 109884,
        "y": 56238,
        "z": 17
      },
      {
        "accessed_at": "2026-10-09T16:31:33.454942Z",
        "byte_count": 14546,
        "content_type": "image/jpeg",
        "sha256": "6a692f722e8cc61b622969de22caf3ca9dc51a60852dc44b6e24f90cbeee3495",
        "url": "https://wmts.nlsc.gov.tw/wmts/PHOTO2/default/GoogleMapsCompatible/17/56238/109885",
        "x": 109885,
        "y": 56238,
        "z": 17
      },
      {
        "accessed_at": "2026-10-09T16:31:33.789525Z",
        "byte_count": 12305,
        "content_type": "image/jpeg",
        "sha256": "1cd1e87cb0b38330ea390d89b88e9fdb5e011aa2288ba013fe8be40ecc1c56d9",
        "url": "https://wmts.nlsc.gov.tw/wmts/PHOTO2/default/GoogleMapsCompatible/17/56238/109886",
        "x": 109886,
        "y": 56238,
        "z": 17
      },
      {
        "accessed_at": "2026-10-09T16:31:34.154074Z",
        "byte_count": 14649,
        "content_type": "image/jpeg",
        "sha256": "96ba1260dcc336f64530213a42d81a98203e1b1b7cb2f4737ba4605cd284f8b8",
        "url": "https://wmts.nlsc.gov.tw/wmts/PHOTO2/default/GoogleMapsCompatible/17/56238/109887",
        "x": 109887,
        "y": 56238,
        "z": 17
      },
      {
        "accessed_at": "2026-10-09T16:31:34.475416Z",
        "byte_count": 27620,
        "content_type": "image/jpeg",
        "sha256": "40597f8ad5c4e7cc521277b7e0cebca0f41825f48ffb2f75688118438883908b",
        "url": "https://wmts.nlsc.gov.tw/wmts/PHOTO2/default/GoogleMapsCompatible/17/56238/109888",
        "x": 109888,
        "y": 56238,
        "z": 17
      },
      {
        "accessed_at": "2026-10-09T16:31:34.794356Z",
        "byte_count": 23622,
        "content_type": "image/jpeg",
        "sha256": "8a4f6a97c3295775e6f5dc0a105c740fc81c3582efdad7c01c47fd252fa5f858",
        "url": "https://wmts.nlsc.gov.tw/wmts/PHOTO2/default/GoogleMapsCompatible/17/56238/109889",
        "x": 109889,
        "y": 56238,
        "z": 17
      },
      {
        "accessed_at": "2026-10-09T16:31:35.127081Z",
        "byte_count": 20319,
        "content_type": "image/jpeg",
        "sha256": "b28186613a1e9a83ac62a8c32040b07c61e67ee3e6102b764d35de0ae42351a9",
        "url": "https://wmts.nlsc.gov.tw/wmts/PHOTO2/default/GoogleMapsCompatible/17/56238/109890",
        "x": 109890,
        "y": 56238,
        "z": 17
      },
      {
        "accessed_at": "2026-10-09T16:31:35.449123Z",
        "byte_count": 16915,
        "content_type": "image/jpeg",
        "sha256": "63b2d93be9592215ffd52fc94e80cb26d649cb2c514952f5def2812d0d4690c9",
        "url": "https://wmts.nlsc.gov.tw/wmts/PHOTO2/default/GoogleMapsCompatible/17/56238/109891",
        "x": 109891,
        "y": 56238,
        "z": 17
      },
      {
        "accessed_at": "2026-10-09T16:31:35.779053Z",
        "byte_count": 10062,
        "content_type": "image/jpeg",
        "sha256": "b75df5c8e733127e32171fb861a3027ba2295898cf0d58db75dfaeb4a1bb1f51",
        "url": "https://wmts.nlsc.gov.tw/wmts/PHOTO2/default/GoogleMapsCompatible/17/56238/109892",
        "x": 109892,
        "y": 56238,
        "z": 17
      },
      {
        "accessed_at": "2026-10-09T16:31:36.103534Z",
        "byte_count": 6383,
        "content_type": "image/jpeg",
        "sha256": "3c4a10c3c5725289e5a4ea78469874fcf50036b3988263b3825e10a7cb685844",
        "url": "https://wmts.nlsc.gov.tw/wmts/PHOTO2/default/GoogleMapsCompatible/17/56238/109893",
        "x": 109893,
        "y": 56238,
        "z": 17
      },
      {
        "accessed_at": "2026-10-09T16:31:36.438771Z",
        "byte_count": 15382,
        "content_type": "image/jpeg",
        "sha256": "e6654c65e93d04ed4454c509fceb415500ed8c67ecd560507ed92f40299a4973",
        "url": "https://wmts.nlsc.gov.tw/wmts/PHOTO2/default/GoogleMapsCompatible/17/56238/109894",
        "x": 109894,
        "y": 56238,
        "z": 17
      },
      {
        "accessed_at": "2026-10-09T16:31:36.803956Z",
        "byte_count": 13524,
        "content_type": "image/jpeg",
        "sha256": "be84b5ef3cc9a085771b6f99bda608c064b772c2cf9d60919d4304eff1d6b53e",
        "url": "https://wmts.nlsc.gov.tw/wmts/PHOTO2/default/GoogleMapsCompatible/17/56238/109895",
        "x": 109895,
        "y": 56238,
        "z": 17
      },
      {
        "accessed_at": "2026-10-09T16:31:37.123077Z",
        "byte_count": 2405,
        "content_type": "image/jpeg",
        "sha256": "7e1eb8765193ff66c5bd7d432d6603d2dcf623b69d2ddcd9fabfc5e4fb9d0be8",
        "url": "https://wmts.nlsc.gov.tw/wmts/PHOTO2/default/GoogleMapsCompatible/17/56238/109896",
        "x": 109896,
        "y": 56238,
        "z": 17
      },
      {
        "accessed_at": "2026-10-09T16:31:37.460489Z",
        "byte_count": 1653,
        "content_type": "image/jpeg",
        "sha256": "a41c617da051ce66997b47337fa5feb4f533647f19118f8606dbf1ae94869cab",
        "url": "https://wmts.nlsc.gov.tw/wmts/PHOTO2/default/GoogleMapsCompatible/17/56238/109897",
        "x": 109897,
        "y": 56238,
        "z": 17
      },
      {
        "accessed_at": "2026-10-09T16:31:37.815546Z",
        "byte_count": 1653,
        "content_type": "image/jpeg",
        "sha256": "a41c617da051ce66997b47337fa5feb4f533647f19118f8606dbf1ae94869cab",
        "url": "https://wmts.nlsc.gov.tw/wmts/PHOTO2/default/GoogleMapsCompatible/17/56238/109898",
        "x": 109898,
        "y": 56238,
        "z": 17
      },
      {
        "accessed_at": "2026-10-09T16:31:38.125006Z",
        "byte_count": 21273,
        "content_type": "image/jpeg",
        "sha256": "b222267e5a17601c14cbb3b9c0f46234654e915fcaf64d96818a0e3291bddfb1",
        "url": "https://wmts.nlsc.gov.tw/wmts/PHOTO2/default/GoogleMapsCompatible/17/56239/109876",
        "x": 109876,
        "y": 56239,
        "z": 17
      },
      {
        "accessed_at": "2026-10-09T16:31:38.516432Z",
        "byte_count": 18572,
        "content_type": "image/jpeg",
        "sha256": "f76bc8938d9b91947c16719911c454384a4eb21e91ede9aaef601248ad22a3fe",
        "url": "https://wmts.nlsc.gov.tw/wmts/PHOTO2/default/GoogleMapsCompatible/17/56239/109877",
        "x": 109877,
        "y": 56239,
        "z": 17
      },
      {
        "accessed_at": "2026-10-09T16:31:38.838980Z",
        "byte_count": 19068,
        "content_type": "image/jpeg",
        "sha256": "3746b00ea797da027016e35f046f6ea437581f5a706ee6d2ac609c36b289f268",
        "url": "https://wmts.nlsc.gov.tw/wmts/PHOTO2/default/GoogleMapsCompatible/17/56239/109878",
        "x": 109878,
        "y": 56239,
        "z": 17
      },
      {
        "accessed_at": "2026-10-09T16:31:39.149592Z",
        "byte_count": 22024,
        "content_type": "image/jpeg",
        "sha256": "d61003803a883162a8f1392beb5192fd41f4ab01f8c7b2fd2ba984862f7ca1dc",
        "url": "https://wmts.nlsc.gov.tw/wmts/PHOTO2/default/GoogleMapsCompatible/17/56239/109879",
        "x": 109879,
        "y": 56239,
        "z": 17
      },
      {
        "accessed_at": "2026-10-09T16:31:39.458557Z",
        "byte_count": 23130,
        "content_type": "image/jpeg",
        "sha256": "0974e1c39f3f4a2bc1ce9f6d0e8faa9cad3d9103eaabf9ff9145f90b2c222195",
        "url": "https://wmts.nlsc.gov.tw/wmts/PHOTO2/default/GoogleMapsCompatible/17/56239/109880",
        "x": 109880,
        "y": 56239,
        "z": 17
      },
      {
        "accessed_at": "2026-10-09T16:31:39.824842Z",
        "byte_count": 21719,
        "content_type": "image/jpeg",
        "sha256": "5bc85afb968c0b962d59ccb9074c3f3394208b5661967a0229ede82403ccb711",
        "url": "https://wmts.nlsc.gov.tw/wmts/PHOTO2/default/GoogleMapsCompatible/17/56239/109881",
        "x": 109881,
        "y": 56239,
        "z": 17
      },
      {
        "accessed_at": "2026-10-09T16:31:40.138757Z",
        "byte_count": 22177,
        "content_type": "image/jpeg",
        "sha256": "620f7e193a0d896ccda80e6e6fb8ed2ec890535495b694cf08f53cb2ad6ef6f6",
        "url": "https://wmts.nlsc.gov.tw/wmts/PHOTO2/default/GoogleMapsCompatible/17/56239/109882",
        "x": 109882,
        "y": 56239,
        "z": 17
      },
      {
        "accessed_at": "2026-10-09T16:31:40.497054Z",
        "byte_count": 22655,
        "content_type": "image/jpeg",
        "sha256": "ed52b9b05aea5bd7aee51377fa9441da955ebf3fd4e8940199b3ef75a0bad017",
        "url": "https://wmts.nlsc.gov.tw/wmts/PHOTO2/default/GoogleMapsCompatible/17/56239/109883",
        "x": 109883,
        "y": 56239,
        "z": 17
      },
      {
        "accessed_at": "2026-10-09T16:31:40.786512Z",
        "byte_count": 22199,
        "content_type": "image/jpeg",
        "sha256": "2e544e12d191901ae140d775c2a6927d15346658c38f9596336a6904c0b06bd7",
        "url": "https://wmts.nlsc.gov.tw/wmts/PHOTO2/default/GoogleMapsCompatible/17/56239/109884",
        "x": 109884,
        "y": 56239,
        "z": 17
      },
      {
        "accessed_at": "2026-10-09T16:31:41.162930Z",
        "byte_count": 17017,
        "content_type": "image/jpeg",
        "sha256": "8cb0e64efdf14a6e36796270e8fa910584f8b9866ff0a1805684e8f4ea572c45",
        "url": "https://wmts.nlsc.gov.tw/wmts/PHOTO2/default/GoogleMapsCompatible/17/56239/109885",
        "x": 109885,
        "y": 56239,
        "z": 17
      },
      {
        "accessed_at": "2026-10-09T16:31:41.412420Z",
        "byte_count": 17905,
        "content_type": "image/jpeg",
        "sha256": "00d5320d9f7e587ca66dc3a5c02d5ff324670ce92a6c1da55a212a2c4a4b16b6",
        "url": "https://wmts.nlsc.gov.tw/wmts/PHOTO2/default/GoogleMapsCompatible/17/56239/109886",
        "x": 109886,
        "y": 56239,
        "z": 17
      },
      {
        "accessed_at": "2026-10-09T16:31:41.794265Z",
        "byte_count": 16733,
        "content_type": "image/jpeg",
        "sha256": "8d64090eb646a45a2424d0e6256548958fe03ebcc9f14627b06c421d8380b21e",
        "url": "https://wmts.nlsc.gov.tw/wmts/PHOTO2/default/GoogleMapsCompatible/17/56239/109887",
        "x": 109887,
        "y": 56239,
        "z": 17
      },
      {
        "accessed_at": "2026-10-09T16:31:42.137179Z",
        "byte_count": 19037,
        "content_type": "image/jpeg",
        "sha256": "97186dc1dc5682d857785df6e061cd7ba8f2701faf2f53e024f35c69097dd5a2",
        "url": "https://wmts.nlsc.gov.tw/wmts/PHOTO2/default/GoogleMapsCompatible/17/56239/109888",
        "x": 109888,
        "y": 56239,
        "z": 17
      },
      {
        "accessed_at": "2026-10-09T16:31:42.539310Z",
        "byte_count": 21994,
        "content_type": "image/jpeg",
        "sha256": "4941179248b0c6cd0fd9940a3e9676974f5513b397656b3e68b89ce819f68282",
        "url": "https://wmts.nlsc.gov.tw/wmts/PHOTO2/default/GoogleMapsCompatible/17/56239/109889",
        "x": 109889,
        "y": 56239,
        "z": 17
      },
      {
        "accessed_at": "2026-10-09T16:31:42.817824Z",
        "byte_count": 25909,
        "content_type": "image/jpeg",
        "sha256": "6d39fca8b75a8dd4c9d4f78ca498151a02a75715aebd8d3a869bb23d04cbd728",
        "url": "https://wmts.nlsc.gov.tw/wmts/PHOTO2/default/GoogleMapsCompatible/17/56239/109890",
        "x": 109890,
        "y": 56239,
        "z": 17
      },
      {
        "accessed_at": "2026-10-09T16:31:43.158178Z",
        "byte_count": 18251,
        "content_type": "image/jpeg",
        "sha256": "45cfab43324a2dc7a9f73cded472bb460b6d3d117871406adc89905e5992f89d",
        "url": "https://wmts.nlsc.gov.tw/wmts/PHOTO2/default/GoogleMapsCompatible/17/56239/109891",
        "x": 109891,
        "y": 56239,
        "z": 17
      },
      {
        "accessed_at": "2026-10-09T16:31:43.495059Z",
        "byte_count": 14271,
        "content_type": "image/jpeg",
        "sha256": "97e6c9bbf3f79975e0bd12973fe2be635b7ff286f43afb64c9424a6165f1307e",
        "url": "https://wmts.nlsc.gov.tw/wmts/PHOTO2/default/GoogleMapsCompatible/17/56239/109892",
        "x": 109892,
        "y": 56239,
        "z": 17
      },
      {
        "accessed_at": "2026-10-09T16:31:43.782673Z",
        "byte_count": 8437,
        "content_type": "image/jpeg",
        "sha256": "1f44901c55aa2673cdd120beb038232e6e252696c3a047952fa3fe0c80a81eb4",
        "url": "https://wmts.nlsc.gov.tw/wmts/PHOTO2/default/GoogleMapsCompatible/17/56239/109893",
        "x": 109893,
        "y": 56239,
        "z": 17
      },
      {
        "accessed_at": "2026-10-09T16:31:44.138275Z",
        "byte_count": 17177,
        "content_type": "image/jpeg",
        "sha256": "9928cda6117a2d186f50b755f8cf6d4087a5b298564853ea212654bb82d3c9f8",
        "url": "https://wmts.nlsc.gov.tw/wmts/PHOTO2/default/GoogleMapsCompatible/17/56239/109894",
        "x": 109894,
        "y": 56239,
        "z": 17
      },
      {
        "accessed_at": "2026-10-09T16:31:44.501388Z",
        "byte_count": 15693,
        "content_type": "image/jpeg",
        "sha256": "7dcb50d628097024a325e8b3a0859368601d78308b5c922019ca33553b1d7d0d",
        "url": "https://wmts.nlsc.gov.tw/wmts/PHOTO2/default/GoogleMapsCompatible/17/56239/109895",
        "x": 109895,
        "y": 56239,
        "z": 17
      },
      {
        "accessed_at": "2026-10-09T16:31:44.795885Z",
        "byte_count": 7709,
        "content_type": "image/jpeg",
        "sha256": "331b37113821816ae5fd74cfa93cbce0a4ec139b26b084db8804b2608abccf8c",
        "url": "https://wmts.nlsc.gov.tw/wmts/PHOTO2/default/GoogleMapsCompatible/17/56239/109896",
        "x": 109896,
        "y": 56239,
        "z": 17
      },
      {
        "accessed_at": "2026-10-09T16:31:45.156176Z",
        "byte_count": 1653,
        "content_type": "image/jpeg",
        "sha256": "a41c617da051ce66997b47337fa5feb4f533647f19118f8606dbf1ae94869cab",
        "url": "https://wmts.nlsc.gov.tw/wmts/PHOTO2/default/GoogleMapsCompatible/17/56239/109897",
        "x": 109897,
        "y": 56239,
        "z": 17
      },
      {
        "accessed_at": "2026-10-09T16:31:45.498550Z",
        "byte_count": 1653,
        "content_type": "image/jpeg",
        "sha256": "a41c617da051ce66997b47337fa5feb4f533647f19118f8606dbf1ae94869cab",
        "url": "https://wmts.nlsc.gov.tw/wmts/PHOTO2/default/GoogleMapsCompatible/17/56239/109898",
        "x": 109898,
        "y": 56239,
        "z": 17
      },
      {
        "accessed_at": "2026-10-09T16:31:45.821229Z",
        "byte_count": 26617,
        "content_type": "image/jpeg",
        "sha256": "e1a98369513849b8175a4a42623d8f0384ac7e3bfa9cf6ad560efaa438501915",
        "url": "https://wmts.nlsc.gov.tw/wmts/PHOTO2/default/GoogleMapsCompatible/17/56240/109876",
        "x": 109876,
        "y": 56240,
        "z": 17
      },
      {
        "accessed_at": "2026-10-09T16:31:46.139137Z",
        "byte_count": 22001,
        "content_type": "image/jpeg",
        "sha256": "0f992d10841e7c1547665331f43cc576af84277c2c0b405d0945faa2e52a5d92",
        "url": "https://wmts.nlsc.gov.tw/wmts/PHOTO2/default/GoogleMapsCompatible/17/56240/109877",
        "x": 109877,
        "y": 56240,
        "z": 17
      },
      {
        "accessed_at": "2026-10-09T16:31:46.480103Z",
        "byte_count": 20475,
        "content_type": "image/jpeg",
        "sha256": "8397b32a5a48a1521adc242436de5cdec2f0ff094bbdde84fe57d2d1a4d03ebb",
        "url": "https://wmts.nlsc.gov.tw/wmts/PHOTO2/default/GoogleMapsCompatible/17/56240/109878",
        "x": 109878,
        "y": 56240,
        "z": 17
      },
      {
        "accessed_at": "2026-10-09T16:31:46.815106Z",
        "byte_count": 19846,
        "content_type": "image/jpeg",
        "sha256": "019449055368f91b45818af34bb970e88c3f92fcede4867a1c215c49e63ab3d6",
        "url": "https://wmts.nlsc.gov.tw/wmts/PHOTO2/default/GoogleMapsCompatible/17/56240/109879",
        "x": 109879,
        "y": 56240,
        "z": 17
      },
      {
        "accessed_at": "2026-10-09T16:31:47.104201Z",
        "byte_count": 20033,
        "content_type": "image/jpeg",
        "sha256": "e18bb657c435eafe951c4002fecb2b0b078f32dee545cc50b05d7e86a3c603b0",
        "url": "https://wmts.nlsc.gov.tw/wmts/PHOTO2/default/GoogleMapsCompatible/17/56240/109880",
        "x": 109880,
        "y": 56240,
        "z": 17
      },
      {
        "accessed_at": "2026-10-09T16:31:47.489802Z",
        "byte_count": 20147,
        "content_type": "image/jpeg",
        "sha256": "f05af875c211499a38f9aedc1d286979018a70e1f7ce761c29366157b2b86558",
        "url": "https://wmts.nlsc.gov.tw/wmts/PHOTO2/default/GoogleMapsCompatible/17/56240/109881",
        "x": 109881,
        "y": 56240,
        "z": 17
      },
      {
        "accessed_at": "2026-10-09T16:31:47.808376Z",
        "byte_count": 22299,
        "content_type": "image/jpeg",
        "sha256": "6ef12240851e7c5e5c270ca30dbbac5a6e52da66c12c11a858a7592ee58960f4",
        "url": "https://wmts.nlsc.gov.tw/wmts/PHOTO2/default/GoogleMapsCompatible/17/56240/109882",
        "x": 109882,
        "y": 56240,
        "z": 17
      },
      {
        "accessed_at": "2026-10-09T16:31:48.126827Z",
        "byte_count": 23274,
        "content_type": "image/jpeg",
        "sha256": "851a55d1e71bf866fc88412d1b362e833f0899fd6cfd3f163389bc9a303c9ab9",
        "url": "https://wmts.nlsc.gov.tw/wmts/PHOTO2/default/GoogleMapsCompatible/17/56240/109883",
        "x": 109883,
        "y": 56240,
        "z": 17
      },
      {
        "accessed_at": "2026-10-09T16:31:48.462042Z",
        "byte_count": 19767,
        "content_type": "image/jpeg",
        "sha256": "aa0805d5174001abf6b7b7f0edb42951958cbd1c8dcbdaa2096dd526c80a44e0",
        "url": "https://wmts.nlsc.gov.tw/wmts/PHOTO2/default/GoogleMapsCompatible/17/56240/109884",
        "x": 109884,
        "y": 56240,
        "z": 17
      },
      {
        "accessed_at": "2026-10-09T16:31:48.818637Z",
        "byte_count": 18488,
        "content_type": "image/jpeg",
        "sha256": "d2a1d86955b258516b64c351ea83ee1c70f864063c7702aee2a7a901e1ddcfd7",
        "url": "https://wmts.nlsc.gov.tw/wmts/PHOTO2/default/GoogleMapsCompatible/17/56240/109885",
        "x": 109885,
        "y": 56240,
        "z": 17
      },
      {
        "accessed_at": "2026-10-09T16:31:49.137584Z",
        "byte_count": 14904,
        "content_type": "image/jpeg",
        "sha256": "0ef9ca0499450ad2b1c91187168715e5ed8b4d405ace0094e0fb6dc0ffdddbd2",
        "url": "https://wmts.nlsc.gov.tw/wmts/PHOTO2/default/GoogleMapsCompatible/17/56240/109886",
        "x": 109886,
        "y": 56240,
        "z": 17
      },
      {
        "accessed_at": "2026-10-09T16:31:49.484308Z",
        "byte_count": 16596,
        "content_type": "image/jpeg",
        "sha256": "1f0de1b6e6b64cf2f10d4612f13e1d60951ab90d65c240c903fcb1e495548b38",
        "url": "https://wmts.nlsc.gov.tw/wmts/PHOTO2/default/GoogleMapsCompatible/17/56240/109887",
        "x": 109887,
        "y": 56240,
        "z": 17
      },
      {
        "accessed_at": "2026-10-09T16:31:49.793310Z",
        "byte_count": 17900,
        "content_type": "image/jpeg",
        "sha256": "6f8d43b912d2b63c70dbfb7ed37214ded259403a0dc6d4b8041802ad99720280",
        "url": "https://wmts.nlsc.gov.tw/wmts/PHOTO2/default/GoogleMapsCompatible/17/56240/109888",
        "x": 109888,
        "y": 56240,
        "z": 17
      },
      {
        "accessed_at": "2026-10-09T16:31:50.134346Z",
        "byte_count": 17971,
        "content_type": "image/jpeg",
        "sha256": "609106cecd68863668377e301750059030531dd7026227dcc4f4c378ce5a8e94",
        "url": "https://wmts.nlsc.gov.tw/wmts/PHOTO2/default/GoogleMapsCompatible/17/56240/109889",
        "x": 109889,
        "y": 56240,
        "z": 17
      },
      {
        "accessed_at": "2026-10-09T16:31:50.485938Z",
        "byte_count": 21776,
        "content_type": "image/jpeg",
        "sha256": "54344edf28b1f06c42556f3a161e35a2b1f90b7d48e26f7fb002c09ddc84de09",
        "url": "https://wmts.nlsc.gov.tw/wmts/PHOTO2/default/GoogleMapsCompatible/17/56240/109890",
        "x": 109890,
        "y": 56240,
        "z": 17
      },
      {
        "accessed_at": "2026-10-09T16:31:50.821631Z",
        "byte_count": 19597,
        "content_type": "image/jpeg",
        "sha256": "d9e74a433372a627d755aba3aca0a1a3e1a2ca63c7d86f84101ef90af16556db",
        "url": "https://wmts.nlsc.gov.tw/wmts/PHOTO2/default/GoogleMapsCompatible/17/56240/109891",
        "x": 109891,
        "y": 56240,
        "z": 17
      },
      {
        "accessed_at": "2026-10-09T16:31:51.160728Z",
        "byte_count": 17764,
        "content_type": "image/jpeg",
        "sha256": "b28e182e4a0d4c246569afd6b99b671da8500618b5ec4324c29587006d18ddca",
        "url": "https://wmts.nlsc.gov.tw/wmts/PHOTO2/default/GoogleMapsCompatible/17/56240/109892",
        "x": 109892,
        "y": 56240,
        "z": 17
      },
      {
        "accessed_at": "2026-10-09T16:31:51.470146Z",
        "byte_count": 8857,
        "content_type": "image/jpeg",
        "sha256": "39bb38533b8311217c0de7e72202ee25239472c1d43bed9b0e1557d3d7868d3f",
        "url": "https://wmts.nlsc.gov.tw/wmts/PHOTO2/default/GoogleMapsCompatible/17/56240/109893",
        "x": 109893,
        "y": 56240,
        "z": 17
      },
      {
        "accessed_at": "2026-10-09T16:31:51.824346Z",
        "byte_count": 18195,
        "content_type": "image/jpeg",
        "sha256": "6abe8cde1987111758da24edd5fd499f4b2b0c55545e467f3ae84cadd06c03eb",
        "url": "https://wmts.nlsc.gov.tw/wmts/PHOTO2/default/GoogleMapsCompatible/17/56240/109894",
        "x": 109894,
        "y": 56240,
        "z": 17
      },
      {
        "accessed_at": "2026-10-09T16:31:52.146143Z",
        "byte_count": 17400,
        "content_type": "image/jpeg",
        "sha256": "1a9d284e8fdf89d3042ae752e28a7ec297367bf32e63712ca62610cade0740c0",
        "url": "https://wmts.nlsc.gov.tw/wmts/PHOTO2/default/GoogleMapsCompatible/17/56240/109895",
        "x": 109895,
        "y": 56240,
        "z": 17
      },
      {
        "accessed_at": "2026-10-09T16:31:52.451916Z",
        "byte_count": 13257,
        "content_type": "image/jpeg",
        "sha256": "242c9c3eb56f333384e3d6e54f8a02117c5c9f724a0407d220ff0385f510f7ec",
        "url": "https://wmts.nlsc.gov.tw/wmts/PHOTO2/default/GoogleMapsCompatible/17/56240/109896",
        "x": 109896,
        "y": 56240,
        "z": 17
      },
      {
        "accessed_at": "2026-10-09T16:31:52.752865Z",
        "byte_count": 1907,
        "content_type": "image/jpeg",
        "sha256": "5d4ce0a1dc06165cc44ccbe9594b034efbe4d4674de54c4f63fd51205bdca5cf",
        "url": "https://wmts.nlsc.gov.tw/wmts/PHOTO2/default/GoogleMapsCompatible/17/56240/109897",
        "x": 109897,
        "y": 56240,
        "z": 17
      },
      {
        "accessed_at": "2026-10-09T16:31:53.117107Z",
        "byte_count": 1653,
        "content_type": "image/jpeg",
        "sha256": "a41c617da051ce66997b47337fa5feb4f533647f19118f8606dbf1ae94869cab",
        "url": "https://wmts.nlsc.gov.tw/wmts/PHOTO2/default/GoogleMapsCompatible/17/56240/109898",
        "x": 109898,
        "y": 56240,
        "z": 17
      },
      {
        "accessed_at": "2026-10-09T16:31:53.464402Z",
        "byte_count": 25028,
        "content_type": "image/jpeg",
        "sha256": "4a8f7cdd04fdc9779a1c62b7d9ff024bd60252e07266130b62bd11a649889619",
        "url": "https://wmts.nlsc.gov.tw/wmts/PHOTO2/default/GoogleMapsCompatible/17/56241/109876",
        "x": 109876,
        "y": 56241,
        "z": 17
      },
      {
        "accessed_at": "2026-10-09T16:31:53.791572Z",
        "byte_count": 22723,
        "content_type": "image/jpeg",
        "sha256": "25cf4e273bd1b4dda7cebd116637eb70bfd5692befd636ccd3f4b5d229e5c761",
        "url": "https://wmts.nlsc.gov.tw/wmts/PHOTO2/default/GoogleMapsCompatible/17/56241/109877",
        "x": 109877,
        "y": 56241,
        "z": 17
      },
      {
        "accessed_at": "2026-10-09T16:31:54.153006Z",
        "byte_count": 21888,
        "content_type": "image/jpeg",
        "sha256": "43b88731ed3c6d8f8f021465f619b9c6354e4072e86242f67cc0bfb002832e14",
        "url": "https://wmts.nlsc.gov.tw/wmts/PHOTO2/default/GoogleMapsCompatible/17/56241/109878",
        "x": 109878,
        "y": 56241,
        "z": 17
      },
      {
        "accessed_at": "2026-10-09T16:31:54.490350Z",
        "byte_count": 21740,
        "content_type": "image/jpeg",
        "sha256": "7d7e7f0f32abab91517cbf1399cbfc36e4247b0b2fd326e71bce7887d32be13b",
        "url": "https://wmts.nlsc.gov.tw/wmts/PHOTO2/default/GoogleMapsCompatible/17/56241/109879",
        "x": 109879,
        "y": 56241,
        "z": 17
      },
      {
        "accessed_at": "2026-10-09T16:31:54.828550Z",
        "byte_count": 20533,
        "content_type": "image/jpeg",
        "sha256": "fc50a48bbf1ac6208878018ce769882c8627c5507cfc8bbbdbc655554fb268e1",
        "url": "https://wmts.nlsc.gov.tw/wmts/PHOTO2/default/GoogleMapsCompatible/17/56241/109880",
        "x": 109880,
        "y": 56241,
        "z": 17
      },
      {
        "accessed_at": "2026-10-09T16:31:55.141723Z",
        "byte_count": 23225,
        "content_type": "image/jpeg",
        "sha256": "445de6c64da9dcb67ba46acdcd2a7d31aef1a0e9983adba377244a5641b0f8b7",
        "url": "https://wmts.nlsc.gov.tw/wmts/PHOTO2/default/GoogleMapsCompatible/17/56241/109881",
        "x": 109881,
        "y": 56241,
        "z": 17
      },
      {
        "accessed_at": "2026-10-09T16:31:55.471620Z",
        "byte_count": 23168,
        "content_type": "image/jpeg",
        "sha256": "f3105d0b18adbd2bb14046105570357a6718a8a202dbfabedc3a8399dd53dbac",
        "url": "https://wmts.nlsc.gov.tw/wmts/PHOTO2/default/GoogleMapsCompatible/17/56241/109882",
        "x": 109882,
        "y": 56241,
        "z": 17
      },
      {
        "accessed_at": "2026-10-09T16:31:55.795299Z",
        "byte_count": 21604,
        "content_type": "image/jpeg",
        "sha256": "c6038164025f6eb23eb5a48b9c2ecb76455aa3d3b77c30ee95d3439f741f82bd",
        "url": "https://wmts.nlsc.gov.tw/wmts/PHOTO2/default/GoogleMapsCompatible/17/56241/109883",
        "x": 109883,
        "y": 56241,
        "z": 17
      },
      {
        "accessed_at": "2026-10-09T16:31:56.141170Z",
        "byte_count": 20739,
        "content_type": "image/jpeg",
        "sha256": "7db8303ad9f4ef41887b66b6a06a9dca62f674b59bea695c0cfd7a4c0d83c09e",
        "url": "https://wmts.nlsc.gov.tw/wmts/PHOTO2/default/GoogleMapsCompatible/17/56241/109884",
        "x": 109884,
        "y": 56241,
        "z": 17
      },
      {
        "accessed_at": "2026-10-09T16:31:56.457314Z",
        "byte_count": 15877,
        "content_type": "image/jpeg",
        "sha256": "4fb94bfbdc64daccb38226f8684fd00b00913dbf43f706448e1127c17b1d13f4",
        "url": "https://wmts.nlsc.gov.tw/wmts/PHOTO2/default/GoogleMapsCompatible/17/56241/109885",
        "x": 109885,
        "y": 56241,
        "z": 17
      },
      {
        "accessed_at": "2026-10-09T16:31:56.811272Z",
        "byte_count": 13312,
        "content_type": "image/jpeg",
        "sha256": "84f82aeaf261639322dbf5fc0a3064377692e6689f6c214b8fc2ec20ec248bf0",
        "url": "https://wmts.nlsc.gov.tw/wmts/PHOTO2/default/GoogleMapsCompatible/17/56241/109886",
        "x": 109886,
        "y": 56241,
        "z": 17
      },
      {
        "accessed_at": "2026-10-09T16:31:57.118065Z",
        "byte_count": 23728,
        "content_type": "image/jpeg",
        "sha256": "ef165a101b2b213674296b948f07ed75d684f17ad96da7c502865fcf39b9e0a9",
        "url": "https://wmts.nlsc.gov.tw/wmts/PHOTO2/default/GoogleMapsCompatible/17/56241/109887",
        "x": 109887,
        "y": 56241,
        "z": 17
      },
      {
        "accessed_at": "2026-10-09T16:31:57.496754Z",
        "byte_count": 19157,
        "content_type": "image/jpeg",
        "sha256": "813b20bd25352f2ed5ee86455a408f4975eb528972a5dfe96764fb795b85ee6a",
        "url": "https://wmts.nlsc.gov.tw/wmts/PHOTO2/default/GoogleMapsCompatible/17/56241/109888",
        "x": 109888,
        "y": 56241,
        "z": 17
      },
      {
        "accessed_at": "2026-10-09T16:31:57.811790Z",
        "byte_count": 22915,
        "content_type": "image/jpeg",
        "sha256": "b39e8a409cbef02baa400b1aad6ce39d912cae7573403a0ad00f7faa6884be62",
        "url": "https://wmts.nlsc.gov.tw/wmts/PHOTO2/default/GoogleMapsCompatible/17/56241/109889",
        "x": 109889,
        "y": 56241,
        "z": 17
      },
      {
        "accessed_at": "2026-10-09T16:31:58.172918Z",
        "byte_count": 19539,
        "content_type": "image/jpeg",
        "sha256": "5ea3c575701eedb533165302bd01efa18b4c0fbf10d039ef2bf0f186d252a4c4",
        "url": "https://wmts.nlsc.gov.tw/wmts/PHOTO2/default/GoogleMapsCompatible/17/56241/109890",
        "x": 109890,
        "y": 56241,
        "z": 17
      },
      {
        "accessed_at": "2026-10-09T16:31:58.477410Z",
        "byte_count": 22137,
        "content_type": "image/jpeg",
        "sha256": "d911284112f4683fd73dc9264136d0d8c6de7890be344664017133bd3389ca5c",
        "url": "https://wmts.nlsc.gov.tw/wmts/PHOTO2/default/GoogleMapsCompatible/17/56241/109891",
        "x": 109891,
        "y": 56241,
        "z": 17
      },
      {
        "accessed_at": "2026-10-09T16:31:58.782189Z",
        "byte_count": 17715,
        "content_type": "image/jpeg",
        "sha256": "0692593b9c6084a2ded921d1aa5228da6ec69ba4db55090611bac5b6824bea14",
        "url": "https://wmts.nlsc.gov.tw/wmts/PHOTO2/default/GoogleMapsCompatible/17/56241/109892",
        "x": 109892,
        "y": 56241,
        "z": 17
      },
      {
        "accessed_at": "2026-10-09T16:31:59.126294Z",
        "byte_count": 16255,
        "content_type": "image/jpeg",
        "sha256": "35ef4683c3750b936f7f7b893970134333c116837a0fc2a5af15fb2bc629f90b",
        "url": "https://wmts.nlsc.gov.tw/wmts/PHOTO2/default/GoogleMapsCompatible/17/56241/109893",
        "x": 109893,
        "y": 56241,
        "z": 17
      },
      {
        "accessed_at": "2026-10-09T16:31:59.431356Z",
        "byte_count": 12028,
        "content_type": "image/jpeg",
        "sha256": "4e097019b451c7817ef85bd2fd56322693710e0560f45afcc1851c7cc4caaa39",
        "url": "https://wmts.nlsc.gov.tw/wmts/PHOTO2/default/GoogleMapsCompatible/17/56241/109894",
        "x": 109894,
        "y": 56241,
        "z": 17
      },
      {
        "accessed_at": "2026-10-09T16:31:59.806321Z",
        "byte_count": 15938,
        "content_type": "image/jpeg",
        "sha256": "f728d2669f6d26b78a9c369343c36925f7e9a015abc8b427748d77c27b42b59a",
        "url": "https://wmts.nlsc.gov.tw/wmts/PHOTO2/default/GoogleMapsCompatible/17/56241/109895",
        "x": 109895,
        "y": 56241,
        "z": 17
      },
      {
        "accessed_at": "2026-10-09T16:32:00.141162Z",
        "byte_count": 21559,
        "content_type": "image/jpeg",
        "sha256": "5fb6c10824f6799b85b58fa8a68264650cfaed190eae82ee66230525e008f494",
        "url": "https://wmts.nlsc.gov.tw/wmts/PHOTO2/default/GoogleMapsCompatible/17/56241/109896",
        "x": 109896,
        "y": 56241,
        "z": 17
      },
      {
        "accessed_at": "2026-10-09T16:32:00.460956Z",
        "byte_count": 12832,
        "content_type": "image/jpeg",
        "sha256": "0b5f3b7270e5b461f50c1695b7e479eb195145ed898207a4b58366c23944dce2",
        "url": "https://wmts.nlsc.gov.tw/wmts/PHOTO2/default/GoogleMapsCompatible/17/56241/109897",
        "x": 109897,
        "y": 56241,
        "z": 17
      },
      {
        "accessed_at": "2026-10-09T16:32:00.796007Z",
        "byte_count": 1653,
        "content_type": "image/jpeg",
        "sha256": "a41c617da051ce66997b47337fa5feb4f533647f19118f8606dbf1ae94869cab",
        "url": "https://wmts.nlsc.gov.tw/wmts/PHOTO2/default/GoogleMapsCompatible/17/56241/109898",
        "x": 109898,
        "y": 56241,
        "z": 17
      },
      {
        "accessed_at": "2026-10-09T16:32:01.103722Z",
        "byte_count": 22457,
        "content_type": "image/jpeg",
        "sha256": "97404dafef5a89ec083db8fe44aaf531e36314009a4f8b6656d27b8f2ce85668",
        "url": "https://wmts.nlsc.gov.tw/wmts/PHOTO2/default/GoogleMapsCompatible/17/56242/109876",
        "x": 109876,
        "y": 56242,
        "z": 17
      },
      {
        "accessed_at": "2026-10-09T16:32:01.499490Z",
        "byte_count": 26721,
        "content_type": "image/jpeg",
        "sha256": "61a095b7b732a8dbea763a36c5ce9c04f13135690e927f8863f2ade0e52c5a82",
        "url": "https://wmts.nlsc.gov.tw/wmts/PHOTO2/default/GoogleMapsCompatible/17/56242/109877",
        "x": 109877,
        "y": 56242,
        "z": 17
      },
      {
        "accessed_at": "2026-10-09T16:32:01.799409Z",
        "byte_count": 20429,
        "content_type": "image/jpeg",
        "sha256": "a7ed9e0cb191eaf6b50ac7307c72dd974ae39a6f0f951b42169f44dc449c4454",
        "url": "https://wmts.nlsc.gov.tw/wmts/PHOTO2/default/GoogleMapsCompatible/17/56242/109878",
        "x": 109878,
        "y": 56242,
        "z": 17
      },
      {
        "accessed_at": "2026-10-09T16:32:02.147294Z",
        "byte_count": 22069,
        "content_type": "image/jpeg",
        "sha256": "106d4b40529ea6a770ee278e5cf1605ac50da1fcec609a21bbf268fb3129f043",
        "url": "https://wmts.nlsc.gov.tw/wmts/PHOTO2/default/GoogleMapsCompatible/17/56242/109879",
        "x": 109879,
        "y": 56242,
        "z": 17
      },
      {
        "accessed_at": "2026-10-09T16:32:02.458458Z",
        "byte_count": 21798,
        "content_type": "image/jpeg",
        "sha256": "72957fe96e29c0f8d327bbfc6fc7f8ae7c804d28e829532a286068718878d56c",
        "url": "https://wmts.nlsc.gov.tw/wmts/PHOTO2/default/GoogleMapsCompatible/17/56242/109880",
        "x": 109880,
        "y": 56242,
        "z": 17
      },
      {
        "accessed_at": "2026-10-09T16:32:02.775636Z",
        "byte_count": 22187,
        "content_type": "image/jpeg",
        "sha256": "656107731c6e17b3c640e8618bd2352c756496bf5ca6486a9f84a13077bce74a",
        "url": "https://wmts.nlsc.gov.tw/wmts/PHOTO2/default/GoogleMapsCompatible/17/56242/109881",
        "x": 109881,
        "y": 56242,
        "z": 17
      },
      {
        "accessed_at": "2026-10-09T16:32:03.134396Z",
        "byte_count": 24398,
        "content_type": "image/jpeg",
        "sha256": "ba41d5fa73dcf0ac5f614b7e19595cfd371cb8bbd0da014c054ae857f86ac68a",
        "url": "https://wmts.nlsc.gov.tw/wmts/PHOTO2/default/GoogleMapsCompatible/17/56242/109882",
        "x": 109882,
        "y": 56242,
        "z": 17
      },
      {
        "accessed_at": "2026-10-09T16:32:03.455901Z",
        "byte_count": 21991,
        "content_type": "image/jpeg",
        "sha256": "a1533d31076dc2006a14ebe1053916011116192e8f182227397863332d540326",
        "url": "https://wmts.nlsc.gov.tw/wmts/PHOTO2/default/GoogleMapsCompatible/17/56242/109883",
        "x": 109883,
        "y": 56242,
        "z": 17
      },
      {
        "accessed_at": "2026-10-09T16:32:03.825560Z",
        "byte_count": 20254,
        "content_type": "image/jpeg",
        "sha256": "d063bc2ba112b72615cec2fd5244d68348e551652e0c5e4954e958fc34c11c3d",
        "url": "https://wmts.nlsc.gov.tw/wmts/PHOTO2/default/GoogleMapsCompatible/17/56242/109884",
        "x": 109884,
        "y": 56242,
        "z": 17
      },
      {
        "accessed_at": "2026-10-09T16:32:04.161715Z",
        "byte_count": 14558,
        "content_type": "image/jpeg",
        "sha256": "78718f811c88dd105d9c4d7e57375aaab626658bd6d70d84b3e0fdcbbdc6aa64",
        "url": "https://wmts.nlsc.gov.tw/wmts/PHOTO2/default/GoogleMapsCompatible/17/56242/109885",
        "x": 109885,
        "y": 56242,
        "z": 17
      },
      {
        "accessed_at": "2026-10-09T16:32:04.456886Z",
        "byte_count": 12334,
        "content_type": "image/jpeg",
        "sha256": "af865b31dc746fde0da9ac41eedcc2e3df3f018b4fb45f7b5524529c34fff8cd",
        "url": "https://wmts.nlsc.gov.tw/wmts/PHOTO2/default/GoogleMapsCompatible/17/56242/109886",
        "x": 109886,
        "y": 56242,
        "z": 17
      },
      {
        "accessed_at": "2026-10-09T16:32:04.822803Z",
        "byte_count": 14757,
        "content_type": "image/jpeg",
        "sha256": "fa530a6654bc07636d6dc69bb3b501600d064ab9330b1a422f21824637e9178e",
        "url": "https://wmts.nlsc.gov.tw/wmts/PHOTO2/default/GoogleMapsCompatible/17/56242/109887",
        "x": 109887,
        "y": 56242,
        "z": 17
      },
      {
        "accessed_at": "2026-10-09T16:32:05.153835Z",
        "byte_count": 18548,
        "content_type": "image/jpeg",
        "sha256": "3244bf6f372c8c6afc79214df5759eb50e2b45c0e710ccd25a917b4e9a722b49",
        "url": "https://wmts.nlsc.gov.tw/wmts/PHOTO2/default/GoogleMapsCompatible/17/56242/109888",
        "x": 109888,
        "y": 56242,
        "z": 17
      },
      {
        "accessed_at": "2026-10-09T16:32:05.485309Z",
        "byte_count": 23290,
        "content_type": "image/jpeg",
        "sha256": "5bbf84872ca3839a0e4402205b625cf5f43a1b06837420b4e34148ead6c744a2",
        "url": "https://wmts.nlsc.gov.tw/wmts/PHOTO2/default/GoogleMapsCompatible/17/56242/109889",
        "x": 109889,
        "y": 56242,
        "z": 17
      },
      {
        "accessed_at": "2026-10-09T16:32:05.832800Z",
        "byte_count": 20535,
        "content_type": "image/jpeg",
        "sha256": "e483a88d67df491ea4da4bdc6e470d55391d0010a24bc616563f62e3fdb031f5",
        "url": "https://wmts.nlsc.gov.tw/wmts/PHOTO2/default/GoogleMapsCompatible/17/56242/109890",
        "x": 109890,
        "y": 56242,
        "z": 17
      },
      {
        "accessed_at": "2026-10-09T16:32:06.145058Z",
        "byte_count": 25105,
        "content_type": "image/jpeg",
        "sha256": "a2bd2817e7334003cd4ed958306adceb60602494fd01461deb09a1c34e6ed1cf",
        "url": "https://wmts.nlsc.gov.tw/wmts/PHOTO2/default/GoogleMapsCompatible/17/56242/109891",
        "x": 109891,
        "y": 56242,
        "z": 17
      },
      {
        "accessed_at": "2026-10-09T16:32:06.489622Z",
        "byte_count": 16594,
        "content_type": "image/jpeg",
        "sha256": "923be6f6f971ba7da34054002d90ef85a17be666f9d8ebd6d35778c04806b046",
        "url": "https://wmts.nlsc.gov.tw/wmts/PHOTO2/default/GoogleMapsCompatible/17/56242/109892",
        "x": 109892,
        "y": 56242,
        "z": 17
      },
      {
        "accessed_at": "2026-10-09T16:32:06.794358Z",
        "byte_count": 18223,
        "content_type": "image/jpeg",
        "sha256": "05aad423448f37f6f6614d31b764d75bc967edfad9f32ab8d8b7619283fc0f4d",
        "url": "https://wmts.nlsc.gov.tw/wmts/PHOTO2/default/GoogleMapsCompatible/17/56242/109893",
        "x": 109893,
        "y": 56242,
        "z": 17
      },
      {
        "accessed_at": "2026-10-09T16:32:07.139575Z",
        "byte_count": 14689,
        "content_type": "image/jpeg",
        "sha256": "f9c26efb025089b49a176e5245d11d992780f87aefa8aa7ae687cf24d2a05a6f",
        "url": "https://wmts.nlsc.gov.tw/wmts/PHOTO2/default/GoogleMapsCompatible/17/56242/109894",
        "x": 109894,
        "y": 56242,
        "z": 17
      },
      {
        "accessed_at": "2026-10-09T16:32:07.449490Z",
        "byte_count": 12219,
        "content_type": "image/jpeg",
        "sha256": "2a0404c3f72cad56b18a7805345ff09599ff4c065184fcbd179b0fbefcd8c574",
        "url": "https://wmts.nlsc.gov.tw/wmts/PHOTO2/default/GoogleMapsCompatible/17/56242/109895",
        "x": 109895,
        "y": 56242,
        "z": 17
      },
      {
        "accessed_at": "2026-10-09T16:32:07.790404Z",
        "byte_count": 28044,
        "content_type": "image/jpeg",
        "sha256": "f1200259967323bbcb150a2094b4c5bfe07489ea8eb5a67b105a8bb0649f7c7b",
        "url": "https://wmts.nlsc.gov.tw/wmts/PHOTO2/default/GoogleMapsCompatible/17/56242/109896",
        "x": 109896,
        "y": 56242,
        "z": 17
      },
      {
        "accessed_at": "2026-10-09T16:32:08.164215Z",
        "byte_count": 32222,
        "content_type": "image/jpeg",
        "sha256": "fdd69027359613725ae18929cb53d0f7feb77223d5f20e387a910d75450bf98d",
        "url": "https://wmts.nlsc.gov.tw/wmts/PHOTO2/default/GoogleMapsCompatible/17/56242/109897",
        "x": 109897,
        "y": 56242,
        "z": 17
      },
      {
        "accessed_at": "2026-10-09T16:32:08.435428Z",
        "byte_count": 7182,
        "content_type": "image/jpeg",
        "sha256": "465a9b2b8f5341f6f8f118a2195fd1dfcbc2d9081aeebff78782b78e343c293a",
        "url": "https://wmts.nlsc.gov.tw/wmts/PHOTO2/default/GoogleMapsCompatible/17/56242/109898",
        "x": 109898,
        "y": 56242,
        "z": 17
      },
      {
        "accessed_at": "2026-10-09T16:32:08.789450Z",
        "byte_count": 18116,
        "content_type": "image/jpeg",
        "sha256": "2881f97e74f1e1081e98cf1b8e016b62510804ba16ffac370121b708e3550110",
        "url": "https://wmts.nlsc.gov.tw/wmts/PHOTO2/default/GoogleMapsCompatible/17/56243/109876",
        "x": 109876,
        "y": 56243,
        "z": 17
      },
      {
        "accessed_at": "2026-10-09T16:32:09.137139Z",
        "byte_count": 24074,
        "content_type": "image/jpeg",
        "sha256": "1c25bbacc403f0cde63e71e4ee28e42186b710151652e6afd2ea91f6be7967ad",
        "url": "https://wmts.nlsc.gov.tw/wmts/PHOTO2/default/GoogleMapsCompatible/17/56243/109877",
        "x": 109877,
        "y": 56243,
        "z": 17
      },
      {
        "accessed_at": "2026-10-09T16:32:09.476612Z",
        "byte_count": 23305,
        "content_type": "image/jpeg",
        "sha256": "0034a57ee5358401abf98318b60805b5fa618a705e17937180b2d4dfc26c3920",
        "url": "https://wmts.nlsc.gov.tw/wmts/PHOTO2/default/GoogleMapsCompatible/17/56243/109878",
        "x": 109878,
        "y": 56243,
        "z": 17
      },
      {
        "accessed_at": "2026-10-09T16:32:09.861414Z",
        "byte_count": 22339,
        "content_type": "image/jpeg",
        "sha256": "90d0374a3af29f45e908bab305cf2a73f5812dedcd23561216620dea8733cd73",
        "url": "https://wmts.nlsc.gov.tw/wmts/PHOTO2/default/GoogleMapsCompatible/17/56243/109879",
        "x": 109879,
        "y": 56243,
        "z": 17
      },
      {
        "accessed_at": "2026-10-09T16:32:10.134106Z",
        "byte_count": 22431,
        "content_type": "image/jpeg",
        "sha256": "55f62ebed3ae5e8631ed8e546dbd68d42227318324dd0ebece8f3a2dfd2d72e7",
        "url": "https://wmts.nlsc.gov.tw/wmts/PHOTO2/default/GoogleMapsCompatible/17/56243/109880",
        "x": 109880,
        "y": 56243,
        "z": 17
      },
      {
        "accessed_at": "2026-10-09T16:32:10.480743Z",
        "byte_count": 19860,
        "content_type": "image/jpeg",
        "sha256": "7d6e5b2d76752641c88d582b92f1fc7aa0fb97de497ff48e7c94344abbc709d0",
        "url": "https://wmts.nlsc.gov.tw/wmts/PHOTO2/default/GoogleMapsCompatible/17/56243/109881",
        "x": 109881,
        "y": 56243,
        "z": 17
      },
      {
        "accessed_at": "2026-10-09T16:32:10.801954Z",
        "byte_count": 20455,
        "content_type": "image/jpeg",
        "sha256": "ae9de936906acd5b5802fb9165a70d2fbfdc07581984d05a2b6c9493e2e3c61b",
        "url": "https://wmts.nlsc.gov.tw/wmts/PHOTO2/default/GoogleMapsCompatible/17/56243/109882",
        "x": 109882,
        "y": 56243,
        "z": 17
      },
      {
        "accessed_at": "2026-10-09T16:32:11.086458Z",
        "byte_count": 22159,
        "content_type": "image/jpeg",
        "sha256": "a916a3620be36026f1dd04b35de27c03f9ccc0acc281f85076f50ef939ca60eb",
        "url": "https://wmts.nlsc.gov.tw/wmts/PHOTO2/default/GoogleMapsCompatible/17/56243/109883",
        "x": 109883,
        "y": 56243,
        "z": 17
      },
      {
        "accessed_at": "2026-10-09T16:32:11.445262Z",
        "byte_count": 22763,
        "content_type": "image/jpeg",
        "sha256": "40c952707fe7a9fd4a6d7c0c034e6979a35516021ef182f5f109d777c06427c3",
        "url": "https://wmts.nlsc.gov.tw/wmts/PHOTO2/default/GoogleMapsCompatible/17/56243/109884",
        "x": 109884,
        "y": 56243,
        "z": 17
      },
      {
        "accessed_at": "2026-10-09T16:32:11.808587Z",
        "byte_count": 21678,
        "content_type": "image/jpeg",
        "sha256": "93eb7f8e14f2e584e5fe8d024be64afc03e3931f8659528590a74a022981ed7c",
        "url": "https://wmts.nlsc.gov.tw/wmts/PHOTO2/default/GoogleMapsCompatible/17/56243/109885",
        "x": 109885,
        "y": 56243,
        "z": 17
      },
      {
        "accessed_at": "2026-10-09T16:32:12.164130Z",
        "byte_count": 18479,
        "content_type": "image/jpeg",
        "sha256": "58fa3e4a2f82aa0410976ea44bf0e39e7ccaf6afa6e9c6befe4f1f743fcaeef7",
        "url": "https://wmts.nlsc.gov.tw/wmts/PHOTO2/default/GoogleMapsCompatible/17/56243/109886",
        "x": 109886,
        "y": 56243,
        "z": 17
      },
      {
        "accessed_at": "2026-10-09T16:32:12.461729Z",
        "byte_count": 15497,
        "content_type": "image/jpeg",
        "sha256": "2ae33acb9ccefc3d2a6163143f96deda6fce8b2da8f9bf178fa2abc13ad58678",
        "url": "https://wmts.nlsc.gov.tw/wmts/PHOTO2/default/GoogleMapsCompatible/17/56243/109887",
        "x": 109887,
        "y": 56243,
        "z": 17
      },
      {
        "accessed_at": "2026-10-09T16:32:12.774733Z",
        "byte_count": 14566,
        "content_type": "image/jpeg",
        "sha256": "0fcffa86aad4d676cef48d9bc6c87d68fc83004fb7685f61c1a9078e832fe9d2",
        "url": "https://wmts.nlsc.gov.tw/wmts/PHOTO2/default/GoogleMapsCompatible/17/56243/109888",
        "x": 109888,
        "y": 56243,
        "z": 17
      },
      {
        "accessed_at": "2026-10-09T16:32:13.144954Z",
        "byte_count": 14735,
        "content_type": "image/jpeg",
        "sha256": "551e14a327dd6b483c3cc1176702cdab0dd614b8a70038323df7efcb8c5b7212",
        "url": "https://wmts.nlsc.gov.tw/wmts/PHOTO2/default/GoogleMapsCompatible/17/56243/109889",
        "x": 109889,
        "y": 56243,
        "z": 17
      },
      {
        "accessed_at": "2026-10-09T16:32:13.456884Z",
        "byte_count": 17680,
        "content_type": "image/jpeg",
        "sha256": "a607e8923c8df6daaf656447af44827fd7546478cf99d7a09095f303f6b90594",
        "url": "https://wmts.nlsc.gov.tw/wmts/PHOTO2/default/GoogleMapsCompatible/17/56243/109890",
        "x": 109890,
        "y": 56243,
        "z": 17
      },
      {
        "accessed_at": "2026-10-09T16:32:13.799837Z",
        "byte_count": 22799,
        "content_type": "image/jpeg",
        "sha256": "85dfdc0b9f29a2e79c443e3e7ae1857f5bab27fb75edd0e30b526d69b52b6e3d",
        "url": "https://wmts.nlsc.gov.tw/wmts/PHOTO2/default/GoogleMapsCompatible/17/56243/109891",
        "x": 109891,
        "y": 56243,
        "z": 17
      },
      {
        "accessed_at": "2026-10-09T16:32:14.126857Z",
        "byte_count": 21132,
        "content_type": "image/jpeg",
        "sha256": "383c4fd4c1b08dc2a1c70fb164ae50c4f9c17c44ad068ad59c02e94eb61619ef",
        "url": "https://wmts.nlsc.gov.tw/wmts/PHOTO2/default/GoogleMapsCompatible/17/56243/109892",
        "x": 109892,
        "y": 56243,
        "z": 17
      },
      {
        "accessed_at": "2026-10-09T16:32:14.471122Z",
        "byte_count": 20766,
        "content_type": "image/jpeg",
        "sha256": "aee2070e31adf3434d113fa5bf634000123dbcdcd1f72d290aff40a389cd32d6",
        "url": "https://wmts.nlsc.gov.tw/wmts/PHOTO2/default/GoogleMapsCompatible/17/56243/109893",
        "x": 109893,
        "y": 56243,
        "z": 17
      },
      {
        "accessed_at": "2026-10-09T16:32:14.784077Z",
        "byte_count": 15542,
        "content_type": "image/jpeg",
        "sha256": "39558b37c95390c32d474e26eab07f81dbd9fd0478097f04358a60da51607170",
        "url": "https://wmts.nlsc.gov.tw/wmts/PHOTO2/default/GoogleMapsCompatible/17/56243/109894",
        "x": 109894,
        "y": 56243,
        "z": 17
      },
      {
        "accessed_at": "2026-10-09T16:32:15.131731Z",
        "byte_count": 13654,
        "content_type": "image/jpeg",
        "sha256": "f24f84f9a2eb8f1bd10865e95967af7c152b2813758427966514731602d44773",
        "url": "https://wmts.nlsc.gov.tw/wmts/PHOTO2/default/GoogleMapsCompatible/17/56243/109895",
        "x": 109895,
        "y": 56243,
        "z": 17
      },
      {
        "accessed_at": "2026-10-09T16:32:15.481147Z",
        "byte_count": 27557,
        "content_type": "image/jpeg",
        "sha256": "815d5b81b01c992f61f7e25ae626cfc9313d60ee1bf13d19027c0538f4e804d4",
        "url": "https://wmts.nlsc.gov.tw/wmts/PHOTO2/default/GoogleMapsCompatible/17/56243/109896",
        "x": 109896,
        "y": 56243,
        "z": 17
      },
      {
        "accessed_at": "2026-10-09T16:32:15.800559Z",
        "byte_count": 32126,
        "content_type": "image/jpeg",
        "sha256": "c0f5f02dfbb68c02b735667228a4cd53053fa7b1659a0908763e893199274db7",
        "url": "https://wmts.nlsc.gov.tw/wmts/PHOTO2/default/GoogleMapsCompatible/17/56243/109897",
        "x": 109897,
        "y": 56243,
        "z": 17
      },
      {
        "accessed_at": "2026-10-09T16:32:16.169640Z",
        "byte_count": 21493,
        "content_type": "image/jpeg",
        "sha256": "f760ba9ad02f0bb84df65c51e2f3e8259bc22dff52110a5ff1ce09c0142503d8",
        "url": "https://wmts.nlsc.gov.tw/wmts/PHOTO2/default/GoogleMapsCompatible/17/56243/109898",
        "x": 109898,
        "y": 56243,
        "z": 17
      },
      {
        "accessed_at": "2026-10-09T16:57:04.519375Z",
        "byte_count": 16004,
        "content_type": "image/jpeg",
        "sha256": "ec2b52234607392eb3b9e911b20598da01edf5f353e9008f6198a7b8cdccc8fa",
        "url": "https://wmts.nlsc.gov.tw/wmts/PHOTO2/default/GoogleMapsCompatible/17/56244/109876",
        "x": 109876,
        "y": 56244,
        "z": 17
      },
      {
        "accessed_at": "2026-10-09T16:57:04.838929Z",
        "byte_count": 21654,
        "content_type": "image/jpeg",
        "sha256": "824ab8166d2fe0b946156ab7a7987b6642a9b0da1c0fce80007c5d75f179c512",
        "url": "https://wmts.nlsc.gov.tw/wmts/PHOTO2/default/GoogleMapsCompatible/17/56244/109877",
        "x": 109877,
        "y": 56244,
        "z": 17
      },
      {
        "accessed_at": "2026-10-09T16:57:05.167660Z",
        "byte_count": 20993,
        "content_type": "image/jpeg",
        "sha256": "476819b9845e488821053f32f7b68d3fd427b1fd924e9700e5f53d56359bb783",
        "url": "https://wmts.nlsc.gov.tw/wmts/PHOTO2/default/GoogleMapsCompatible/17/56244/109878",
        "x": 109878,
        "y": 56244,
        "z": 17
      },
      {
        "accessed_at": "2026-10-09T16:57:05.494114Z",
        "byte_count": 20572,
        "content_type": "image/jpeg",
        "sha256": "434304e0a1b4652933d58e68b95da3bf9dbb5beeed143d8cceb3f288e7d7ee9e",
        "url": "https://wmts.nlsc.gov.tw/wmts/PHOTO2/default/GoogleMapsCompatible/17/56244/109879",
        "x": 109879,
        "y": 56244,
        "z": 17
      },
      {
        "accessed_at": "2026-10-09T16:57:05.881912Z",
        "byte_count": 20060,
        "content_type": "image/jpeg",
        "sha256": "8db4234a17f92adb27a3769cd18b5701f499d2a80dedf5cdb3ae39eb4ee06578",
        "url": "https://wmts.nlsc.gov.tw/wmts/PHOTO2/default/GoogleMapsCompatible/17/56244/109880",
        "x": 109880,
        "y": 56244,
        "z": 17
      },
      {
        "accessed_at": "2026-10-09T16:57:06.171858Z",
        "byte_count": 23285,
        "content_type": "image/jpeg",
        "sha256": "560c794389d005ed79746c5af2af354616164f9cc9b2960e55aa3b5a661d1396",
        "url": "https://wmts.nlsc.gov.tw/wmts/PHOTO2/default/GoogleMapsCompatible/17/56244/109881",
        "x": 109881,
        "y": 56244,
        "z": 17
      },
      {
        "accessed_at": "2026-10-09T16:57:06.490394Z",
        "byte_count": 22532,
        "content_type": "image/jpeg",
        "sha256": "58d6eb7c9cdeb36e70cc79fae44f27f63396a54bde7af18557da2b6a70356ad9",
        "url": "https://wmts.nlsc.gov.tw/wmts/PHOTO2/default/GoogleMapsCompatible/17/56244/109882",
        "x": 109882,
        "y": 56244,
        "z": 17
      },
      {
        "accessed_at": "2026-10-09T16:57:06.810745Z",
        "byte_count": 22791,
        "content_type": "image/jpeg",
        "sha256": "a7ba933a5294e516089525cedbf9cf44f9d227dfcec2e1d599584f41cfa93e2f",
        "url": "https://wmts.nlsc.gov.tw/wmts/PHOTO2/default/GoogleMapsCompatible/17/56244/109883",
        "x": 109883,
        "y": 56244,
        "z": 17
      },
      {
        "accessed_at": "2026-10-09T16:57:07.180503Z",
        "byte_count": 18178,
        "content_type": "image/jpeg",
        "sha256": "3dc08a36e0ce5427f34c395459b025acbb53a4d92e54a5747dac2da1799efb76",
        "url": "https://wmts.nlsc.gov.tw/wmts/PHOTO2/default/GoogleMapsCompatible/17/56244/109884",
        "x": 109884,
        "y": 56244,
        "z": 17
      },
      {
        "accessed_at": "2026-10-09T16:57:07.478377Z",
        "byte_count": 19018,
        "content_type": "image/jpeg",
        "sha256": "2e4ec5bbb03b3af7b979281b6918a1b521a6457c45dba2617b8d7803ff92f3d4",
        "url": "https://wmts.nlsc.gov.tw/wmts/PHOTO2/default/GoogleMapsCompatible/17/56244/109885",
        "x": 109885,
        "y": 56244,
        "z": 17
      },
      {
        "accessed_at": "2026-10-09T16:57:07.830032Z",
        "byte_count": 14637,
        "content_type": "image/jpeg",
        "sha256": "d352df3f7e5c7faa06361c0d453264e8d30a40ff9cf1178692c0ea25f0d03558",
        "url": "https://wmts.nlsc.gov.tw/wmts/PHOTO2/default/GoogleMapsCompatible/17/56244/109886",
        "x": 109886,
        "y": 56244,
        "z": 17
      },
      {
        "accessed_at": "2026-10-09T16:57:08.170984Z",
        "byte_count": 11805,
        "content_type": "image/jpeg",
        "sha256": "06c08ff9ecd01a00060a2da6617d75aa2d24b0f2c89ac715ad6c97402fe22348",
        "url": "https://wmts.nlsc.gov.tw/wmts/PHOTO2/default/GoogleMapsCompatible/17/56244/109887",
        "x": 109887,
        "y": 56244,
        "z": 17
      },
      {
        "accessed_at": "2026-10-09T16:57:08.490688Z",
        "byte_count": 15136,
        "content_type": "image/jpeg",
        "sha256": "a582b9e2732fe1ee88db903fcb6d0c6f258eb0bbbb65aa891fb0248f0d49894a",
        "url": "https://wmts.nlsc.gov.tw/wmts/PHOTO2/default/GoogleMapsCompatible/17/56244/109888",
        "x": 109888,
        "y": 56244,
        "z": 17
      },
      {
        "accessed_at": "2026-10-09T16:57:08.850843Z",
        "byte_count": 16246,
        "content_type": "image/jpeg",
        "sha256": "1c9fcc56abfeeb2f280991968ccc4f3f276d4d213d050de361b1e4c6ab7be2d4",
        "url": "https://wmts.nlsc.gov.tw/wmts/PHOTO2/default/GoogleMapsCompatible/17/56244/109889",
        "x": 109889,
        "y": 56244,
        "z": 17
      },
      {
        "accessed_at": "2026-10-09T16:57:09.149180Z",
        "byte_count": 15999,
        "content_type": "image/jpeg",
        "sha256": "585d4bfb0a087939fb05839cff9fb853c0f00aa900496a66721df67b1973dc47",
        "url": "https://wmts.nlsc.gov.tw/wmts/PHOTO2/default/GoogleMapsCompatible/17/56244/109890",
        "x": 109890,
        "y": 56244,
        "z": 17
      },
      {
        "accessed_at": "2026-10-09T16:57:09.501432Z",
        "byte_count": 13544,
        "content_type": "image/jpeg",
        "sha256": "df04508135c1f25fa7b96faeda70e004ebd16610a9fd2003db1da76f3548c328",
        "url": "https://wmts.nlsc.gov.tw/wmts/PHOTO2/default/GoogleMapsCompatible/17/56244/109891",
        "x": 109891,
        "y": 56244,
        "z": 17
      },
      {
        "accessed_at": "2026-10-09T16:57:09.845285Z",
        "byte_count": 15895,
        "content_type": "image/jpeg",
        "sha256": "7da0ad7f34b71b1ff71638d150d1f30abff656a30082666b5cd540560a481019",
        "url": "https://wmts.nlsc.gov.tw/wmts/PHOTO2/default/GoogleMapsCompatible/17/56244/109892",
        "x": 109892,
        "y": 56244,
        "z": 17
      },
      {
        "accessed_at": "2026-10-09T16:57:10.185826Z",
        "byte_count": 12152,
        "content_type": "image/jpeg",
        "sha256": "7861dbc0473965c4da0a114bc1bad542025d888a4ef0418d69f8b5be6363d3de",
        "url": "https://wmts.nlsc.gov.tw/wmts/PHOTO2/default/GoogleMapsCompatible/17/56244/109893",
        "x": 109893,
        "y": 56244,
        "z": 17
      },
      {
        "accessed_at": "2026-10-09T16:57:10.472157Z",
        "byte_count": 13120,
        "content_type": "image/jpeg",
        "sha256": "6dd80c97dcbb54e84086d68c56f06229c4cbb9b3c0560b49d3b11e3ee521e1e9",
        "url": "https://wmts.nlsc.gov.tw/wmts/PHOTO2/default/GoogleMapsCompatible/17/56244/109894",
        "x": 109894,
        "y": 56244,
        "z": 17
      },
      {
        "accessed_at": "2026-10-09T16:57:10.844650Z",
        "byte_count": 18221,
        "content_type": "image/jpeg",
        "sha256": "3fe861c142e50505de80978c71642558b2bee656c1e0c8796916a8ab93ac5787",
        "url": "https://wmts.nlsc.gov.tw/wmts/PHOTO2/default/GoogleMapsCompatible/17/56244/109895",
        "x": 109895,
        "y": 56244,
        "z": 17
      },
      {
        "accessed_at": "2026-10-09T16:57:11.148657Z",
        "byte_count": 15996,
        "content_type": "image/jpeg",
        "sha256": "59380c782ae9635a26d9d25299b4b8e1787dfb9c95a766c55256033543fba6e9",
        "url": "https://wmts.nlsc.gov.tw/wmts/PHOTO2/default/GoogleMapsCompatible/17/56244/109896",
        "x": 109896,
        "y": 56244,
        "z": 17
      },
      {
        "accessed_at": "2026-10-09T16:57:11.514734Z",
        "byte_count": 22248,
        "content_type": "image/jpeg",
        "sha256": "4c8cd0507511ed0b26ceeb884df9fbada6f038f1980a5ce60e5de64676deefc2",
        "url": "https://wmts.nlsc.gov.tw/wmts/PHOTO2/default/GoogleMapsCompatible/17/56244/109897",
        "x": 109897,
        "y": 56244,
        "z": 17
      },
      {
        "accessed_at": "2026-10-09T16:57:11.845236Z",
        "byte_count": 25339,
        "content_type": "image/jpeg",
        "sha256": "de8da3d0a0fea822f66722758217b3c136e0ed3df7f48f1982e6c8d052429d06",
        "url": "https://wmts.nlsc.gov.tw/wmts/PHOTO2/default/GoogleMapsCompatible/17/56244/109898",
        "x": 109898,
        "y": 56244,
        "z": 17
      },
      {
        "accessed_at": "2026-10-09T16:57:12.219945Z",
        "byte_count": 21619,
        "content_type": "image/jpeg",
        "sha256": "e4954a43466cbf7ded1c9be69defaeab5af16b30037c0d57f13f3cb8768063b4",
        "url": "https://wmts.nlsc.gov.tw/wmts/PHOTO2/default/GoogleMapsCompatible/17/56245/109876",
        "x": 109876,
        "y": 56245,
        "z": 17
      },
      {
        "accessed_at": "2026-10-09T16:57:12.503304Z",
        "byte_count": 20681,
        "content_type": "image/jpeg",
        "sha256": "dba46e560006ba32c22c99676ce3281e5d01083826f2c8afbb3c61c3e55aded0",
        "url": "https://wmts.nlsc.gov.tw/wmts/PHOTO2/default/GoogleMapsCompatible/17/56245/109877",
        "x": 109877,
        "y": 56245,
        "z": 17
      },
      {
        "accessed_at": "2026-10-09T16:57:12.841634Z",
        "byte_count": 23580,
        "content_type": "image/jpeg",
        "sha256": "519479cad3ad339d2e1be232dabf5c1251e862d000c226276202ae122d299456",
        "url": "https://wmts.nlsc.gov.tw/wmts/PHOTO2/default/GoogleMapsCompatible/17/56245/109878",
        "x": 109878,
        "y": 56245,
        "z": 17
      },
      {
        "accessed_at": "2026-10-09T16:57:13.162845Z",
        "byte_count": 18014,
        "content_type": "image/jpeg",
        "sha256": "e4c3129f12b0235c8bed4df33a38167c3fdebad7a7ac71a36b9bf856250cd1d6",
        "url": "https://wmts.nlsc.gov.tw/wmts/PHOTO2/default/GoogleMapsCompatible/17/56245/109879",
        "x": 109879,
        "y": 56245,
        "z": 17
      },
      {
        "accessed_at": "2026-10-09T16:57:13.500982Z",
        "byte_count": 19765,
        "content_type": "image/jpeg",
        "sha256": "5022a0582c3e7ef2d892b5680f60a579f0d698fea8d5eca33c843f5a36abeddc",
        "url": "https://wmts.nlsc.gov.tw/wmts/PHOTO2/default/GoogleMapsCompatible/17/56245/109880",
        "x": 109880,
        "y": 56245,
        "z": 17
      },
      {
        "accessed_at": "2026-10-09T16:57:13.829172Z",
        "byte_count": 19193,
        "content_type": "image/jpeg",
        "sha256": "261823bc63d3aac5db61c911b96c5c6a01c365ef30fc9308acf2d969e79754fb",
        "url": "https://wmts.nlsc.gov.tw/wmts/PHOTO2/default/GoogleMapsCompatible/17/56245/109881",
        "x": 109881,
        "y": 56245,
        "z": 17
      },
      {
        "accessed_at": "2026-10-09T16:57:14.195891Z",
        "byte_count": 19123,
        "content_type": "image/jpeg",
        "sha256": "5d955bb20a64cbac68d3e598d1359355e13210d67460a4995a4fb1d034ac65f8",
        "url": "https://wmts.nlsc.gov.tw/wmts/PHOTO2/default/GoogleMapsCompatible/17/56245/109882",
        "x": 109882,
        "y": 56245,
        "z": 17
      },
      {
        "accessed_at": "2026-10-09T16:57:14.488188Z",
        "byte_count": 20845,
        "content_type": "image/jpeg",
        "sha256": "4ed5a66aef1ea91a51b14a66cc2b9ea416c656ae6b74df9f86f83dcefc96e008",
        "url": "https://wmts.nlsc.gov.tw/wmts/PHOTO2/default/GoogleMapsCompatible/17/56245/109883",
        "x": 109883,
        "y": 56245,
        "z": 17
      },
      {
        "accessed_at": "2026-10-09T16:57:14.852090Z",
        "byte_count": 21731,
        "content_type": "image/jpeg",
        "sha256": "9a41e07544ad6fc0eddf1d33b7e730da7e9e1dff37b3056a835c41add0a82166",
        "url": "https://wmts.nlsc.gov.tw/wmts/PHOTO2/default/GoogleMapsCompatible/17/56245/109884",
        "x": 109884,
        "y": 56245,
        "z": 17
      },
      {
        "accessed_at": "2026-10-09T16:57:15.174393Z",
        "byte_count": 16000,
        "content_type": "image/jpeg",
        "sha256": "a8fe870273020a4d4dfca758776747d432d92f6a93dccae9b6d1cda89b8f9657",
        "url": "https://wmts.nlsc.gov.tw/wmts/PHOTO2/default/GoogleMapsCompatible/17/56245/109885",
        "x": 109885,
        "y": 56245,
        "z": 17
      },
      {
        "accessed_at": "2026-10-09T16:57:15.482995Z",
        "byte_count": 13113,
        "content_type": "image/jpeg",
        "sha256": "fd44a233d9bb644d7db56a047bbf3dcecd0ff5c6ac3165e0d36b34ec0f7772a9",
        "url": "https://wmts.nlsc.gov.tw/wmts/PHOTO2/default/GoogleMapsCompatible/17/56245/109886",
        "x": 109886,
        "y": 56245,
        "z": 17
      },
      {
        "accessed_at": "2026-10-09T16:57:15.826790Z",
        "byte_count": 11680,
        "content_type": "image/jpeg",
        "sha256": "54b03823a4dc31fa74d8c395ce6e43fcc408242769070e994cf39a2b5da3c356",
        "url": "https://wmts.nlsc.gov.tw/wmts/PHOTO2/default/GoogleMapsCompatible/17/56245/109887",
        "x": 109887,
        "y": 56245,
        "z": 17
      },
      {
        "accessed_at": "2026-10-09T16:57:16.179931Z",
        "byte_count": 13825,
        "content_type": "image/jpeg",
        "sha256": "eb1ded469ce7a3bd677f0d46ef59a4a093e572d601a00c775bb5794d771580ef",
        "url": "https://wmts.nlsc.gov.tw/wmts/PHOTO2/default/GoogleMapsCompatible/17/56245/109888",
        "x": 109888,
        "y": 56245,
        "z": 17
      },
      {
        "accessed_at": "2026-10-09T16:57:16.495301Z",
        "byte_count": 17907,
        "content_type": "image/jpeg",
        "sha256": "799a9ae245759abdf32a281d284c3c44e79c3c67e06a780db0da38a532a3729d",
        "url": "https://wmts.nlsc.gov.tw/wmts/PHOTO2/default/GoogleMapsCompatible/17/56245/109889",
        "x": 109889,
        "y": 56245,
        "z": 17
      },
      {
        "accessed_at": "2026-10-09T16:57:16.810883Z",
        "byte_count": 10336,
        "content_type": "image/jpeg",
        "sha256": "ed5cbbb892df0e1a1058a14a18e4556104dc158fdd70e10a1f203a3e784bff44",
        "url": "https://wmts.nlsc.gov.tw/wmts/PHOTO2/default/GoogleMapsCompatible/17/56245/109890",
        "x": 109890,
        "y": 56245,
        "z": 17
      },
      {
        "accessed_at": "2026-10-09T16:57:17.167629Z",
        "byte_count": 6738,
        "content_type": "image/jpeg",
        "sha256": "6bf6920c056e31e3f8f41bd8bf87abce5b6849440a0282871552a270103b4a1f",
        "url": "https://wmts.nlsc.gov.tw/wmts/PHOTO2/default/GoogleMapsCompatible/17/56245/109891",
        "x": 109891,
        "y": 56245,
        "z": 17
      },
      {
        "accessed_at": "2026-10-09T16:57:17.500806Z",
        "byte_count": 5161,
        "content_type": "image/jpeg",
        "sha256": "6e5192b9d1343acf26e34ec66a2874a9069d9b9f62d504f257f7b86a78bac076",
        "url": "https://wmts.nlsc.gov.tw/wmts/PHOTO2/default/GoogleMapsCompatible/17/56245/109892",
        "x": 109892,
        "y": 56245,
        "z": 17
      },
      {
        "accessed_at": "2026-10-09T16:57:17.806468Z",
        "byte_count": 6031,
        "content_type": "image/jpeg",
        "sha256": "fcf07a13a659b624d1cc8d3643bb7033436b4fe9ffb47b9c90582e471ab96fee",
        "url": "https://wmts.nlsc.gov.tw/wmts/PHOTO2/default/GoogleMapsCompatible/17/56245/109893",
        "x": 109893,
        "y": 56245,
        "z": 17
      },
      {
        "accessed_at": "2026-10-09T16:57:18.158121Z",
        "byte_count": 8385,
        "content_type": "image/jpeg",
        "sha256": "5c9b4ab8c84a39008f3cf8c2b07c26226da63c3d6ce9378cdfe0828b3e045131",
        "url": "https://wmts.nlsc.gov.tw/wmts/PHOTO2/default/GoogleMapsCompatible/17/56245/109894",
        "x": 109894,
        "y": 56245,
        "z": 17
      },
      {
        "accessed_at": "2026-10-09T16:57:18.487295Z",
        "byte_count": 16949,
        "content_type": "image/jpeg",
        "sha256": "25b00c392aedc7ce5278db72c2aede062c7fdd9032f627e9a51e09c69c230687",
        "url": "https://wmts.nlsc.gov.tw/wmts/PHOTO2/default/GoogleMapsCompatible/17/56245/109895",
        "x": 109895,
        "y": 56245,
        "z": 17
      },
      {
        "accessed_at": "2026-10-09T16:57:18.837064Z",
        "byte_count": 25164,
        "content_type": "image/jpeg",
        "sha256": "3352a40b4eca055e5e5852e5cefe053055089866cc65a213c41de3dbb3a00181",
        "url": "https://wmts.nlsc.gov.tw/wmts/PHOTO2/default/GoogleMapsCompatible/17/56245/109896",
        "x": 109896,
        "y": 56245,
        "z": 17
      },
      {
        "accessed_at": "2026-10-09T16:57:19.197354Z",
        "byte_count": 32593,
        "content_type": "image/jpeg",
        "sha256": "fb1825f33ba2c16dc07234e32969daf3e10389fe25dd1a06e2d3824631c4c0cb",
        "url": "https://wmts.nlsc.gov.tw/wmts/PHOTO2/default/GoogleMapsCompatible/17/56245/109897",
        "x": 109897,
        "y": 56245,
        "z": 17
      },
      {
        "accessed_at": "2026-10-09T16:57:19.520364Z",
        "byte_count": 33365,
        "content_type": "image/jpeg",
        "sha256": "7a6f8c673a7e23354e78f2f1a271e0b380ef932f77c9f521a43cef3471ae7433",
        "url": "https://wmts.nlsc.gov.tw/wmts/PHOTO2/default/GoogleMapsCompatible/17/56245/109898",
        "x": 109898,
        "y": 56245,
        "z": 17
      },
      {
        "accessed_at": "2026-10-09T16:57:19.839163Z",
        "byte_count": 15782,
        "content_type": "image/jpeg",
        "sha256": "220c30093dad5af901cfa20116d324d855d92d461f3a0ae232bc2fbde09280a1",
        "url": "https://wmts.nlsc.gov.tw/wmts/PHOTO2/default/GoogleMapsCompatible/17/56246/109876",
        "x": 109876,
        "y": 56246,
        "z": 17
      },
      {
        "accessed_at": "2026-10-09T16:57:20.168367Z",
        "byte_count": 15128,
        "content_type": "image/jpeg",
        "sha256": "2a70256b6245e43d8e2ca4fe48ad1a179e0d7c5450750b86290f7710ae6f5843",
        "url": "https://wmts.nlsc.gov.tw/wmts/PHOTO2/default/GoogleMapsCompatible/17/56246/109877",
        "x": 109877,
        "y": 56246,
        "z": 17
      },
      {
        "accessed_at": "2026-10-09T16:57:20.524267Z",
        "byte_count": 21939,
        "content_type": "image/jpeg",
        "sha256": "9b30c5d9070d1f8de8deaad32547d1f4a6b2e6ffc3046f4d4b8426ee9f08032e",
        "url": "https://wmts.nlsc.gov.tw/wmts/PHOTO2/default/GoogleMapsCompatible/17/56246/109878",
        "x": 109878,
        "y": 56246,
        "z": 17
      },
      {
        "accessed_at": "2026-10-09T16:57:20.889940Z",
        "byte_count": 19163,
        "content_type": "image/jpeg",
        "sha256": "ea3fec0eed04118193072bf594870376391344521c6c19b1d66b30206600aafd",
        "url": "https://wmts.nlsc.gov.tw/wmts/PHOTO2/default/GoogleMapsCompatible/17/56246/109879",
        "x": 109879,
        "y": 56246,
        "z": 17
      },
      {
        "accessed_at": "2026-10-09T16:57:21.184114Z",
        "byte_count": 20411,
        "content_type": "image/jpeg",
        "sha256": "6bfacafa2227a6337adc349381f72e3eb0d6af22ca0f2a70858f0e597164a258",
        "url": "https://wmts.nlsc.gov.tw/wmts/PHOTO2/default/GoogleMapsCompatible/17/56246/109880",
        "x": 109880,
        "y": 56246,
        "z": 17
      },
      {
        "accessed_at": "2026-10-09T16:57:21.501184Z",
        "byte_count": 22264,
        "content_type": "image/jpeg",
        "sha256": "054cd78c3962b0834fbdd85370c8d73e2cc18ad2c18b10cd26fff5d17acc121d",
        "url": "https://wmts.nlsc.gov.tw/wmts/PHOTO2/default/GoogleMapsCompatible/17/56246/109881",
        "x": 109881,
        "y": 56246,
        "z": 17
      },
      {
        "accessed_at": "2026-10-09T16:57:21.829738Z",
        "byte_count": 21398,
        "content_type": "image/jpeg",
        "sha256": "9b1461cb79c9b0d552df8dfdf92dc879f7fb5edc7b7ac9401c9e75c503c90b00",
        "url": "https://wmts.nlsc.gov.tw/wmts/PHOTO2/default/GoogleMapsCompatible/17/56246/109882",
        "x": 109882,
        "y": 56246,
        "z": 17
      },
      {
        "accessed_at": "2026-10-09T16:57:22.155087Z",
        "byte_count": 21896,
        "content_type": "image/jpeg",
        "sha256": "927052ae5ad2600e3a35a2f8bdfa62a1142aa9173af4d58f3765cb329f24a054",
        "url": "https://wmts.nlsc.gov.tw/wmts/PHOTO2/default/GoogleMapsCompatible/17/56246/109883",
        "x": 109883,
        "y": 56246,
        "z": 17
      },
      {
        "accessed_at": "2026-10-09T16:57:22.495744Z",
        "byte_count": 21107,
        "content_type": "image/jpeg",
        "sha256": "63dd2897d9b0fbbee00058e07877d512bcea28f2d70637eaa61b0195e6a78a0c",
        "url": "https://wmts.nlsc.gov.tw/wmts/PHOTO2/default/GoogleMapsCompatible/17/56246/109884",
        "x": 109884,
        "y": 56246,
        "z": 17
      },
      {
        "accessed_at": "2026-10-09T16:57:22.851596Z",
        "byte_count": 23307,
        "content_type": "image/jpeg",
        "sha256": "e4e8be0e79faf105347992d5992daa0707986edd0411bda3d5d33db6cdc0185a",
        "url": "https://wmts.nlsc.gov.tw/wmts/PHOTO2/default/GoogleMapsCompatible/17/56246/109885",
        "x": 109885,
        "y": 56246,
        "z": 17
      },
      {
        "accessed_at": "2026-10-09T16:57:23.160578Z",
        "byte_count": 23467,
        "content_type": "image/jpeg",
        "sha256": "4f349bf812312d6a004c1d748e7a6febfa75342601a9d3d967078526e9c2696c",
        "url": "https://wmts.nlsc.gov.tw/wmts/PHOTO2/default/GoogleMapsCompatible/17/56246/109886",
        "x": 109886,
        "y": 56246,
        "z": 17
      },
      {
        "accessed_at": "2026-10-09T16:57:23.514655Z",
        "byte_count": 20069,
        "content_type": "image/jpeg",
        "sha256": "e26b569d208a95e90e5a6cdf66ed5138404441f6f533ef2447606d0b35475658",
        "url": "https://wmts.nlsc.gov.tw/wmts/PHOTO2/default/GoogleMapsCompatible/17/56246/109887",
        "x": 109887,
        "y": 56246,
        "z": 17
      },
      {
        "accessed_at": "2026-10-09T16:57:23.840097Z",
        "byte_count": 21753,
        "content_type": "image/jpeg",
        "sha256": "5cdbf02099df490879b5742971b86c7ad2a8798b94a33a6654e7a708d4d03926",
        "url": "https://wmts.nlsc.gov.tw/wmts/PHOTO2/default/GoogleMapsCompatible/17/56246/109888",
        "x": 109888,
        "y": 56246,
        "z": 17
      },
      {
        "accessed_at": "2026-10-09T16:57:24.185837Z",
        "byte_count": 21708,
        "content_type": "image/jpeg",
        "sha256": "23a99eee925b2ff77d137a8b3803fa275a6014ac369bb20adc3dbd834ba15ff5",
        "url": "https://wmts.nlsc.gov.tw/wmts/PHOTO2/default/GoogleMapsCompatible/17/56246/109889",
        "x": 109889,
        "y": 56246,
        "z": 17
      },
      {
        "accessed_at": "2026-10-09T16:57:24.499393Z",
        "byte_count": 16321,
        "content_type": "image/jpeg",
        "sha256": "49f96933c21bb894775b4c38a3d8f9de7cefaff8877e8a70f5f66a5bc12eaa08",
        "url": "https://wmts.nlsc.gov.tw/wmts/PHOTO2/default/GoogleMapsCompatible/17/56246/109890",
        "x": 109890,
        "y": 56246,
        "z": 17
      },
      {
        "accessed_at": "2026-10-09T16:57:24.850427Z",
        "byte_count": 16851,
        "content_type": "image/jpeg",
        "sha256": "ad755233fb2165c8cda1db0d582c0545506f5c17814b070d9d95bac72645e4dd",
        "url": "https://wmts.nlsc.gov.tw/wmts/PHOTO2/default/GoogleMapsCompatible/17/56246/109891",
        "x": 109891,
        "y": 56246,
        "z": 17
      },
      {
        "accessed_at": "2026-10-09T16:57:25.166426Z",
        "byte_count": 17081,
        "content_type": "image/jpeg",
        "sha256": "27425c46754644989dbe92531067dfb009c281f0f8cba13583a462b73e297e24",
        "url": "https://wmts.nlsc.gov.tw/wmts/PHOTO2/default/GoogleMapsCompatible/17/56246/109892",
        "x": 109892,
        "y": 56246,
        "z": 17
      },
      {
        "accessed_at": "2026-10-09T16:57:25.584144Z",
        "byte_count": 16918,
        "content_type": "image/jpeg",
        "sha256": "c2d78df49094aba206b6943df761ea404de5d6e771812571de7cccdbe2b34590",
        "url": "https://wmts.nlsc.gov.tw/wmts/PHOTO2/default/GoogleMapsCompatible/17/56246/109893",
        "x": 109893,
        "y": 56246,
        "z": 17
      },
      {
        "accessed_at": "2026-10-09T16:57:25.844787Z",
        "byte_count": 12428,
        "content_type": "image/jpeg",
        "sha256": "ecfc3ab3985e4d8d3a4a7203701c5c1ff549d1c7493a7700f8e88cfb2359ef56",
        "url": "https://wmts.nlsc.gov.tw/wmts/PHOTO2/default/GoogleMapsCompatible/17/56246/109894",
        "x": 109894,
        "y": 56246,
        "z": 17
      },
      {
        "accessed_at": "2026-10-09T16:57:26.187763Z",
        "byte_count": 18591,
        "content_type": "image/jpeg",
        "sha256": "f44ef600a729689680ee8ed8e344b8179db076eebc0db7413f523b52ece1e828",
        "url": "https://wmts.nlsc.gov.tw/wmts/PHOTO2/default/GoogleMapsCompatible/17/56246/109895",
        "x": 109895,
        "y": 56246,
        "z": 17
      },
      {
        "accessed_at": "2026-10-09T16:57:26.500319Z",
        "byte_count": 23105,
        "content_type": "image/jpeg",
        "sha256": "8f981a0f4b0dd85c93badd6fad3def19c8d2116cb6ce7a5c15e113209ec45812",
        "url": "https://wmts.nlsc.gov.tw/wmts/PHOTO2/default/GoogleMapsCompatible/17/56246/109896",
        "x": 109896,
        "y": 56246,
        "z": 17
      },
      {
        "accessed_at": "2026-10-09T16:57:26.861922Z",
        "byte_count": 34895,
        "content_type": "image/jpeg",
        "sha256": "e6f191f30dd16adf2edc9c416125b3cdf0ef52cd8e4ca11f5fe0731fdc57f714",
        "url": "https://wmts.nlsc.gov.tw/wmts/PHOTO2/default/GoogleMapsCompatible/17/56246/109897",
        "x": 109897,
        "y": 56246,
        "z": 17
      },
      {
        "accessed_at": "2026-10-09T16:57:27.205955Z",
        "byte_count": 37021,
        "content_type": "image/jpeg",
        "sha256": "65930dd2c83f7d176bd701256b10eb691784cf73602fcdc39da06f25c6437771",
        "url": "https://wmts.nlsc.gov.tw/wmts/PHOTO2/default/GoogleMapsCompatible/17/56246/109898",
        "x": 109898,
        "y": 56246,
        "z": 17
      },
      {
        "accessed_at": "2026-10-09T16:57:27.463799Z",
        "byte_count": 10932,
        "content_type": "image/jpeg",
        "sha256": "242d4d1078baad44dcfd5f9182520f1113d3fc33e3a18b573182db67acd320d4",
        "url": "https://wmts.nlsc.gov.tw/wmts/PHOTO2/default/GoogleMapsCompatible/17/56247/109876",
        "x": 109876,
        "y": 56247,
        "z": 17
      },
      {
        "accessed_at": "2026-10-09T16:57:27.814602Z",
        "byte_count": 18165,
        "content_type": "image/jpeg",
        "sha256": "08fd7b084cf7a2f6fbb08b61c1c8559acd7b8afa37309c04cbe823ca907cffb5",
        "url": "https://wmts.nlsc.gov.tw/wmts/PHOTO2/default/GoogleMapsCompatible/17/56247/109877",
        "x": 109877,
        "y": 56247,
        "z": 17
      },
      {
        "accessed_at": "2026-10-09T16:57:28.158913Z",
        "byte_count": 21771,
        "content_type": "image/jpeg",
        "sha256": "72002ea60b6ca9feb41192fa6b9f9c8e9c380f898c9743ca0df568733657e85d",
        "url": "https://wmts.nlsc.gov.tw/wmts/PHOTO2/default/GoogleMapsCompatible/17/56247/109878",
        "x": 109878,
        "y": 56247,
        "z": 17
      },
      {
        "accessed_at": "2026-10-09T16:57:28.508973Z",
        "byte_count": 20703,
        "content_type": "image/jpeg",
        "sha256": "9f20b4bb41577a619d9b1594695b967e7c6bace93740496978779b70d8c62120",
        "url": "https://wmts.nlsc.gov.tw/wmts/PHOTO2/default/GoogleMapsCompatible/17/56247/109879",
        "x": 109879,
        "y": 56247,
        "z": 17
      },
      {
        "accessed_at": "2026-10-09T16:57:28.804567Z",
        "byte_count": 14938,
        "content_type": "image/jpeg",
        "sha256": "f5046f2d9ec33fee03f9606934e99a47cc804aac30eece82c766c91575fc6423",
        "url": "https://wmts.nlsc.gov.tw/wmts/PHOTO2/default/GoogleMapsCompatible/17/56247/109880",
        "x": 109880,
        "y": 56247,
        "z": 17
      },
      {
        "accessed_at": "2026-10-09T16:57:29.166571Z",
        "byte_count": 15159,
        "content_type": "image/jpeg",
        "sha256": "c27673899a3acad35dab4715778621177986a1687e808231f0b59b755f21de30",
        "url": "https://wmts.nlsc.gov.tw/wmts/PHOTO2/default/GoogleMapsCompatible/17/56247/109881",
        "x": 109881,
        "y": 56247,
        "z": 17
      },
      {
        "accessed_at": "2026-10-09T16:57:29.515524Z",
        "byte_count": 17016,
        "content_type": "image/jpeg",
        "sha256": "abed6b1db33998458ec9b6957ce0cfa606fe7709f61d01f00ad9439a4e2096f3",
        "url": "https://wmts.nlsc.gov.tw/wmts/PHOTO2/default/GoogleMapsCompatible/17/56247/109882",
        "x": 109882,
        "y": 56247,
        "z": 17
      },
      {
        "accessed_at": "2026-10-09T16:57:29.829481Z",
        "byte_count": 18241,
        "content_type": "image/jpeg",
        "sha256": "b2f3dc091399adb919157cfd2f9c578ab3cc7593265ddd70801d7bb5e2e2b9ff",
        "url": "https://wmts.nlsc.gov.tw/wmts/PHOTO2/default/GoogleMapsCompatible/17/56247/109883",
        "x": 109883,
        "y": 56247,
        "z": 17
      },
      {
        "accessed_at": "2026-10-09T16:57:30.173026Z",
        "byte_count": 13807,
        "content_type": "image/jpeg",
        "sha256": "325cddfcc1abc0e0851adebd316e12dba7e15043da6fc576ce9b943e484a9d43",
        "url": "https://wmts.nlsc.gov.tw/wmts/PHOTO2/default/GoogleMapsCompatible/17/56247/109884",
        "x": 109884,
        "y": 56247,
        "z": 17
      },
      {
        "accessed_at": "2026-10-09T16:57:30.484535Z",
        "byte_count": 17962,
        "content_type": "image/jpeg",
        "sha256": "1f7c4692d3ac97ca52160c45d7e84fd7ecde5b152a3ef31a650217738af09217",
        "url": "https://wmts.nlsc.gov.tw/wmts/PHOTO2/default/GoogleMapsCompatible/17/56247/109885",
        "x": 109885,
        "y": 56247,
        "z": 17
      },
      {
        "accessed_at": "2026-10-09T16:57:30.839964Z",
        "byte_count": 17004,
        "content_type": "image/jpeg",
        "sha256": "d99fd6e5a77facacf6c867b83b5d0298e1411de3b9807a1d57569f1df25f2173",
        "url": "https://wmts.nlsc.gov.tw/wmts/PHOTO2/default/GoogleMapsCompatible/17/56247/109886",
        "x": 109886,
        "y": 56247,
        "z": 17
      },
      {
        "accessed_at": "2026-10-09T16:57:31.169510Z",
        "byte_count": 23362,
        "content_type": "image/jpeg",
        "sha256": "6e5f5c6a71604ade00700b14f919f2ac379362523d780f670a03ce177266d6df",
        "url": "https://wmts.nlsc.gov.tw/wmts/PHOTO2/default/GoogleMapsCompatible/17/56247/109887",
        "x": 109887,
        "y": 56247,
        "z": 17
      },
      {
        "accessed_at": "2026-10-09T16:57:31.500564Z",
        "byte_count": 25525,
        "content_type": "image/jpeg",
        "sha256": "26ddff35cbc5c8d643053ce5fa12f1f374f4e0a55e2a9ff9679fae7fc48550a1",
        "url": "https://wmts.nlsc.gov.tw/wmts/PHOTO2/default/GoogleMapsCompatible/17/56247/109888",
        "x": 109888,
        "y": 56247,
        "z": 17
      },
      {
        "accessed_at": "2026-10-09T16:57:31.844497Z",
        "byte_count": 25230,
        "content_type": "image/jpeg",
        "sha256": "ed56e2a8cdc4cc5fb421fbfbbb4dfa3a0b3de7ca63e9bbf61e7ea1b876167d7e",
        "url": "https://wmts.nlsc.gov.tw/wmts/PHOTO2/default/GoogleMapsCompatible/17/56247/109889",
        "x": 109889,
        "y": 56247,
        "z": 17
      },
      {
        "accessed_at": "2026-10-09T16:57:32.174608Z",
        "byte_count": 21433,
        "content_type": "image/jpeg",
        "sha256": "21c289977ca2eee50d83b3746e3156226c81fc27fd79513838e90c6764c46a56",
        "url": "https://wmts.nlsc.gov.tw/wmts/PHOTO2/default/GoogleMapsCompatible/17/56247/109890",
        "x": 109890,
        "y": 56247,
        "z": 17
      },
      {
        "accessed_at": "2026-10-09T16:57:32.489324Z",
        "byte_count": 17438,
        "content_type": "image/jpeg",
        "sha256": "21acad39f313bf3579b518d88d76c34db150e679c073a913ed51c0d893ed370b",
        "url": "https://wmts.nlsc.gov.tw/wmts/PHOTO2/default/GoogleMapsCompatible/17/56247/109891",
        "x": 109891,
        "y": 56247,
        "z": 17
      },
      {
        "accessed_at": "2026-10-09T16:57:32.829887Z",
        "byte_count": 15498,
        "content_type": "image/jpeg",
        "sha256": "785b81498ac9382400605e744805742c63832724f812b0411635ba2e9ab718fb",
        "url": "https://wmts.nlsc.gov.tw/wmts/PHOTO2/default/GoogleMapsCompatible/17/56247/109892",
        "x": 109892,
        "y": 56247,
        "z": 17
      },
      {
        "accessed_at": "2026-10-09T16:57:33.139232Z",
        "byte_count": 15299,
        "content_type": "image/jpeg",
        "sha256": "71e7ef41d97b325dc41d5be5b65ec0f91130192803a577b4c7288ca0dbcf76e4",
        "url": "https://wmts.nlsc.gov.tw/wmts/PHOTO2/default/GoogleMapsCompatible/17/56247/109893",
        "x": 109893,
        "y": 56247,
        "z": 17
      },
      {
        "accessed_at": "2026-10-09T16:57:33.493449Z",
        "byte_count": 12719,
        "content_type": "image/jpeg",
        "sha256": "fd525ba362e53e206ca0f3153493070b8c894f4d3453028f45265ded67893be9",
        "url": "https://wmts.nlsc.gov.tw/wmts/PHOTO2/default/GoogleMapsCompatible/17/56247/109894",
        "x": 109894,
        "y": 56247,
        "z": 17
      },
      {
        "accessed_at": "2026-10-09T16:57:33.829370Z",
        "byte_count": 15038,
        "content_type": "image/jpeg",
        "sha256": "f9d06d9d65b16fc891e1fd2c0ba8827af3ed07c97b2c73ced928c8f7947bb101",
        "url": "https://wmts.nlsc.gov.tw/wmts/PHOTO2/default/GoogleMapsCompatible/17/56247/109895",
        "x": 109895,
        "y": 56247,
        "z": 17
      },
      {
        "accessed_at": "2026-10-09T16:57:34.160534Z",
        "byte_count": 13113,
        "content_type": "image/jpeg",
        "sha256": "1db4ee98a6c9484bf22a7501f8cad86d2d3bc9ff0295add5b4d199a27d1f329e",
        "url": "https://wmts.nlsc.gov.tw/wmts/PHOTO2/default/GoogleMapsCompatible/17/56247/109896",
        "x": 109896,
        "y": 56247,
        "z": 17
      },
      {
        "accessed_at": "2026-10-09T16:57:34.508795Z",
        "byte_count": 29378,
        "content_type": "image/jpeg",
        "sha256": "5ec8f4ab43b17cb52e92ba623c768b7d6d86cada4884aab5b690027fdb926a55",
        "url": "https://wmts.nlsc.gov.tw/wmts/PHOTO2/default/GoogleMapsCompatible/17/56247/109897",
        "x": 109897,
        "y": 56247,
        "z": 17
      },
      {
        "accessed_at": "2026-10-09T16:57:35.009502Z",
        "byte_count": 36393,
        "content_type": "image/jpeg",
        "sha256": "ef1b4382e0acdf585959aa2b1f10dfba9514fc0a6bad3103046a439a43bd9b9a",
        "url": "https://wmts.nlsc.gov.tw/wmts/PHOTO2/default/GoogleMapsCompatible/17/56247/109898",
        "x": 109898,
        "y": 56247,
        "z": 17
      }
    ],
    "thresholds": {
      "authored_buffer_m": 15,
      "confidence": 0.25,
      "duplicate_containment": 0.8,
      "duplicate_iou": 0.5,
      "inset_m": 0.55,
      "mask": 0.5,
      "maximum_area_m2": 45000,
      "minimum_area_m2": 180,
      "minimum_rectangularity": 0.38,
      "minimum_retained_fraction_after_exclusions": 0.55,
      "minimum_width_m": 7,
      "osm_water_buffer_m": 1,
      "rounding_clearance_m": 0.01,
      "simplify_m": 1.1,
      "stride_px": 768,
      "water_colour_fraction": 0.45,
      "window_px": 1024
    },
    "tile_count": 736,
    "zoom": 17
  },
  "name": "Yilan context fishponds — simulated AI-derived outlines",
  "type": "FeatureCollection"
}
